|,aba,اب
|,aba-aba,اب٢
|,aba-daba,ابا ـ داب
|,abad,ابد
|,ab‘ad (jauh),ابعد
|,ab‘ad (sunat),ابعاض
|,abadi,ابادي
|,abadiah,ابدية
|,abadiat,ابدية
|,abah,ابه
|,abah-abah,ابه٢
|,abai,اباي
|,abaian,اباين
|,abaimana,ابايمان
|,abaka,اباک
|,abal,ابل
|,abalone,ابالوني
|,abang,ابڠ
|,abangan,ابڠن
|,abar,ابر
|,abar-abar,ابر٢
|,abas,ابس
|,abat,ابت
|,abau,اباو
|,abdal,ابدال
|,abdas,ابدس
|,abdi,عبدي
|,abdikasi,ابديکاسي
|,abdomen,ابدومن
|,abese,ابيسي
|,abet,ابت
|,abentara,ابنتارا
|,abi,ابي
|,abiad,ابيض
|,abid,عابدآ عبيد
|,abidin,عابدين
|,abilah,ابيله
|,abintara (bentara),ابينتارا
|,abiogenesis,ابيوݢينسيس
|,abjad,ابجد
|,ablasi,ابلاسي
|,abnormal,ابنورمل
|,abnus,ابنوس
|,aboi,ابوي
|,abon,ابون
|,abonemen,ابونمين
|,abrak,ابرق
|,abrar,ابرار
|,abras,ابرص
|,absah,ابسه
|,abses,ابسيس
|,absolusi,ابسولوسي
|,absolutisme,ابسولوتيسمى
|,abstrak,ابسترک
|,abstraksi,ابسترکسي
|,absurd,ابسورد
|,absurdisme,ابسورديسمى
|,abtar,ابتر
|,abu,ابو
|,abu-abu,ابو٢
|,abu-abuan,ابو ـ ابوان
|,abuh,ابوه
|,abuk,ابوق
|,abuk-abuk,ابوق٢
|,abun,ابون
|,abun-abun,ابون٢
|,abung,ابوڠ
|,abur,ابور
|,abus,ابوس
|,abut,ابوت
|,abuya,ابوي
|,abvolt,ابۏولت
|,abyad (abiad),ابيض
|,acah,اچه
|,acahan,اچهن
|,acak,اچق
|,acak-acak,اچق٢
|,acak-acakan,اچق ـ اچقن
|,acan,اچن
|,acang,اچڠ
|,acang-acang,اچڠ٢
|,acap,اچڤ
|,acap-acap,اچڤ٢
|,acar,اچر
|,acara,اچارا
|,acaram,اچارم
|,acat,اچت
|,acau,اچاو
|,aci,اچي
|,aci-aci,اچي٢
|,aci-acian,اچي ـ اچين
|,acih,اچيه
|,acik,اچيق
|,acita,اچيتا
|,aco,اچو
|,acu,اچو
|,acuan,اچوان
|,acukan,اچوکن
|,acuh,اچوه
|,acuhan,اچوهن
|,acuk,اچوق
|,acum,اچوم
|,acuman,اچومن
|,acung,اچوڠ
|,acup,اچوڤ
|,ada,اد
|,ada-ada,اد٢
|,ada-berada,ادا ـ براد
|,adakah,اداکه
|,adakan,اداکن
|,adalah,اداله
|,adapun,اداڤون
|,adab,ادب
|,adad,عدد
|,adagio,اداݢيو
|,adai,اداي
|,adai-badai,اداي ـ باداي
|,adak,ادق
|,adakala,اداکالا
|,adalat,عدالة
|,adan (syurga),عدن
|,adan (penyekat),ادن
|,adang,ادڠ
|,adang-adang,ادڠ٢
|,adap,ادڤ
|,adap-adapan,ادڤ ـ ادڤن
|,adaptasi,ادڤتاسي
|,adar,ادر
|,adas,عدس
|,adat,عادت
|,adawat,عداوة
|,addin,عدين
|,adegan,اديݢن
|,adem,ادم
|,adhesi,ادهيسي
|,ad hoc,ادهوک
|,adi,ادي
|,adi-beradi,ادي ـ برادي
|,adiabatik,ادياباتيک
|,adib,اديب
|,adicita,اديچيتا
|,adik,اديق
|,adik-beradik,اديق ـ براديق
|,adikara,اديکارا
|,adikarya,اديکريا
|,adikong,اديکوڠ
|,adikuasa,اديکواس
|,adikudrati,اديقدرتي
|,adil,عاديل
|,adinda,اديندا
|,ading,اديڠ
|,adiningrat,ادينيڠرت
|,ad interim,اد اينتريم
|,adipati,اديڤاتي
|,adipos,اديڤوس
|,adiposuria,اديڤوسوريا
|,adipsia,اديڤسيا
|,adiraja,اديراج
|,adiratna,اديرتنا
|,adisejuk,اديسجوق
|,adiwangsa,اديوڠسا
|,adiwarna,اديورنا
|,adjektif,ادجيکتيف
|,adjudikasi,ادجوديکاسي
|,adjuster,ادجوستر
|,administrasi,ادمينيستراسي
|,administratif,ادمينيستراتيف
|,administrator,ادمينيستراتور
|,admiral,ادميرل
|,adob,ادوب
|,adoi,ادوي
|,adopsi,ادوڤسي
|,adpertensi,ادڤرتينسي
|,adpis,ادڤيس
|,adpisir,ادڤيسير
|,adpokat (avokado),ادڤوکت
|,ad rem,اد ريم
|,adrenal,ادرينل
|,adrenalina,ادرينالينا
|,adrenosklerosis,ادرينوسکلروسيس
|,adres,ادريس
|,adu,ادو
|,aduan,ادوان
|,aduh,ادوه
|,aduhai,ادوهاي
|,aduk,ادوق
|,aduk-adukan,ادوق ـ ادوقن
|,adukan,ادوقن
|,adun,ادون
|,adunan,ادونن
|,ad valorem,اد ۏالورم
|,adverba,ادۏربا
|,advertensi,ادۏرتينسي
|,advis,ادۏيس
|,advokat,ادۏوکت
|,aedes,ايديس
|,aerial,ايريال
|,aeroangkasa,ايرواڠکاس
|,aerob,ايروب
|,aerobatik,ايروباتيک
|,aerobas,ايروبس
|,aerobik,ايروبيک
|,aerobiologi,ايروبيولوݢي
|,aerodinamik,ايروديناميک
|,aerodrom,ايرودروم
|,aerofobia,ايروفوبيا
|,aerograf,ايروݢرف
|,aerogram,ايروݢرم
|,aerolit,ايروليت
|,aerologi,ايرولوݢي
|,aerometer,ايروميتر
|,aeronautik,ايروناوتيک
|,aeroponik,ايروفونيک
|,aerosfera,ايروسفيرا
|,aerosol,ايروسول
|,aerotaksis,ايروتکسيس
|,aerotropisme,ايروتروڤيسمى
|,afagia,افاݢيا
|,afakia,افاکيا
|,afal,افعال
|,afasia,افاسيا
|,afdal,افضل
|,afdeling,افديليڠ
|,afektif,افيکتيف
|,afelion,افيليون
|,aferesis,افريسيس
|,afesis,افيسيس
|,afghani,افغاني
|,afiat,عافيت
|,afid,افيد
|,afidavit,افيداۏيت
|,afiks,افيکس
|,afiliasi,افيلياسي
|,afiniti,افينيتي
|,afonia,افونيا
|,aforisme,افوريسمى
|,afrak,افرق
|,afrit,عفريت
|,afro,افرو
|,afrodisiak,افروديسياک
|,afsun,افسون
|,afwah,افوه
|,afyun,افيون
|,aga,اݢ
|,agah,اݢه
|,agak,اݢق
|,agak-agak,اݢق٢
|,agakan,اݢقن
|,agal,اݢل
|,agam,اݢم
|,agama,اݢام
|,agamani,اݢاماني
|,agamawan,اݢاماون
|,agan,اݢن
|,agar,اݢر
|,agar-agar,اݢر٢
|,agarik,اݢاريق
|,agas,اݢس
|,agen,اݢين
|,agenda,اݢيندا
|,agensi,اݢينسي
|,aghlaf,اغلف
|,agih,اݢيه
|,agihan,اݢيهن
|,aging,اݢيڠ
|,aging-aging,اݢيڠ٢
|,agitasi,اݢيتاسي
|,agitator,اݢيتاتور
|,aglosia,اݢلوسيا
|,aglutinasi,اݢلوتيناسي
|,aglutinin,اݢلوتينين
|,aglutinogen,اݢلوتينوݢن
|,agnostik,اݢنوستيک
|,a go go,اݢوݢو
|,agorafobia,اݢورافوبيا
|,agrafia,اݢرافيا
|,agraria,اݢراريا
|,agraris,اݢراريس
|,agregat,اݢريݢت
|,agresif,اݢريسيف
|,agresor,اݢريسور
|,agro-,اݢرو ـ 
|,agroekologi,اݢروايکولوݢي
|,agroekonomi,اݢروايکونومي
|,agroindustri,اݢروايندوستري
|,agrokimia,اݢروکيميا
|,agrologi,اݢرولوݢي
|,agronomi,اݢرونومي
|,agrostologi,اݢروستولوݢي
|,agroteknologi,اݢروتيکنولوݢي
|,aguk,اݢوق
|,agul,اݢول
|,agul-agul,اݢول٢
|,agun,اݢون
|,agunan,اݢونن
|,agung,اݢوڠ
|,agus,اݢوس
|,agut,اݢوت
|,agut-agut,اݢوت٢
|,ah,اه
|,aha,اها
|,ahad,احد
|,ahadah,احده
|,ahadiat,احدية
|,ahai,اهاي
|,ahem,اهيم
|,ahi (ahai),اهي
|,ahkam,احکام
|,ahlan wa sahlan,اهلًا وسهلًا
|,ahli,اهلي
|,ahlil,اهلال
|,ahlu,اهلو
|,ahlul,اهلول
|,ahlilbait,اهل البيت
|,ahmak,احمق
|,ahmar,احمر
|,aho,اهو
|,ahram,اهرام
|,ahsan,احسن
|,ahwal (ehwal),احوال
|,ai,اءي
|,aib,عاءيب
|,aikido,ايکيدو
|,aileron,اءيلرون
|,ain,عين
|,ain-al-banat,عين البنات
|,ainulbanat,عين البنات
|,air,اءير
|,ais,اءيس
|,aisberg,اءيسبرݢ
|,aising,اءيسيڠ
|,aiskrim,اءيسکريم
|,aiwan,اءيوان
|,aiya,اءييا
|,aja,اج
|,ajab (hairan),عجب
|,ajab (azab),اجب
|,ajahan,اجاهن
|,ajaib,عجاءيب
|,ajak,اجق
|,ajakan,اجقن
|,ajal,اجل
|,ajan,اجن
|,ajang,اجڠ
|,ajar,اجر
|,ajaran,اجرن
|,ajar-ajar,اجر٢
|,ajat,اجت
|,ajek,اجيق
|,ajeng,اجڠ
|,ajengan,اجڠن
|,aji,اجي
|,aji-aji,اجي٢
|,ajidan,اجيدن
|,ajih,اجيه
|,ajik,اجيق
|,ajir,اجير
|,ajla,اجلى
|,ajmain,اجمعين
|,ajnabi,اجنبي
|,ajnas,اجناس
|,ajrih,اجريه
|,aju,اجو
|,ajuan,اجوان
|,ajujah,اجوجه
|,ajuk,اجوق
|,ajukan,اجوقن
|,ajum,اجوم
|,ajun,اجون
|,ajung,اجوڠ
|,ajutan,اجوتن
|,ajuwaf,اجوف
|,akad,عقد
|,akadkan,عقدکن
|,akademi,اکاديمي
|,akademia,اکاديميا
|,akademik,اکاديميک
|,akademikus,اکاديميکوس
|,akademis,اکاديميس
|,akah,اکه
|,akaid,عقائد
|,akak,اکق
|,akal (daya fikir),عقل
|,akal-akal,عقل٢
|,akal-akalan,عقل ـ عقلن
|,akal (akalsari),اکل
|,akan,اکن
|,akan-akan,اکن٢
|,akang,اکڠ
|,akantus,اکنتوس
|,akapnia,اکڤنيا
|,akar,اکر
|,akarat,اکارة
|,akas (kebalikan),عکس
|,akas (pantas),اکس
|,akasa (angkasa),اکاس
|,akasia,اکاسيا
|,akaun,اکاءون
|,akauntabiliti,اکاءونتابيليتي
|,akauntan,اکاءونتن
|,akbar,اکبر
|,aken,اکين
|,akhbar,اخبار
|,akhbiat,اخبية
|,akhdar,اخضر
|,akhiar,اخيار
|,akhir,اخير
|,akhir-akhir,اخير٢
|,akhiran,اخيرن
|,akhirat,اخيرة
|,akhirulkalam,اخرالکلام
|,akhiz,اخيذ
|,akhlak,اخلاق
|,akhtaj,اختاج
|,akhwan (ikhwan),اخوان
|,aki,اکي
|,aki-aki,اکي٢
|,akibah (akibat),عاقبة
|,akibat,عاقبة
|,akidah,عقيدة
|,akik,عقيق
|,akikah,عقيقه
|,akil,عاقل
|,akit,اکيت
|,akla,اعلى
|,aklam,اعلم
|,aklamasi,اکلاماسي
|,aklan,اعلن
|,akliah,عقليه
|,aklimasi,اکليماسي
|,akmal,اکمل
|,akne,اکني
|,akolia,اکوليا
|,akoluria,اکولوريا
|,akomodasi,اکوموداسي
|,akordion,اکورديون
|,akrab (karib),اقرب
|,akrab (bintang),عقرب
|,akraf,اعراف
|,akram,اکرم
|,akreditasi,اکريديتاسي
|,akrilik,اکريليک
|,akrobat,اکروبت
|,akrobatik,اکروباتيک
|,akrofobia,اکروفوبيا
|,akronim,اکرونيم
|,akru,اکرو
|,akruan,اکروان
|,aksam,اقسام
|,aksara,اکسارا
|,aksen,اکسين
|,aksentologi,اکسينتولوݢي
|,aksep,اکسيڤ
|,akses,اکسيس
|,aksesori,اکسيسوري
|,aksi,اکسي
|,aksiom,اکسيوم
|,akta,اکتا
|,aktentas,اکتنتس
|,aktif,اکتيف
|,aktinium,اکتينيوم
|,aktinoterapi,اکتينوتيراڤي
|,aktivis,اکتيۏيس
|,aktivisme,اکتيۏيسمى
|,aktiviti,اکتيۏيتي
|,aktor,اکتور
|,aktres,اکتريس
|,aktual,اکتوال
|,aktuari,اکتواري
|,aktuil,اکتويل
|,aku,اکو
|,akuan,اکوان
|,akua,اکوا
|,akuafobia,اکوافوبيا
|,akuakultur,اکواکولتور
|,akualung,اکوالوڠ
|,akuamarin,اکوامارين
|,akuan,اکوان
|,akuanaut,اکواناءوت
|,akua regia,اکوا ريݢيا
|,akuarel,اکواريل
|,akuarium,اکواريوم
|,akuatik,اکواتيک
|,akuatin,اکواتين
|,akueduk,اکوءيدوق
|,akueduktus,اکوءيدوقتوس
|,akueus,اکووييوس
|,akuifer,اکوايفر
|,akuk,اکوق
|,akuk-akuk,اکوق٢
|,akulturasi,اکولتوراسي
|,akumen,اکومن
|,akumulator,اکومولاتور
|,akupunktur,اکوڤونکتور
|,akur,اکور
|,akus,اکوس
|,akustik,اکوستيک
|,akut,اکوت
|,akwal,اقوال
|,akzam,اعظم
|,ala (secara),الا
|,ala (atas),على
|,alabangka,الابڠک
|,alabaster,الابستر
|,a la carte,الاکرت
|,alaf,الاف
|,alah,اله
|,alahan,الهن
|,alah-mengalahi,اله ـ مڠالهي
|,alahai,الاهاي
|,alai,الاي
|,alai-balai,الاي ـ بالاي
|,alai-belai,الاي ـ بلاي
|,alaihi,عليه
|,alaihissalam,عليه السلام
|,alaika,عليک
|,alaikum,عليکم
|,alak,الق
|,alakah,علقة
|,alakulihal,على کل حال
|,alala,الالا
|,alalia,الاليا
|,alam,عالم
|,alamah,علامة
|,alamak,الامق
|,alaman (halaman),الامن
|,alamang,الامڠ
|,alamar,الامر
|,alamas,الامس
|,alamat,علامت
|,alamatulhayat,علامة الحياة
|,alamiah,عالميه
|,alamin,عالمين
|,alan,الن
|,alan-alan,الن٢
|,alang,الڠ
|,alang-alang,الڠ٢
|,alang-alangan,الڠ ـ الڠن
|,alangan,الڠن
|,alangkah,الڠکه
|,alap,الڤ
|,alap-alap,الڤ٢
|,alaqah,علاقة
|,alar,الر
|,alas,الس
|,alasan,السن
|,alat,الت
|,alatan,التن
|,alau,الاو
|,alban (leban),البن
|,albatros,الباتروس
|,albedo,البيدو
|,albino,البينو
|,albion,البيون
|,album,البوم
|,albumen,البومين
|,albumin,البومين
|,aldehid,الديهيد
|,al-Din,الدين
|,aleban (leban),البن
|,alegori,اليݢوري
|,alegreto,اليݢريتو
|,alegro,اليݢرو
|,aleja (leja),اليجا
|,aleksia,اليکسيا
|,alergen,اليرݢن
|,alergenik,اليرݢنيک
|,alergi,اليرݢي
|,alfa (huruf Yunani),الفا
|,alfa (seribu),الف
|,alfabet,الفابت
|,alfabetologi,الفابيتولوݢي
|,alfalfa,الفلفا
|,alferes,الفيريس
|,alfiah,الفيه
|,alfu,الف
|,alga,الݢا
|,algebra,الݢيبرا
|,algisid,الݢيسيد
|,algoja (algojo),الݢوجا
|,algojo,الݢوجو
|,algologi,الݢولوݢي
|,algoritma,الݢوريتما
|,al-haj,الحج
|,alhamdulillah,الحمد لله
|,alhasil,الحاصل
|,ali,الي
|,ali-ali,الي٢
|,alias,الياس
|,ali baba,علي بابا
|,alibi,اليبي
|,alif,اليف
|,alifatik,اليفاتيک
|,alif-ba-ta,اليف ـ باء ـ تاء
|,aligator,اليݢاتور
|,alih,اليه
|,alih-alih,اليه٢
|,alihan,اليهن
|,al-ijarah,الاجارة
|,alik,اليق
|,alim (sj damar),اليم
|,alim (berilmu),عاليم
|,alimbubu,اليمبوبو
|,alimentari,اليمينتاري
|,alimiah,عالمية
|,alimiat,عالمية
|,alimoni,اليموني
|,alin,الين
|,alinan,الينن
|,alinea,الينيا
|,aling,اليڠ
|,alingan,اليڠن
|,aling-aling,اليڠ٢
|,aling-alingan,اليڠ ـ اليڠن
|,alip,اليڤ
|,alip-alipan,اليڤ ـ اليڤن
|,alir,الير
|,aliran,اليرن
|,alis,اليس
|,alit,اليت
|,aliterasi,اليتراسي
|,aljabar (algebra),الجبر
|,al-kafalah,الکفالة
|,alkah (alaqah),علقة
|,alkali,الکالي
|,alkalimeter,الکاليميتر
|,alkalimetri,الکاليميتري
|,alkaloid,الکالوءيد
|,alkamar,القمر
|,alkana,الکان
|,alkari,الکاري
|,al-Kasyaf,الکشاف
|,alkatipa,الکاتيڤا
|,alkena,الکينا
|,alkimi,الکيمي
|,alkimia,الکيميا
|,alkisah,القصه
|,alkohol,الکوهول
|,alkoholisme,الکوهوليسمى
|,alkoholometer,الکوهولوميتر
|,alkoholuria,الکوهولوريا
|,alkonya,الکوپا
|,alku,الکو
|,alkuna,الکونا
|,allamah,علامة
|,almaktub,المکتوب
|,almalun,الملعون
|,alma mater,الما ماتر
|,almanak,المناک
|,almari,الماري
|,almas,الماس
|,al-Masih,المسيح
|,al-mubarak,المبارک
|,al-mudarabah,المضاربة
|,almukhalis,المخلص
|,al-murabahah,المرابحة
|,aloe vera,الوۏيرا
|,alofon,الوفون
|,alogami,الوݢامي
|,alograf,الوݢرف
|,aloi,الوي
|,alomorf,الومورف
|,alon,الون
|,alon-alon,الون٢
|,along,الوڠ
|,alongan,الوڠن
|,alonim,الونيم
|,alopati,الوڤاتي
|,alopesia,الوڤيسيا
|,alotrop,الوتروڤ
|,alotropi,الوتروڤي
|,alpa,الڤا
|,alpaka,الڤاکا
|,alpeniti,الڤنيتي
|,alperes,الڤيريس
|,alpiah (alfiah),الفيه
|,alpukah,الڤوکه
|,al-Quran,القرءان
|,al-rahnu,الرهن
|,altar,التر
|,alter ego,الترايݢو
|,alternatif,الترناتيف
|,alternator,الترناتور
|,alti,التي
|,altimeter,التيميتر
|,altitud,التيتود
|,alto,التو
|,altruis,التروءيس
|,altruisme,التروءيسمى
|,altruistik,التروءيستيک
|,alu,الو
|,alu-alu,الو٢
|,alu-aluan,الو ـ الوان
|,alum,الوم
|,alumina,الومينا
|,aluminium,الومينيوم
|,alumni,الومني
|,alun,الون
|,alun-alun,الون٢
|,alunan,الونن
|,alung,الوڠ
|,alur,الور
|,alur-alur,الور٢
|,alur-aluran,الور ـ الورن
|,aluran,الورن
|,alusi,الوسي
|,alusmitai,الوسميتاي
|,aluvium,الوۏيوم
|,alveolus,الوۏيولوس
|,alwah,الوة
|,al-wadiah,الوديعة
|,al-wakalah,الوکالة
|,alwasi,الوصي
|,alwasia,الوصي
|,alwat (alwah),الوة
|,alzabur,الزبور
|,am,عام
|,amah,امه
|,amai,اماي
|,amai-amai,اماي٢
|,amal,عمل
|,amalan,عملن
|,amalgam,املݢم
|,amali,عملي
|,amaliah,عمليه
|,aman,امان
|,amanah,امانه
|,amanat,امانت
|,amang,امڠ
|,amangku,امڠکو
|,amangkurat,امڠکورت
|,amangsari (amansari),امڠساري
|,amansari,امنساري
|,amar,امر
|,amaran,امرن
|,amarah,اماره
|,amat,امت
|,amatan,امتن
|,amatur,اماتور
|,amaturisme,اماتوريسمى
|,amaun,اماءون
|,ambah,امبه
|,ambah-ambah,امبه٢
|,ambai,امباي
|,ambai-ambai,امباي٢
|,ambaian,امباين
|,ambak,امبق
|,ambal (berarak),امبل
|,ambalan,امبلن
|,ambal (jeling),امبل
|,ambalela,امباليلا
|,amban,امبن
|,ambang,امبڠ
|,ambar,امبر
|,ambasador,امباسدور
|,ambat,امبت
|,ambau,امباو
|,ambek,امبق
|,ambekan,امبقن
|,ambelas,امبلس
|,ambeles,امبلس
|,ambelu,امبلو
|,amben (ikat pinggang),امبن
|,amben (balai),امبين
|,ambi,امبي
|,ambien,امبيئن
|,ambiguiti,امبيݢويتي
|,ambil,امبيل
|,ambilan,امبيلن
|,ambil-ambilan,امبيل ـ امبيلن
|,ambil-mengambil,امبيل ـ مڠمبيل
|,ambin,امبين
|,ambinan,امبينن
|,ambing,امبيڠ
|,ambisi,امبيسي
|,ambit,امبيت
|,ambivalen,امبيۏالن
|,amboi,امبوي
|,ambon,امبون
|,ambu,امبو
|,ambu-ambu,امبو٢
|,ambuk,امبوق
|,ambuk-ambuk,امبوق٢
|,ambul,امبول
|,ambulan,امبولن
|,ambulans,امبولنس
|,ambulung,امبولوڠ
|,ambun,امبون
|,ambun-ambun,امبون٢
|,ambung,امبوڠ
|,ambung-ambung,امبوڠ٢
|,ambur,امبور
|,ambus (hambus),امبوس
|,ameba,اميبا
|,ameboid,اميبوءيد
|,amek,اميق
|,ameliorasi,اميليوراسي
|,amen,امين
|,amendemen,اميندمين
|,amenorea,امنوريا
|,amerisium,اميريسيوم
|,amfetamina,امفيتامينا
|,amfibia,امفيبيا
|,amfiteater,امفيتياتر
|,amfiun,امفيون
|,amfoterik,امفوتيريک
|,amil (pemungut zakat),عامل
|,amil (sj siput),اميل
|,amilase,اميلاسى
|,amilolisis,اميلوليسيس
|,amin,امين
|,amin-amin,امين٢
|,aminasi,اميناسي
|,animistik,انيميستيک
|,amino,امينو
|,aminon,امينون
|,amir,امير
|,amirulbahar,اميرالبحر
|,amirulhaj,اميرالحج
|,amirulmukminin,اميرالموءمنين
|,amit,اميت
|,amko,امکو
|,amma,اما
|,ammabakdu,امابعد
|,ammeter,امميتر
|,ammi,امي
|,ammonia,اممونيا
|,ammonium,اممونيوم
|,amnesia,امنيسيا
|,amnesti,امنيستي
|,amnion,امنيون
|,amoi,اموي
|,amonit,امونيت'
|,amor,امور
|,amorfus,امورفوس
|,ampai,امڤاي
|,ampai-ampai,امڤاي٢
|,ampaian,امڤاين
|,ampama,امڤام
|,ampamar,امڤامر
|,ampang (empang),امڤڠ
|,ampe,امڤي
|,ampean,امڤيان
|,ampel,امڤيل
|,ampere,امڤيئر
|,ampi,امڤي
|,ampiar,امڤيار
|,ampin,امڤين
|,ampit,امڤيت
|,amplifier,امڤليفيئر
|,amplitud,امڤليتود
|,ampo,امڤو
|,ampu,امڤو
|,ampuh,امڤوه
|,ampuk,امڤوق
|,ampul,امڤول
|,ampun,امڤون
|,ampunan,امڤونن
|,ampuni,امڤوني
|,ampung (apung),امڤوڠ
|,ampup,امڤوڤ
|,ampus,امڤوس
|,amput,امڤوت
|,amputan,امڤوتن
|,amputasi,امڤوتاسي
|,amra,امرا
|,amril,امريل
|,amris,امريس
|,amsal,امثال
|,amsun,امسون
|,amuh,اموه
|,amuk,اموق
|,amung,اموڠ
|,amung-amung,اموڠ٢
|,amunisi,امونيسي
|,ana,انا
|,anaam,انعام
|,anabolisme,انابوليسمى
|,anaerob,انايروب
|,anaerobik,انايروبيک
|,anafora,انافورا
|,anafrodisiak,انافروديسياک
|,anaglif,انݢليف
|,anagogi,اناݢوݢي
|,anagram,اناݢرم
|,anai,اناي
|,anai-anai,اناي٢
|,anak,انق
|,anak-anak,انق٢
|,anak-anakan,انق ـ انقن
|,anak-beranak,انق ـ برانق
|,anakan,انقن
|,anakanda,انقندا
|,anakhoda (nakhoda),انقهودا
|,anakonda,اناکوندا
|,anakronisme,اناکرونيسمى
|,analgesia,انلݢيسيا
|,analgesik,انلݢسيک
|,analis,اناليس
|,analisa (analisis),اناليسا
|,analisis,اناليسيس
|,analitik,اناليتيک
|,analitis,اناليتيس
|,analog,انالوݢ
|,analogi,انالوݢي
|,analogus,انالوݢوس
|,ananas (nanas),انانس
|,anang,انڠ
|,anani,اناني
|,anaptiksis,انڤتيکسيس
|,anarki,انرکي
|,anarkis,انرکيس
|,anarkisme,انرکيسمى
|,anasir,عناصير
|,anatomi,اناتومي
|,anbia,انبياء
|,anca,انچا
|,ancak,انچق
|,ancak-ancak,انچق٢
|,ancala,انچالا
|,ancam,انچم
|,ancaman,انچمن
|,ancang-ancang,انچڠ٢
|,ancer,انچر
|,ancer-ancer,انچر٢
|,ancoa,انچوا
|,ancu,انچو
|,ancuk,انچوق
|,ancung,انچوڠ
|,anda,اندا
|,andai,انداي
|,andaian,انداين
|,andai-andai,انداي٢
|,andai-andaian,انداي ـ انداين
|,andaikan,اندايکن
|,andak,اندق
|,andaka,انداک
|,andal,اندل
|,andalan,اندلن
|,andalas,اندالس
|,andam,اندم
|,andam-mengandam,اندم ـ مڠاندم
|,andaman,اندمن
|,andamkan,اندمکن
|,andan,اندن
|,andang,اندڠ
|,andang-andang,اندڠ٢
|,andapita,انداڤيتا
|,andar,اندر
|,andartu,اندرتو
|,andas,اندس
|,andeka,انديک
|,anderak,اندرق
|,anderiguru,اندريݢورو
|,anderik,اندريق
|,andesit,انديسيت
|,andewi,انديوي
|,andi,اندي
|,andikara (adikara),انديکارا
|,andiko (andeka),انديکو
|,andilau,انديلاو
|,anding,انديڠ
|,andong,اندوڠ
|,androesium,اندرويسسيوم
|,androfobia,اندروفوبيا
|,androgen,اندروݢن
|,andropaus,اندروڤاءوس
|,anduh,اندوه
|,anduhan,اندوهن
|,andun,اندون
|,andung,اندوڠ
|,andur,اندور
|,aneh,انيه
|,aneka,انيک
|,anekarama,انيکاراما
|,anekdot,انيکدوت
|,anemer,انيمر
|,anemia,انيميا
|,anemofili,انيموفيلي
|,anemograf,انيموݢرف
|,anemologi,انيمولوݢي
|,anemometer,انيموميتر
|,anemometri,انيموميتري
|,anemone,انيموني
|,anemotropisme,انيموتروڤيسمى
|,anerob,انيروب
|,anestesia,انيستيسيا
|,anestesiologi,انيستيسيولوݢي
|,anestetik,انيستيتيک
|,aneurisme,انوريسمى
|,anfas,انفس
|,angabaya (anggabaya),اڠاباي
|,angabehi (ngabehi),اڠابيهي
|,angah,اڠه
|,angan,اڠن
|,angan-angan,اڠن٢
|,angap,اڠڤ
|,angau,اڠاو
|,angga,اڠݢ
|,anggabaya,اڠݢاباي
|,anggai,اڠݢاي
|,anggak,اڠݢق
|,anggal,اڠݢل
|,anggan,اڠݢن
|,anggap,اڠݢڤ
|,anggapan,اڠݢڤن
|,anggar,اڠݢر
|,anggaran,اڠݢرن
|,anggar-anggar,اڠݢر٢
|,anggara,اڠݢارا
|,anggau (hanggau),اڠݢاو
|,anggerana,اڠݢران
|,anggerik,اڠݢريق
|,anggerka,اڠݢرک
|,anggis (unggis),اڠݢيس
|,anggit,اڠݢيت
|,anggitan,اڠݢيتن
|,anggota,اڠݢوتا
|,anggu (peranggu),اڠݢو
|,angguk,اڠݢوق
|,anggukan,اڠݢوقن
|,anggul,اڠݢول
|,anggun,اڠݢون
|,anggung,اڠݢوڠ
|,anggup,اڠݢوڤ
|,anggup-anggip,اڠݢوڤ ـ اڠݢيڤ
|,anggur,اڠݢور
|,angguran,اڠݢورن
|,anggut,اڠݢوت
|,anghun,اڠهون
|,angin,اڠين
|,angin-angin,اڠين٢
|,angin-anginan,اڠين ـ اڠينن
|,angin-anginkan,اڠين ـ اڠينکن
|,anginkan,اڠينکن
|,angioma,اڠيوما
|,angioplasti,اڠيوڤلستي
|,angiosperma,اڠݢيوسڤرما
|,angka,اڠک
|,angka-angka,اڠک٢
|,angkak,اڠکق
|,angkali,اڠکالي
|,angkang,اڠکڠ
|,angkap,اڠکڤ
|,angkar,اڠکر
|,angkara,اڠکارا
|,angkasa,اڠکاس
|,angkasawan,اڠکاساون
|,angkat,اڠکت
|,angkatan,اڠکتن
|,angkat-angkat,اڠکت٢
|,angkatap,اڠکاتڤ
|,angkawan,اڠکاون
|,angkel,اڠکيل
|,angker,اڠکر
|,angkeruh,اڠکروه
|,angkin,اڠکين
|,angkit,اڠکيت
|,angkit-angkit,اڠکيت٢
|,angklung,اڠکلوڠ
|,angkor (angkur),اڠکور
|,angkubah,اڠکوبه
|,angkuh,اڠکوه
|,angkuk,اڠکوق
|,angkul,اڠکول
|,angkul-angkul,اڠکول٢
|,angkung,اڠکوڠ
|,angkup,اڠکوڤ
|,angkup-angkup,اڠکوڤ٢
|,angkur,اڠکور
|,angkus,اڠکوس
|,angkusa,اڠکوسا
|,angkut,اڠکوت
|,angkut-angkut,اڠکوت٢
|,angkutan,اڠکوتن
|,anglap,اڠلڤ
|,anglo,اڠلو
|,anglong,اڠلوڠ
|,anglung,اڠلوڠ
|,angon,اڠون
|,angonan,اڠونن
|,angot,اڠوت
|,angpau,اڠڤاو
|,angrawan,اڠراون
|,angsa,اڠسا
|,angsal,اڠسل
|,angsama,اڠسام
|,angsana,اڠسان
|,angsang,اڠساڠ
|,angsena,اڠسنا
|,angsoka,اڠسوک
|,angsur (ansur),اڠسور
|,angun,اڠون
|,angur,اڠور
|,angut,اڠوت
|,anhu,عنه
|,ani,اني
|,anian,انين
|,ani-ani,اني٢
|,aniaya,انياي
|,animasi,انيماسي
|,animis,انيميس
|,animisme,انيميسمى
|,animistik,انيميستيک
|,animo,انيمو
|,aning,انيڠ
|,aning-aning,انيڠ٢
|,anion,انيون
|,anis,انيس
|,anit,انيت
|,anja,انجا
|,anjai,انجاي
|,anjak,انجق
|,anjakan,انجاقن
|,anjal,انجل
|,anjan,انجن
|,anjang,انجڠ
|,anjang-anjang,انجڠ٢
|,anjangkarya,انجڠکريا
|,anjar,انجر
|,anjerah,انجره
|,anjiman,انجيمن
|,anjing,انجيڠ
|,anjing-anjing,انجيڠ٢
|,anjir,انجير
|,anju,انجو
|,anjuman,انجومن
|,anjung,انجوڠ
|,anjungan,انجوڠن
|,anjung-anjung,انجوڠ٢
|,anjung-anjungan,انجوڠ ـ انجوڠن
|,anjur,انجور
|,anjuran,انجورن
|,anoa,انوا
|,anod,انود
|,anofeles,انوفيلسيس
|,anoksemia,اناوکسيميا
|,anom (anum),انوم
|,anomali,انومالي
|,anomi,انومي
|,anomia,انوميا
|,anona (nona),انونا
|,anonikia,انونيکيا
|,anonim,انونيم
|,anorak,انورک
|,anoreksia,انوريکسيا
|,anorkisme,انورکيسمى
|,anosmia,انوسميا
|,anotasi,انوتاسي
|,ansur,انسور
|,ansuran,انسورن
|,anta,انت
|,antaberanta,انتابرانتا
|,antaboga,انتابوݢ
|,antagonis,انتاݢونيس
|,antagonisme,انتاݢونيسمى
|,antagonistik,انتاݢونيستيک
|,antah,انته
|,antak (hentak),انتق
|,antakesuma,انتاکسوما
|,antan,انتن
|,antang,انتڠ
|,antap,انتڤ
|,antar,انتر
|,antar-antar,انتر٢
|,antara,انتارا
|,antarabangsa,انتارابڠسا
|,antari,انتاري
|,antasid,انتاسيد
|,antasil,انتاسيل
|,antat,انتت
|,antau,انتاو
|,antelas,انتلس
|,antelop,انتيلوڤ
|,antena,انتينا
|,antenatal,انتيناتل
|,anteng,انتڠ
|,antep,انتڤ
|,anter,انتر
|,anterior,انتيريور
|,antero,انتيرو
|,anteseden,انتيسيدين
|,anti-,انتي ـ 
|,antiagama,انتياݢام
|,antibiotik,انتيبيوتيک
|,antibodi,انتيبودي
|,antidadah,انتيداده
|,antidepresan,انتيديڤريسن
|,antidiuretik,انتيديوريتيک
|,antidot,انتيدوت
|,antiemetik,انتيايميتيک
|,antienzim,انتيئينزيم
|,antigen,انتيݢن
|,antih,انتيه
|,antihero,انتيهيرو
|,antihistamina,انتيهيستامينا
|,antijenayah,انتيجنايه
|,antik,انتيک
|,antikarat,انتيکارت
|,antikerajaan,انتيکراجاءن
|,antiketuk,انتيکتو
|,antiklimaks,انتيکليمکس
|,antikuiti,انتيکويتي
|,antil,انتيل
|,antimalaria,انتيملاريا
|,antimangkin,انتيمڠکين
|,antimikosis,انتيميکوسيس
|,antimilitia,انتيميليتيا
|,antimoni,انتيموني
|,antimun (mentimun),انتيمون
|,antinasional,انتيناسيونل
|,anting,انتيڠ
|,anting-anting,انتيڠ٢
|,antinovel,انتينوۏيل
|,antioksidan,انتياوکسيدن
|,antipati,انتيڤاتي
|,antipeluh,انتيڤلوه
|,antipenjajah,انتيڤنجاجه
|,antipiretik,انتيڤيريتيک
|,antiplot,انتيڤلوت
|,antipode,انتيڤودى
|,antirasisme,انتيراسيسمى
|,antireumatik,انتيرياوماتيک
|,antisepsis,انتيسيڤسيس
|,antiseptik,انتيسيڤتيک
|,antiserum,انتيسرو
|,antisiklon,انتيسيکلون
|,antisipasi,انتيسيڤاسي
|,antisosial,انتيسوسيال
|,antitesis,انتيتيسيس
|,antitoksin,انتيتوکسين
|,antivirus,انتيۏيروس
|,antiwira,انتيويرا
|,antoi (antui),انتوي
|,antologi,انتولوݢي
|,antonim,انتونيم
|,antonimi,انتونيمي
|,antraks,انترکس
|,antrasit,انتراسيت
|,antre,انتري
|,antri,انتري
|,antropogeni,انتروڤوݢيني
|,antropoid,انتروڤوءيد
|,antropologi,انتروڤولوݢي
|,antropomorfisme,انتروڤومورفيسمى
|,antroposentrisme,انتروڤوسيسمى
|,antui,انتوي
|,antukar,انتوکر
|,antul,انتول
|,antun,انتون
|,antung,انتوڠ
|,antung-antung,انتوڠ٢
|,antup,انتوڤ
|,antus,انتوس
|,antusan,انتوسن
|,anu,انو
|,anugerah,انوݢره
|,anugerahan,انوݢرهن
|,anugeraha (anugerah),انوݢرها
|,anuiti,انويتي
|,anulus,انولوس
|,anum,انوم
|,anumerta,انومرتا
|,anun (anu),انون
|,anur (andur),انور
|,anuresis,انوريسيس
|,anuria,انوريا
|,anus,انوس
|,anut,انوت
|,anutan,انوتن
|,anyal,اپل
|,anyam,اپم
|,anyaman,اپمن
|,anyam-menganyam,اپم ـ مڠاپم
|,anyang,اپڠ
|,anyar,اپر
|,anyel (anyal),اپل
|,anyelir,اپلير
|,anyih,اپيه
|,anyuk,اپوق
|,anyur,اپور
|,aorta,اءورتا
|,aortitis,اءورتيتيس
|,apa,اڤ
|,apa-apa,اڤ٢
|,apatah,اڤاته
|,apabila,اڤابيلا
|,apai (gapai),اڤاي
|,apak (hapak),اڤق
|,apakala,اڤاکالا
|,apalagi,اڤلاݢي
|,apam,اڤم
|,apar,اڤر
|,aparteid,اڤرتيئيد
|,apartmen,اڤرتمن
|,apas,اڤس
|,apatetik,اڤتيتيک
|,apati,اڤاتي
|,apeh (apek),اڤيه
|,apek,اڤيق
|,apeks,اڤيکس
|,apel,اڤيل
|,apendektomi,اڤينديکتومي
|,apendiks,اڤينديکس
|,apendisitis,اڤينديسيتيس
|,aperitif,اڤيريتيف
|,apertur,اڤرتور
|,apes (apas),اڤس
|,api,اڤي
|,api-api,اڤي٢
|,apiari,اڤياري
|,apik,اڤيق
|,apikultur,اڤيکولتور
|,apilan,اڤيلن
|,aping,اڤيڠ
|,apion,اڤيون
|,apit,اڤيت
|,apit-apit,اڤيت٢
|,apitan,اڤيتن
|,apkir,اڤکير
|,apkiran,اڤکيرن
|,aplikasi,اڤليکاسي
|,aplus,اڤلوس
|,apnea,اڤنيا
|,apodia,اڤوديا
|,apogi,اڤوݢي
|,apoi,اڤوي
|,apokope,اڤوکوڤي
|,apolog,اڤولوݢ
|,apologetik,اڤولوݢيتيک
|,apologia,اڤولوݢي
|,apologis,اڤولوݢيس
|,apopleksi,اڤوڤليکسي
|,aposisi,اڤوسيسي
|,apotek,اڤوتيک
|,apoteker,اڤوتيکير
|,apraksia,اڤرکسيا
|,apresiasi,اڤريسياسي
|,aprikot,اڤريکوت
|,apron,اڤرون
|,aptitud,اڤتيتود
|,apum (apam),اڤوم
|,apung,اڤوڠ
|,apungan,اڤوڠن
|,apung-apung,اڤوڠ٢
|,apuran,اڤورن
|,apus,اڤوس
|,aqidah (akidah),عقيده
|,aqiqah (akikah),عقيقه
|,ara,ارا
|,arabes,عرابيس
|,aragonit,اراݢونيت
|,arah,اره
|,arah-arah,اره٢
|,arahan,ارهن
|,arai,اراي
|,arai-jemarai,اراي ـ جماراي
|,arak,ارق
|,arakan,ارقن
|,arak-arakan,ارق ـ ارڤن
|,arakian (arkian),اراکين
|,araknid,اراکنيد
|,aral,ارل
|,aram,ارم
|,aram-aram,ارم٢
|,aram-temaram,ارم ـ تمارم
|,aran,ارن
|,arang,ارڠ
|,ararut,اراروت
|,aras,ارس
|,arau,اراو
|,araz,ارز
|,arbaa,اربع
|,arbab (rebab),ارباب
|,arbei,اربيي
|,arbitraj,اربيترج
|,arbitrari,اربيتراري
|,arbitrasi,اربيتراسي
|,arboreal,اربوريال
|,arboretum,اربوريتوم
|,arborikultur,اربوريکولتور
|,arca,ارچا
|,ardi (gunung),اردي
|,ardi (bumi),ارض
|,are,ارا
|,arek,اريق
|,aren,ارين
|,arena,ارينا
|,ares,اريس
|,arestasi,اريستاسي
|,argari,ارݢاري
|,argentum,ارݢينتوم
|,argon,ارݢون
|,argot,ارݢوت
|,argus,ارݢوس
|,arham (paling mengasihani),ارحم
|,arham (pertalian darah),ارحام
|,ari,اري
|,ari-ari,اري٢
|,aria,اريا
|,arif,عاريف
|,arifin,عاريفين
|,arih,اريه
|,arik,اريق
|,aring,اريڠ
|,aring-aring,اريڠ٢
|,ariningsun,ارينيڠسون
|,arip,اريڤ
|,aris,اريس
|,arisan,اريسن
|,aristokrasi,اريستوکراسي
|,aristokrat,اريستوکرت
|,arit,اريت
|,aritmetik,اريتمتيک
|,aritmia,اريتميا
|,arjuna,ارجونا
|,arka,ارکا
|,arkaik,ارکاءيک
|,arkaisme,ارکاءيسمى
|,arkan,ارکان
|,arked,ارکيد
|,arkeografi,ارکيوݢرافي
|,arkeologi,ارکيولوݢي
|,arketaip,ارکتاءيڤ
|,arkian,ارکين
|,arkib,ارکيب
|,arkitek,ارکيتيک
|,arkus (argus),ارکوس
|,arloji,ارلوجي
|,armada,ارمادا
|,armadilo,ارماديلو
|,armistis ,ارميستيس
|,arnab,ارنب
|,arnal,ارنل
|,aroma,اروما
|,aromaterapi,اروماتراڤي
|,aromatik,اروماتيک
|,arombai,ارومباي
|,arpus,ارڤوس
|,ar-rahn,ارهن
|,arsenik,ارسنيک
|,arsenium,ارسنيوم
|,arson,ارسن
|,arsyad,ارشد
|,arteri,ارتري
|,arteriol,ارتريول
|,arteriosklerosis,ارتريوسکليروسيس
|,articok,ارتيچوک
|,artifak,ارتيفک
|,artifisial,ارتيفيسيال
|,artikel,ارتيکل
|,artikulasi,ارتيکولاسي
|,artileri,ارتيلري
|,artis,ارتيس
|,artisan,ارتيسن
|,artistik,ارتيستيک
|,artralgia,ارترلݢيا
|,artritis,ارتريتيس
|,artrologi,ارترولوݢي
|,artropod,ارتروڤود
|,aru,ارو
|,aru-aru,ارو٢
|,aruan (haruan),اروان
|,arud,عروض
|,aruda,ارودا
|,aruh,اروه
|,aruhan,اروهن
|,aruk,اروق
|,arun,ارون
|,arung,اروڠ
|,arus,اروس
|,arwa,اروا
|,arwah,ارواح
|,arya,اريا
|,as,اس
|,asa,اس
|,asa-asaan,اسا ـ اساءن
|,asabah,عصبة
|,asabat,عصبة
|,asad,اسد
|,asah (yg lebih benar),اصح
|,asah (kilir),اسه
|,asahan,اسهن
|,asai,اساي
|,asak,اسق
|,asakan,اسقن
|,asal,اصل
|,asalan,اصلن
|,asal-muasal,اصل ـ موصل
|,asali,اصلي
|,asam,اسم
|,asam-asaman,اسم ـ اسمن
|,asaman,اسمن
|,asang,اسڠ
|,asap,اسڤ
|,asar (kesan),اثار
|,asar (waktu),عصر
|,asas,اساس
|,asasi,اساسي
|,asasinat,اساسينت
|,asbab,اسباب
|,asbak,اسبق
|,asbestos,اسبيستوس
|,asbut,اسبوت
|,ase,اسي
|,aseksual,اسيکسوال
|,asep,اسيڤ
|,asepsis,اسيڤسيس
|,aseran,اسيرن
|,asese,اسيسي
|,aset,اسيت
|,asetaldehid,اسيتلدهيد
|,asetat,اسيتت
|,asetilena,اسيتيلينا
|,asetisisme,اسيتيسيسمى
|,aseton,اسيتون
|,asfal,اسفل
|,asfalt,اسفلت
|,asfar,اصفر
|,asfiksia,اسفيکسيا
|,ashab,اصحاب
|,asi (derhaka),عاصي
|,asi (perhatian),اسي
|,asian,اسين
|,asid,اسيد
|,asidimeter,اسيديميتري
|,asidimetri,اسيديميتري
|,asiduria,اسيدوريا
|,asik,اسيق
|,asimetri,اسيميتري
|,asimilasi,اسيميلاسي
|,asimptomatik,اسيمڤتومتاتيک
|,asin,اسين
|,asinan,اسينن
|,asin-asin,اسين٢
|,asindeton,اسينديتون
|,asing,اسيڠ
|,asing-asing,اسيڠ٢
|,askal,اثقال
|,askar,عسکر
|,askomiset,اسکوميسيت
|,asli,اصلي
|,asma,اسما
|,asmak,اسماء
|,asmara,اسمارا
|,asmaradana,اسمارادان
|,asmaradanta,اسمارادنتا
|,asmaraloka,اسمارالوک
|,asnad,اسناد
|,asnaf,اصناف
|,aso,اسو
|,asonansi,اسوننسي
|,asor,اسور
|,asosiasi,اسوسياسي
|,aspal (asfalt),اسڤل
|,asparagus,اسڤاراݢوس
|,aspek,اسڤيک
|,aspeksia,اسڤيکسيا
|,aspero,اسڤرو
|,aspiran,اسڤيرن
|,aspirasi,اسڤيراسي
|,aspirin,اسڤيرين
|,asrama,اسراما
|,asrafin,اسرافين
|,asrar,اسرار
|,assalamualaikum,السلام عليکم
|,asta,استا
|,astaga,استاݢ
|,astaghfirullah,استغفرالله
|,astagina,استاݢينا
|,astaka,استاک
|,astakona,استاکونا
|,astana (istana),استان
|,astatin,استاتين
|,asterisk,استريسک
|,asteroid,استيروءيد
|,astigmatisme,استيݢماتيسمى
|,astina,استينا
|,astrafobia,استرافوبيا
|,astringen,استرينݢن
|,astro-,استرو ـ 
|,astrobiologi,استروبيولوݢي
|,astrobotani,استروبوتاني
|,astrofizik,استروفيذيک
|,astrokimia,استروکيميا
|,astrolab,استرولب
|,astrologi,استرولوݢي
|,astronaut,استروناوت
|,astronautik,استرونواتيک
|,astronomi,استرونومي
|,asu,اسو
|,asuh,اسوه
|,asuhan,اسوهن
|,asuh-asuh,اسوه٢
|,asuk,اسوق
|,asung,اسوڠ
|,asungan,اسوڠن
|,asuransi,اسورنسي
|,aswad,اسود
|,asyhadu,اشهد
|,asyik,عاشيق
|,asyik-asyik,عاشيق٢
|,asyikin,عاشيقين
|,atak,اتق
|,ataksia,اتکسيا
|,atal (hartal),اتل
|,atap,اتڤ
|,atar,عطر
|,atas,اتس
|,atasan,اتسن
|,atas-mengatas,اتس ـ مڠاتس
|,atas-mengatasi,اتس ـ مڠاتسي
|,atase,اتاسي
|,atau,اتاو
|,atawa (atau),اتاو
|,atbak,اطباق
|,ateis,اتيئيس
|,ateisme,اتيئيسمى
|,ateistik,اتيئيستيک
|,atelas (atlas),اتلس
|,atendan,اتيندن
|,ati,اتي
|,ati-ati,اتي٢
|,atip,اتيڤ
|,atisynak,اتشناق
|,atlas,اتلس
|,atlet,اتليت
|,atletik,اتليتيک
|,atlit (atlet),اتليت
|,atma,اتما
|,atmometer,اتموميتر
|,atmosfera,اتموسفيرا
|,atoi,اتوي
|,atol,اتول
|,atom,اتوم
|,atop,اتوڤ
|,atos,اتوس
|,atribut,اتريبوت
|,atrium,اتريوم
|,atuk,اتوق
|,atun,اتون
|,atung,اتوڠ
|,atur,اتور
|,aturan,اتورن
|,atur-atur,اتور٢
|,atus,اتوس
|,au,اءو
|,aubad,اءوبد
|,aubade,اءوبدى
|,audiens,اءوديئنس
|,audio,اءوديو
|,audiogram,اءوديوݢرم
|,audiologi,اءوديولوݢي
|,audiometer,اءوديوميتر
|,audiometri,اءوديوميتري
|,audiovisual,اءوديوۏيسوال
|,audit,اءوديت
|,auditorium,اءوديتوريوم
|,auh (au),اءوه
|,auk,اءوق
|,auksin,اءوکسين
|,aula (utama),اولى
|,aula (ruangan),اءولا
|,aulia,اولياء
|,aum,اءوم
|,aung,اءوڠ
|,aungan,اءوڠن
|,auns,اءون س
|,aur,اءور
|,aura,اءورا
|,aurat,عورة
|,aurora,اءورورا
|,aurum,اءوروم
|,aus (haus),اءوس
|,auta,اءوتا
|,autarki,اءوترکي
|,autentik,اءوتينتيک
|,autisme,اءوتيسمى
|,autistik,اءوتيستيک
|,auto,اءوتو
|,autobiografi,اءوتوبيوݢرافي
|,autobis,اءوتوبيس
|,autodebit,اءوتوديبيت
|,autofokus,اءوتوفوکوس
|,autogami,اءوتوݢامي
|,autogiro,اءوتوݢيرو
|,autograf,اءوتوݢرف
|,autografi,اءوتوݢرافي
|,autokarpa,اءوتوکرڤا
|,autokiu,اءوتوکيو
|,autoklaf,اءوتوکلف
|,autokrasi,اءوتوکراسي
|,autokrat,اءوتوکرت
|,autokratik,اءوتوکراتيک
|,autolisis,اءوتوليسيس
|,automasi,اءوتوماسي
|,automatik,اءوتوماتيک
|,automobil,اءوتوموبيل
|,automotif,اءوتوموتيف
|,autonom,اءوتونوم
|,autonomi,اءوتونومي
|,autoped,اءوتوڤيد
|,autoplasti,اءوتوڤلستي
|,autopsi,اءوتوڤسي
|,autoritarian,اءوتوريتاريان
|,autoritarianisme,اءوتورياتانيسمى
|,autoritatif,اءوتوريتاتيف
|,autoriti,اءوتوريتي
|,autosom,اءوتوسوم
|,auzubillah,اعوذبالله
|,avant-garde,اۏاݢردى
|,avgas,اۏݢس
|,avikultur,اۏيکولتور
|,avionik,اۏيونيک
|,avisenian,اۏيسينيان
|,avokado,اۏوکادو
|,awa,اوا
|,awah,اوه
|,awahama,اواهام
|,awai,اواي
|,awak,اوق
|,awal,اول
|,awalan,اولن
|,awam,عوام
|,awan (wap air),اون
|,awan-kemawan,اون ـ کماون
|,awan (corak ukiran ),عوان
|,awang,اوڠ
|,awangan,اوڠن
|,awang-awang,اوڠ٢
|,awang-awangan,اوڠ ـ اوڠن
|,awang-gemawang,اوڠ ـ ݢماوڠ
|,awangku,اوڠکو
|,awar,اور
|,award,اواد
|,awas,اوس
|,awat,اوت
|,awau,اواو
|,awda,اءودا
|,awek,اويق
|,awet,اويت
|,awewe,اويوي
|,awewek,اويويق
|,awi,اوي
|,awur,اوور
|,awur-awuran,اوور ـ اوورن
|,aya,ايا
|,ayah,ايه
|,ayahan,ايهن
|,ayahanda,ايهندا
|,ayak,ايق
|,ayakan,ايقن
|,ayak-ayak,ايق٢
|,ayal,ايل
|,ayam,ايم
|,ayam-ayam,ايم٢
|,ayam-ayaman,ايم ـ ايمن
|,ayan,ايان
|,ayang,ايڠ
|,ayang-ayang,ايڠ٢
|,ayap,ايڤ
|,ayapan,ايڤن
|,ayat,ايات
|,ayatollah,آية الله
|,ayeng,ايڠ
|,ayeng-ayengan,ايڠ ـ ايڠن
|,ayir,ايير
|,ayu,ايو
|,ayuh,ايوه
|,ayuhai,ايوهاي
|,ayuk,ايوق
|,ayum,ايوم
|,ayuman,ايومن
|,ayun,ايون
|,ayunan,ايونن
|,ayun-temayun,ايون ـ تمايون
|,ayunda,ايوندا
|,ayut,ايوت
|,azab,عذاب
|,azal (berpecah),عزل
|,azal (kekal),ازل
|,azalea,ازليا
|,azali,ازلي
|,azam,عزم
|,azamat,عظمة
|,azan,اذان
|,azazil,عزازل
|,azimat,عزيمة
|,azimut,ازيموت
|,aziz,عزيز
|,azlak,اذلق
|,
