diabadikan,دأباديکن
|,diabaikan,دأبايکن
|,diabdikan,دعبديکن
|,diabjadkan,دأبجدکن
|,diabsahkan,دأبسهکن
|,diabstrakkan,دأبسترککن
|,diabui,دأبوءي
|,diabuk,دأبوق
|,diabur,دأبور
|,diacan,دأچن
|,diacarai,دأچاراءي
|,diacarakan,دأچاراکن
|,diacu,دأچو
|,diacu-acukan,دأچو ـ اچوکن
|,diacum,دأچوم
|,diacung,دأچوڠ
|,diada-adakan,دأدا ـ اداکن
|,diadakan,دأداکن
|,diadang,دأدڠ
|,diadaptasi,دأدڤتاسي
|,diadaptasikan,دأدڤتاسيکن
|,diadatkan,دعادتکن
|,diperadik,دڤراديق
|,diadili,دعاديلي
|,diadilkan,دعاديلکن
|,diadu,دأدو
|,diadukan,دأدوکن
|,diaduk,دأدوق
|,diadun,دأدون
|,diadunkan,دأدونکن
|,diagah,دأݢه
|,diagak,دأݢق
|,diagih,دأݢيه
|,diagihkan,دأݢيهکن
|,diagihi,دأݢيهي
|,diagung-agungkan,دأݢوڠ ـ اݢوڠکن
|,diagungkan,دأݢوڠکن
|,diaibkan,دعاءيبکن
|,diairi,دأءيري
|,diajak,دأجق
|,diajar,دأجر
|,diajari,دأجري
|,diajarkan,دأجرکن
|,diajukan,دأجوکن
|,diajuk,دأجوق
|,diajun,دأجون
|,diakad,دعقد
|,diakadkan,دعقدکن
|,diakali,دعقلي
|,diakalkan,دعقلکن
|,diakhiri,دأخيري
|,diakibatkan,دعاقبتکن
|,diakikahkan,دعقيقهکن
|,diakronim,دأکرونيم
|,diakronimkan,دأکرونيمکن
|,diaktifkan,دأکتيفکن
|,diakui,دأکوءي
|,diperakukan,دڤراکوکن
|,diakuri,دأکوري
|,diperakuri,دڤراکوري
|,dialami,دعالمي
|,dialamati,دعلامتي
|,dialamatkan,دعلامتکن
|,dialas,دألس
|,dialasi,دألسي
|,dialaskan,دألسکن
|,diperalat,دڤرالت
|,diperalatkan,دڤرالتکن
|,dialih,دأليه
|,dialihkan,دأليهکن
|,dialin,دألين
|,dialirkan,دأليرکن
|,dialu-alukan,دألو ـ الوکن
|,dialun,دألون
|,diamalkan,دعملکن
|,diamankan,دأمانکن
|,diamanahkan,دأمانهکن
|,diamanatkan,دأمانتکن
|,diamati,دأمتي
|,diambak,دأمبق
|,diambil,دأمبيل
|,diampaikan,دأمڤايکن
|,diampu,دأمڤو
|,diampuh,دأمڤوه
|,diampuni,دأمڤوني
|,diampunkan,دأمڤونکن
|,diamuk,دأموق
|,dianalisis,دأناليسيس
|,diancam,دأنچم
|,diandaikan,دأندايکن
|,diandam,دأندم
|,diandamkan,دأندمکن
|,diangan-angan,دأڠن ـ اڠن
|,diangan-angankan,دأڠن ـ اڠنکن
|,dianggap,دأڠݢڤ
|,dianggarkan,دأڠݢرکن
|,dianggit,دأڠݢيت
|,dianggotai,دأڠݢوتاءي
|,diangguk,دأڠݢوق
|,dianggur,دأڠݢور
|,dianginkan,دأڠينکن
|,diangkat,دأڠکت
|,diangkit,دأڠکيت
|,diangkut,دأڠکوت
|,diangun,دأڠون
|,dianiaya,دأنياي
|,dianiayai,دأنياياءي
|,dianjak,دأنجق
|,dianjurkan,دأنجورکن
|,diansur,دأنسور
|,dianugerahi,دأنوݢرهي
|,dianugerahkan,دأنوݢرهکن
|,dianut,دأنوت
|,dianuti,دأنوتي
|,dianyam,دأپم
|,diapa-apakan,دأڤا ـ اڤاکن
|,dipengapakan,دڤڠاڤاکن
|,diapi-apikan,دأڤي ـ اڤيکن
|,diapit,دأڤيت
|,diaplikasikan,دأڤليکاسيکن
|,diapresiasi,دأڤريسياسي
|,diapungkan,دأڤوڠکن
|,diarah,دأره
|,diarahkan,دأرهکن
|,diarak,دأرق
|,diaralkan,دأرلکن
|,diasah,دأسه
|,diasak,دأسق
|,diasalkan,دأ صلکن
|,diasap,دأسڤ
|,diasaskan,دأساسکن
|,diasimilasikan,دأسيميلاسيکن
|,diasinkan,دأسينکن
|,diasingkan,دأسيڠکن
|,diasosiasikan,دأسوسياسيکن
|,diasuh,دأسوه
|,diatap,دأتڤ
|,diatapi,دأتڤي
|,di atas,دأتس
|,diatasi,دأتسي
|,diatur,دأتور
|,diaudit,دأءوديت
|,diawalkan,دأولکن
|,diawasi,دأوسي
|,diawet,دأويت
|,diayak,دأيق
|,diayun,دأيون
|,diazankan,دأذانکن
|,dibabat,دبابت
|,dibabati,دبابتي
|,dibabitkan,دبابيتکن
|,dibaca,دباچ
|,dibacai,دباچاءي
|,dibacakan,دباچاکن
|,diperbadankan,دڤربادنکن
|,dipelbagaikan,دڤلباݢايکن
|,dibagaimanakan,دباݢايماناکن
|,dibagi,دباݢي
|,dibagikan,دباݢيکن
|,dibahagi,دبهاݢي
|,dibahagikan,دبهاݢيکن
|,dibaham,دباهم
|,dibahan,دباهن
|,dibaharui,دبهاروءي
|,diperbaharui,دڤربهاروءي
|,dibahas,دبحث
|,dibahaskan,دبحثکن
|,dibahasakan,دبهاساکن
|,dibaiki,دباءيقي
|,diperbaiki,دڤرباءيقي
|,dibaja,دباج
|,dibajai,دباجاءي
|,dibajak,دباجق
|,dibaji,دباجي
|,dibakar,دباکر
|,dibakukan,دباکوکن
|,dibakulkan,دباکولکن
|,dibalak,دبالق
|,dibalas,دبالس
|,dibalik-balikkan,دباليق ـ باليقکن
|,dibaling,دباليڠ
|,dibalun,دبالون
|,dibalut,دبالوت
|,dibanci,دبانچي
|,dibancuh,دبنچوه
|,dibandarkan,دباندرکن
|,diperbandarkan,دڤرباندرکن
|,dibandingkan,دبنديڠکن
|,diperbandingkan,دڤربنديڠکن
|,dibangkan,دبڠکن
|,dibanggakan,دبڠݢاکن
|,dibangkang,دبڠکڠ
|,dibangkitkan,دبڠکيتکن
|,dibangsakan,دبڠساکن
|,dibangunkan,دباڠونکن
|,dibanjiri,دبنجيري
|,dibankkan,دبڠککن
|,dibantah,دبنته
|,dibantai,دبنتاي
|,dibantali,دبنتلي
|,dibanteras,دبنترس
|,dibanting,دبنتيڠ
|,dibantu,دبنتو
|,dibantun,دبنتون
|,dibantut,دبنتوت
|,diperbanyak,دڤرباپق
|,dibaptis,دبڤتيس
|,dibaptiskan,دبڤتيسکن
|,dibarai,دباراءي
|,dibaringkan,دباريڠکن
|,dibarisi,دباريسي
|,dibarui,دباروءي
|,diperbarui,دڤرباروءي
|,dibarut,دباروت
|,dibasahi,دباسهي
|,dibasahkan,دباسهکن
|,dibasmi,دبسمي
|,dibasmikan,دبسميکن
|,dibasuh,دباسوه
|,dibatalkan,دبطلکن
|,dibatasi,دباتسي
|,dibataskan,دباتسکن
|,dibaur,دباءور
|,dibauri,دباءوري
|,dibaurkan,دباءورکن
|,dibawa,دباوا
|,dibawahi,دباوهي
|,di bawah,دباوه
|,dibayangi,دبايڠي
|,dibayangkan,دبايڠکن
|,dibayar,دباير
|,dibea,دبيا
|,dibebani,دببني
|,dibebankan,دببنکن
|,dibebaskan,دبيبسکن
|,dibebat,دببت
|,dibecakkan,دبيچقکن
|,dibedah,دبده
|,dibedaki,دبدقي
|,dibedakkan,دبدقکن
|,dibedal,دبدل
|,dibedil,دبديل
|,dibedung,دبدوڠ
|,dibega,دبيݢا
|,dibekali,دبکلي
|,dibekalkan,دبکلکن
|,dibekam,دبکم
|,dibeku,دبکو
|,dibekukan,دبکوکن
|,dibela,دبلا
|,dibela,دبيلا
|,dibelah,دبله
|,dibelai,دبلاي
|,dibelakangi,دبلاکڠي
|,dibelakangkan,دبلاکڠکن
|,dikebelakangkan,دکبلاکڠکن
|,dibelanja,دبلنجا
|,dibelanjakan,دبلنجاکن
|,dibelantan,دبلنتن
|,dibelasah,دبلاسه
|,dibelek,دبيليق
|,dibelek-belek,دبيليق ـ بيليق
|,dibelenggu,دبلڠݢو
|,dibeli,دبلي
|,dibeliakkan,دبلياقکن
|,dibelit,دبليت
|,dibelok,دبيلوق
|,dibelot,دبيلوت
|,dibelu-belai,دبلو ـ بلاي
|,dibenam,دبنم
|,dibenamkan,دبنمکن
|,dibenangi,دبنڠي
|,dibenar,دبنر
|,dibenarkan,دبنرکن
|,dibenci,دبنچي
|,dibendung,دبندوڠ
|,dibengkalaikan,دبڠکالايکن
|,dibengkelkan,دبيڠکيلکن
|,dibengkokkan,دبيڠکوقکن
|,dibengkung,دبڠکوڠ
|,dibeningkan,دبنيڠکن
|,dibentak,دبنتق
|,dibentang,دبنتڠ
|,dibentangi,دبنتڠي
|,dibentangkan,دبنتڠکن
|,dibentengi,دبينتيڠي
|,dibentuk,دبنتوق
|,dibentur,دبنتور
|,diberahikan,دبراهيکن
|,diberani-beranikan,دبراني ـ برانيکن
|,diberanikan,دبرانيکن
|,diberaso,دبراسو
|,diberati,دبرتي
|,diberatkan,دبرتکن
|,diberesi,دبيريسي
|,dibereskan,دبيريسکن
|,diberi,دبري
|,diberikan,دبريکن
|,diberitakan,دبريتاکن
|,diberkas,دبرکس
|,diberkati,دبرکتي
|,dibersihkan,دبرسيهکن
|,diberus,دبروس
|,dibesarkan,دبسرکن
|,diperbesar,دڤربسر
|,dibetulkan,دبتولکن
|,diperbetul,دڤربتول
|,dibezakan,دبيذاکن
|,dibeza-bezakan,دبيذا ـ بيذاکن
|,dibiak,دبياق
|,dibiar,دبيار
|,dibias,دبياس
|,dibiasakan,دبياساکن
|,dibiayai,دبياياءي
|,dibicara,دبيچارا
|,dibicarakan,دبيچاراکن
|,dibidani,دبيدني
|,dibidas,دبيدس
|,dibikin,دبيکين
|,dibilkan,دبيلکن
|,dibilang,دبيلڠ
|,dibilas,دبيلس
|,dibimbangi,دبيمبڠي
|,dibimbangkan,دبيمبڠکن
|,dibimbing,دبيمبيڠ
|,dibimbit,دبيمبيت
|,dibinkan,دبنکن
|,dibina,دبينا
|,dibinasakan,دبيناساکن
|,dibincang,دبينچڠ
|,dibincangkan,دبينچڠکن
|,dibingkas,دبيڠکس
|,dibintangi,دبينتڠي
|,dibintikan,دبنتيکن
|,dibiskan,دبيسکن
|,dibisik-bisik,دبيسيق ـ بيسيق
|,dibisikkan,دبيسيقکن
|,dibius,دبيوس
|,dibocorkan,دبوچورکن
|,dibodohkan,دبودوهکن
|,diperbodoh,دڤربودوه
|,dibogelkan,دبوݢيلکن
|,dibohongi,دبوهوڠي
|,dibohongkan,دبوهوڠکن
|,diboikot,دبويکوت
|,dibolehkan,دبوليهکن
|,diperboleh,دڤربوليه
|,dibolot,دبولوت
|,dibom,دبوم
|,dibonekakan,دبونيکاکن
|,dibongkar,دبوڠکر
|,dibongkokkan,دبوڠکوقکن
|,diborong,دبوروڠ
|,diboroskan,دبوروسکن
|,dibotakkan,دبوتقکن
|,dibotolkan,دبوتولکن
|,dibrek,دبريک
|,dibuai,دبواي
|,dibual,دبوال
|,dibualkan,دبوالکن
|,diperbualkan,دڤربوالکن
|,dibuang,دبواڠ
|,dibuangkan,دبواڠکن
|,dibuat,دبوات
|,dibuat-buat,دبوات ـ بوات
|,dibubarkan,دبوبرکن
|,dibubuh,دبوبوه
|,diperbudak-budakkan,دڤربودق ـ بودقکن
|,dibudayakan,دبوداياکن
|,dibui,دبوي
|,dibujuk,دبوجوق
|,dibujurkan,دبوجورکن
|,dibuka,دبوک
|,dibukai,دبوکاءي
|,dibukakan,دبوکاکن
|,dibuktikan,دبو قتيکن
|,dibukukan,دبوکوکن
|,dibulatkan,دبولتکن
|,dibumbui,دبومبوءي
|,dibumbungi,دبومبوڠي
|,dikebumikan,دکبوميکن
|,dibundarkan,دبوندرکن
|,dibungkus,دبوڠکوس
|,dibuntingkan,دبونتيڠکن
|,dibuntukan,دبونتوکن
|,dibuntungi,دبونتوڠي
|,dibuntungkan,دبونتوڠکن
|,dibunuh,دبونوه
|,dibunyikan,دبوپيکن
|,dibura,دبورا
|,diburu,دبورو
|,diburuk-burukkan,دبوروق ـ بوروقکن
|,dibusuk-busukkan,دبوسوق ـ بوسوکن
|,dibusukkan,دبوسوقکن
|,dibutakan,دبوتاکن
|,dibutang,دبوتڠ
|,dibutirkan,دبوتيرکن
|,dicabar,دچابر
|,dicabik,دچابيق
|,dicabik-cabik,دچابيق ـ چابيق
|,dicabik-cabikkan,دچابيق ـ چابيقکن
|,dicabikkan,دچابيقکن
|,dicabuli,دچابولي
|,dicabut,دچابوت
|,dicacah,دچاچه
|,dicacak,دچاچق
|,dicacakkan,دچاچقکن
|,dicaci,دچاچي
|,dicadang,دچادڠ
|,dicadangkan,دچادڠکن
|,dicagarkan,دچاݢرکن
|,dicahayai,دچهاياءي
|,dicairkan,دچاءيرکن
|,dicakapkan,دچاکڤکن
|,dicakar,دچاکر
|,dicakar-cakar,دچاکر ـ چاکر
|,dicakupi,دچاکوڤي
|,dicalarkan,دچالرکن
|,dicalit,دچاليت
|,dicalonkan,دچالونکن
|,dicamkan,دچمکن
|,dicambahkan,دچمبهکن
|,dicampakkan,دچامڤقکن
|,dicampur,دچمڤور
|,dicampuri,دچمڤوري
|,dicampurkan,دچمڤورکن
|,dicanai,دچاناي
|,dicanangkan,دچانڠکن
|,dicangkuk,دچاڠکوق
|,dicangkul,دچڠکول
|,dicantas,دچنتس
|,dicantikkan,دچنتيقکن
|,dicantum,دچنتوم
|,dicantumkan,دچنتومکن
|,dicap,دچڤ
|,dicapai,دچاڤاي
|,dicaplok,دچاڤلوق
|,dicari,دچاري
|,dicarik,دچاريق
|,dicarik-carik,دچاريق ـ چاريق
|,dicaruk,دچاروق
|,dicarum,دچاروم
|,dicaruti,دچاروتي
|,dicas,دچس
|,dicat,دچت
|,dicatat,دچاتت
|,dicatu,دچاتو
|,dicatuk,دچاتوق
|,dicatut,دچاتوت
|,dicebak,دچبق
|,dicebik,دچبيق
|,dicebok,دچيبوق
|,diceburi,دچبوري
|,dicecah,دچچه
|,dicecahi,دچچهي
|,dicecahkan,دچچهکن
|,dicecap,دچچڤ
|,dicederakan,دچدراکن
|,dicedok,دچيدوق
|,dicegah,دچݢه
|,dicekah,دچکه
|,dicekak,دچکق
|,dicekam,دچکم
|,dicekau,دچکاو
|,dicekik,دچکيق
|,dicekup,دچکوڤ
|,dicela,دچلا
|,dicelah,دچله
|,dicelak,دچلق
|,dicelarukan,دچلاروکن
|,dicelik,دچليق
|,dicelup,دچلوڤ
|,dicelupkan,دچلوڤکن
|,dicelur,دچلور
|,dicemari,دچمري
|,dicemaskan,دچمسکن
|,dicemburui,دچمبوروءي
|,dicempung,دچمڤوڠ
|,dicemuh,دچموه
|,dicencang,دچنچڠ
|,dicengkam,دچڠکم
|,dicepatkan,دچڤتکن
|,dipercepat,دڤرچڤت
|,dicerahkan,دچرهکن
|,diceraikan,دچرايکن
|,dicerai-beraikan,دچراي ـ برايکن
|,dicerakini,دچراکيني
|,diceramahkan,دچرامهکن
|,dicerca,دچرچا
|,dicerekakan,دچريکاکن
|,dicergaskan,دچرݢسکن
|,diceritakan,دچريتاکن
|,dicerna,دچرنا
|,dicernakan,دچرناکن
|,diceroboh,دچروبوه
|,dicerobohi,دچروبوهي
|,dicerucuk,دچروچوق
|,dicerut,دچروت
|,dicetak,دچيتق
|,dicetuskan,دچتوسکن
|,dicicipi,دچيچيڤي
|,dicicirkan,دچيچيرکن
|,dicintai,دچينتاءي
|,dicipta,دچيڤتا
|,dicirikan,دچيريکن
|,dicita-citakan,دچيتا ـ چيتاکن
|,dicium,دچيوم
|,dicodak,دچودق
|,dicoket,دچوکيت
|,dicolek,دچوليق
|,dicondongkan,دچوندوڠکن
|,dicongak,دچوڠق
|,diconteng,دچونتيڠ
|,dicontohi,دچونتوهي
|,dicontohkan,دچونتوهکن
|,dicopet,دچوڤيت
|,dicopot,دچوڤوت
|,dicopoti,دچوڤوتي
|,dicor,دچور
|,dicorak,دچورق
|,dicorakkan,دچورقکن
|,dicorek,دچوريق
|,dicoreng,دچوريڠ
|,dicorengkan,دچوريڠکن
|,dicoret,دچوريت
|,dicuaikan,دچوايکن
|,dicuba,دچوبا
|,dicubit,دچوبيت
|,dicuci,دچوچي
|,dicucikan,دچوچيکن
|,dicucuh,دچوچوه
|,dicucuhkan,دچوچوهکن
|,dicucuk,دچوچوق
|,dicucukkan,دچوچوقکن
|,dicucuri,دچوچوري
|,dicucurkan,دچوچورکن
|,dicuil,دچوءيل
|,dicuit,دچوءيت
|,dicukai,دچوکاي
|,dicukupkan,دچوکوڤکن
|,dicukur,دچوکور
|,diculik,دچوليق
|,dicumbu,دچومبو
|,dicumbui,دچومبوءي
|,dicungkil,دچوڠکيل
|,dicurahi,دچورهي
|,dicurahkan,دچورهکن
|,dicuri,دچوري
|,dicurigai,دچوريݢاءي
|,dicurigakan,دچوريݢاکن
|,dab,ضب
|,daba,داب
|,dabah (zabah),دبح
|,dabak,دابق
|,dabal,دابل
|,dabat,دابة
|,dabbatulardi,دابة الأرض
|,dabih,دابيه
|,dabik,دابيق
|,dabing,دابيڠ
|,didabing,ددابيڠ
|,dabir,دابير
|,dabliu,دبليو
|,dabung,دابوڠ
|,didabung,ددابوڠ
|,dabus,دابوس
|,dacing,داچيڠ
|,didacing,دداچيڠ
|,dad,ضاد
|,dada,دادا
|,dadaan,داداءن
|,dadah,داده
|,dadak,دادق
|,dadap,دادڤ
|,dadar,دادر
|,dadek,داديق
|,dadi,دادي
|,dadih,داديه
|,dadu,دادو
|,daduh,دادوه
|,daduk,دادوق
|,dadun,دادون
|,dadung,دادوڠ
|,daeng,داءيڠ
|,daerah,داءيره
|,di daerah,دداءيره
|,dafah,دفعة
|,dafnah,دفنه
|,dafodil,دافوديل
|,daftar,دفتر
|,didaftar,ددفتر
|,didaftarkan,ددفترکن
|,daga (dahaga),داݢ
|,daga-dagi,داݢا ـ داݢي
|,dagang,داݢڠ
|,dagangan,داݢڠن
|,didagangkan,دداݢڠکن
|,diperdagangkan,دڤرداݢڠکن
|,dagel,داݢل
|,dagelan,داݢلن
|,dagi,داݢي
|,daging,داݢيڠ
|,dagu,داݢو
|,dagun,داݢون
|,dah,ده
|,dahaga,دهاݢ
|,dahaga-dahagi,دهاݢا ـ دهاݢي
|,dahagi,دهاݢي
|,dahak,داهق
|,daham,داهم
|,dahan,داهن
|,dahar,داهر
|,dahara,دهارا
|,dahi,داهي
|,dahiat,داهية
|,dahina,دهينا
|,dahlia,دهليا
|,dahri,دهري
|,dahriah,دهريه
|,dahsyat,دهشت
|,dahulu,دهولو
|,dahulu-mendahului,دهولو ـ مندهولوءي
|,didahului,ددهولوءي
|,didahulukan,ددهولوکن
|,dahulukala,دهولوکالا
|,dai,داعي
|,daif,ضعيف
|,daik,داءيق
|,dail,داءيل
|,didail,دداءيل
|,daim,داءيم
|,daiman,دايمن
|,daing (daeng),داءيڠ
|,daisi,دايسي
|,daitia (datia),دايتيا
|,dajal,دجال
|,dak,دک
|,daka,داک
|,dakah,داکه
|,dakap,داکڤ
|,dakapan,داکڤن
|,didakap,دداکڤ
|,dakar,داکر
|,dakelin,دکلين
|,dakhil,دخيل
|,daki,داکي
|,dakian,داکين
|,didaki,دداکي
|,dakon,داکون
|,dakron,دکرون
|,daksina,دقسينا
|,daktil,دکتيل
|,daktilitis,دکتيليتيس
|,daku,داکو
|,dakwa,دعوا
|,dakwa-dakwi,دعوا ـ دعوي
|,dakwaan,دعواءن
|,didakwa,ددعوا
|,dakwah,دعوه
|,dakwat,دعوت
|,dakyah (diayah),دعيه
|,dal,دل
|,dala,دالا
|,dalal,دلال
|,dalalah (sesat),ضلالة
|,dalalah (barua),دلاله
|,dalam,دالم
|,dalaman,دالمن
|,dalam-dalam,دالم٢
|,dalang,دالڠ
|,didalangi,ددالڠي
|,didalangkan,ددالڠکن
|,dalca,دلچا
|,daldaru,دلدارو
|,dalfin (dolfin),دلفين
|,dali,دالي
|,dali-dali,دالي٢
|,dalih,داليه
|,dalil,دليل
|,didalilkan,ددليلکن
|,daling,داليڠ
|,dalu,دالو
|,dalu-dalu,دالو٢
|,daluang,دالواڠ
|,dalung,دالوڠ
|,daluwarsa (kedaluwarsa),دالوورسا
|,dam,دم
|,damah (damas),دامه
|,damai,داماي
|,didamaikan,ددامايکن
|,diperdamai,دڤرداماي
|,damak,دامق
|,damak-damak,دامق٢
|,damal,دامل
|,daman,دامن
|,damar,دامر
|,damas,دامس
|,damba,دمبا
|,dambaan,دمباءن
|,dambar,دمبار
|,dambin,دمبين
|,dambun,دمبون
|,damdam,دمدم
|,dami,دامي
|,damik,دامبق
|,dammah,ضمة
|,dampak,دامڤق
|,dampar,دمڤر
|,dampil,دمڤيل
|,damping,دمڤيڠ
|,didampingi,ددمڤيڠي
|,dampit,دمڤيت
|,damprat,دمڤرت
|,dampratan,دمڤرتن
|,dan (kata hubung),دان
|,dan (sempat),دن
|,dan-dan,دن٢
|,dana,دانا
|,danai,داناي
|,danasiswa,داناسيسوا
|,danau,داناو
|,danawa,دناوا
|,dandan,دندن
|,dandanan,دندنن
|,didandan,ددندن
|,dandang,داندڠ
|,dandelion,دنديليون
|,dandi,دندي
|,dang,دڠ
|,dangai,داڠاي
|,dangau,داڠاو
|,dangdut,دڠدوت
|,didangdutkan,ددڠدوتکن
|,dangir,داڠير
|,dangka,دڠک
|,dangka-dangka,دڠک٢
|,dangkal,دڠکل
|,dangkalan,دڠکلن
|,didangkalkan,ددڠکلکن
|,dangkung,داڠکوڠ
|,dangla,دڠلا
|,danguk,داڠوق
|,dansa,دنسا
|,dansa-dansi,دنسا ـ دنسي
|,dansanak,دنسانق
|,dansing,دنسيڠ
|,danta,دنتا
|,danu,دانو
|,danuh,دانوه
|,danur,دانور
|,dap,دڤ
|,dapa,داڤ
|,dapat,داڤت
|,dapatan,داڤتن
|,dapati,داڤتي
|,didapati,دداڤتي
|,daperas (dapra),داڤرس
|,dapra,دڤرا
|,dapur,داڤور
|,dapur-dapur,داڤور٢
|,dar,دار
|,dara,دارا
|,darab,ضرب
|,didarabkan,دضربکن
|,darah,داره
|,darai,داراي
|,darajat,درجة
|,daraji (derji),دراجي
|,daras,دارس
|,darat,دارت
|,daratan,دارتن
|,darat-darau,دارت ـ داراو
|,dari,دري
|,dari-dari,دري٢
|,darihal,دريحال
|,daripada,درڤد
|,darjah,درجه
|,darjat,درجت
|,didarjatkan,ددرجتکن
|,disedarjatkan,دسدرجتکن
|,darji (derji),درجي
|,darma,درما
|,darmabakti,درمابقتي
|,darmawisata,درماويسات
|,daru,دارو
|,daru-daru,دارو٢
|,darulakhirat,دارالأخرة
|,darulbaqa,دارالبقاء
|,darulfana,دارالفناء
|,darulharab,دارالحرب
|,darulharbi,دارالحرب
|,darulislam,دارالإسلام
|,daruljalal,دارالجلال
|,darun,دارون
|,darurat,ضرورة
|,daruri,ضروري
|,darussalam,دارالسلام
|,darwis,درويس
|,das,دس
|,dasa,داس
|,dasalumba,داسالومبا
|,dasar,داسر
|,didasarkan,دداسرکن
|,dasau,داساو
|,dasawarsa,داساورسا
|,dasi,داسي
|,dastur,دستور
|,dasun,داسون
|,dasur,داسور
|,dat,دت
|,data,داتا
|,datafon,داتافون
|,datang,داتڠ
|,datangan,داتڠن
|,datang-datang,داتڠ٢
|,datang-mendatangi,داتڠ ـ منداتڠي
|,didatangi,دداتڠي
|,didatangkan,دداتڠکن
|,datar,داتر
|,dataran,داترن
|,didatarkan,دداترکن
|,dati,داتي
|,datia,داتيا
|,dating,داتيڠ
|,datu,داتو
|,datuk,داتوق
|,datung,داتوڠ
|,dauk,داءوق
|,daulah,دولة
|,daulat,داولت
|,didaulatkan,دداولتکن
|,daun,داءون
|,daunan,داءونن
|,daun-daunan,داءون ـ داءونن
|,daup,داءوڤ
|,daup-daup,داءوڤ٢
|,daur,داءور
|,dawah,داوه
|,dawai,داواي
|,dawai-dawai,داواي٢
|,daya,داي
|,diperdayakan,دڤرداياکن
|,dayah,دايه
|,dayang,دايڠ
|,dayang-dayang,دايڠ٢
|,dayu,دايو
|,dayuh,دايوه
|,dayuk,دايوق
|,dayung,دايوڠ
|,dayungan,مندايوڠ
|,didayung,ددايوڠ
|,dayus,دايوس
|,debab,ديبب
|,debah,دبه
|,debak,دبق
|,debak-debuk,دبق ـ دبوق
|,debam,دبم
|,deban,دبن
|,debap,دبڤ
|,debar,دبر
|,debaran,دبرن
|,debas,دبس
|,debat,ديبت
|,didebatkan,دديبتکن
|,debek,ديبيق
|,debentur,ديبينتور
|,debik,دبيق
|,debing,دبيڠ
|,debit,ديبيت
|,didebitkan,دديبيتکن
|,debitur,ديبيتور
|,debu,دبو
|,debuk,دبوق
|,debum,دبوم
|,debun,دبون
|,debung,دبوڠ
|,debunga,دبوڠا
|,didebungakan,ددبوڠاکن
|,debup,دبوڤ
|,debur,دبور
|,deburan,دبورن
|,debus,دبوس
|,debut,دبوت
|,debut,ديبوت
|,decak,ديچق
|,decap,دچڤ
|,deceh (decap),ديچيه
|,decik (decit),دچيق
|,decing,دچيڠ
|,decip,دچيڤ
|,decit,دچيت
|,decitan,دچيتن
|,decuh,دچوه
|,decuh-decah,دچوه ـ دچه
|,decup,دچوڤ
|,decur,دچور
|,decus (desus),دچوس
|,decut,دچوت
|,dedah,دده
|,dedahan,ددهن
|,didedah,ددده
|,dedai,دداي
|,dedak,ددق
|,dedali,ددالي
|,dedalu,ددالو
|,dedamak,ددامق
|,dedap,ددڤ
|,dedar,ددر
|,dedari,دداري
|,dedaru,ددارو
|,dedas,ددس
|,dedau,دداو
|,dedaun,دداءون
|,dedaunan,دداءونن
|,dedaup,دداءوڤ
|,dedawai,دداواي
|,dedeh,ديديه
|,dedek,ددق
|,dedel,ديديل
|,dedeman,دديمن
|,dedemit,ددميت
|,deder,ديدير
|,dedes,ديديس
|,dedikasi,ديديکاسي
|,deduit,ددوءيت
|,deduksi,ديدوکسي
|,deduktif,ديدوکتيف
|,dedulang,ددولڠ
|,deejay,ديجي
|,de facto,دي فيکتو
|,defendan,ديفيندن
|,defensif,ديفينسيف
|,defile,ديفيلي
|,definisi,ديفينيسي
|,didefinisikan,دديفينيسيکن
|,definitif,ديفينيتيف
|,defisit,ديفيسيت
|,deflasi,ديفلاسي
|,deformasi,ديفورماسي
|,degam,دݢم
|,degan,دݢن
|,degap,دݢڤ
|,degap-degup,دݢڤ ـ دݢوڤ
|,degar,دݢر
|,degil,دݢيل
|,deging,دݢيڠ
|,degradasi,ديݢراداسي
|,deguk,دݢوق
|,degum,دݢوم
|,degum-degam,دݢوم ـ دݢم
|,degung,دݢوڠ
|,degup,دݢوڤ
|,degup-degap,دݢوڤ ـ دݢڤ
|,degupan,دݢوڤن
|,degur,دݢور
|,deham,دهم
|,de jure,دي جوري
|,dek,ديک
|,deka-,ديکا ـ 
|,dekad,ديکد
|,dekaden,ديکادين
|,dekadensi,ديکادينسي
|,dekagon,ديکاݢون
|,dekagram,ديکاݢرم
|,dekah,دکه
|,dekahan,دکهن
|,dekahedron,ديکاهيدرون
|,dekak,دکق
|,dekak-dekak,دکق٢
|,dekaliter,ديکاليتر
|,dekam,دکم
|,dekameter,ديکاميتر
|,dekan (sj tikus),دکن
|,dekan (ketua fakulti),ديکن
|,dekang,دکڠ
|,dekap,دکڤ
|,dekapan,دکڤن
|,didekapkan,ددکڤکن
|,dekar,ديکر
|,dekat,دکت
|,dekat-dekat,دکت٢
|,didekati,ددکتي
|,didekatkan,ددکتکن
|,dekatlon,ديکاتلون
|,deket,ديکيت
|,dekih,دکيه
|,dekil,دکيل
|,deking,ديکيڠ
|,dideking,دديکيڠ
|,dekit,دکيت
|,deklamasi,ديکلاماسي
|,dideklamasikan,دديکلاماسيکن
|,deklarasi,ديکلاراسي
|,dekor,ديکور
|,dekorasi,ديکوراسي
|,dekoratif,ديکوراتيف
|,dekret,دکريت
|,dekri,ديکري
|,dekron (dakron),ديکرون
|,dekstrin,ديکسترين
|,dekstrosa,ديکستروسا
|,deku,دکو
|,dekuh,دکوه
|,dekuh-dekah,دکوه ـ دکه
|,dekuk,دکوق
|,dekunci,دکونچي
|,dekung (degung),دکوڠ
|,dekus,دکوس
|,dekut,دکوت
|,delah,دله
|,delak (delik),دلق
|,delamak,دلامق
|,delan,دلن
|,delap,دلڤ
|,delapan,دلاڤن
|,delegasi,ديليݢاسي
|,didelegasikan,دديليݢاسيکن
|,delegat,ديلݢت
|,delemak (delamak),دلمق
|,deleman (delman),ديلمن
|,deler,دلير
|,deli (delik),دلي
|,delik,دليق
|,delima,دليما
|,delinggam (sedelinggam),دليڠݢم
|,delinkuen,ديلينکوئن
|,delman,ديلمن
|,delta,ديلتا
|,deltiologi,ديلتيولوݢي
|,deluang (jeluang),دلواڠ
|,delujur,دلوجور
|,delung,دلوڠ
|,delusi,ديلوسي
|,delut (jelut),دلوت
|,dema,ديما
|,demagog,ديماݢوݢ
|,demagogi,ديماݢوݢي
|,demah,دمه
|,didemah,ددمه
|,demam,دمم
|,deman,دمن
|,demang,دمڠ
|,demap,دمڤ
|,demarkasi,ديمرکاسي
|,dembai,دمباي
|,dembam,دمبم
|,demberang,دمبرڠ
|,demberangan,دمبرڠن
|,dembun,دمبون
|,demdem,دمدم
|,demek,دمق
|,demen,دمن
|,demi,دمي
|,demik,دميق
|,demikian,دمکين
|,demiliterisasi,ديميليتريساسي
|,demis,دميس
|,demisioner,ديميسيونير
|,demit,دميت
|,demo,ديمو
|,demobilisan,ديموبيليسن
|,demobilisasi,ديموبيليساسي
|,demografi,ديموݢرافي
|,demokrasi,ديموکراسي
|,didemokrasikan,دديموکراسيکن
|,demokrat,ديموکرت
|,demokratik,ديموکراتيک
|,demokratis,ديموکراتيس
|,demonstrasi,ديمونستراسي
|,demonstratif,ديمونستراتيف
|,demoralisasi,ديموراليساسي
|,dempak,دمڤق
|,dempang,دمڤڠ
|,dempek,ديمڤيق
|,dempet,ديمڤيت
|,dempir,دمڤير
|,dempit,دمڤيت
|,dempuk,دمڤوق
|,dempul,دمڤول
|,dempung,دمڤوڠ
|,demuduk,دمودوق
|,demut,دموت
|,den,دين
|,dena (dina),دينا
|,denah,دينه
|,denai,دناي
|,denak,دنق
|,dencang,دنچڠ
|,denda,دندا
|,dendaan,دنداءن
|,didenda,ددندا
|,dendalu (dedalu),دندالو
|,dendam,دندم
|,dendaman,دندمن
|,dendam-mendendam,دندم ـ مندندم
|,didendami,ددندمي
|,dendan (dandan),دندن
|,dendang (lagu),ديندڠ
|,dendangan,ديندڠن
|,didendangkan,دديندڠکن
|,dendeng,دينديڠ
|,denderam,دندرم
|,dendrokronologi,ديندروکرونولوݢي
|,dendulang (dulang),دندولڠ
|,dengak,دڠق
|,dengan,دڠن
|,dengap,دڠڤ
|,dengar,دڠر
|,dengar-dengar,دڠر٢
|,dengar-dengaran,دڠر ـ دڠرن
|,didengar,ددڠر
|,didengari,ددڠري
|,diperdengarkan,دڤردڠرکن
|,denggi,ديڠݢي
|,dengih,دڠيه
|,dengik (dengih),دڠيق
|,denging,دڠيڠ
|,dengingan,دڠيڠن
|,dengkang,دڠکڠ
|,dengkang,ديڠکڠ
|,dengkang-dengkol,ديڠکڠ ـ ديڠکول
|,dengkel,ديڠکيل
|,dengki,دڠکي
|,dengki-mendengki,دڠکي ـ مندڠکي
|,dengkik,دڠکيق
|,dengking,دڠکيڠ
|,dengkis,دڠکيس
|,dengkol,ديڠکول
|,dengkot,ديڠکوت
|,dengkul,دڠکول
|,dengkung,دڠکوڠ
|,dengkur,دڠکور
|,dengkuran,دڠکورن
|,dengkus,دڠکوس
|,dengu (dungu),دڠو
|,denguh (lenguh),دڠوه
|,denguk,دڠوق
|,dengung,دڠوڠ
|,dengungan,دڠوڠن
|,dengus,دڠوس
|,dengusan,دڠوسن
|,dengut,دڠوت
|,denim,دينيم
|,dening,دنيڠ
|,denitrifikasi,دينيتريفيکاسي
|,denotasi,دينوتاسي
|,denotatif,دينوتاتيف
|,densimeter,دينسيميتر
|,densiti,دينسيتي
|,dentam,دنتم
|,dentaman,دنتمن
|,dentang,دنتڠ
|,dentangan,دنتڠن
|,dentin,دينتين
|,denting,دنتيڠ
|,dentingan,دنتيڠن
|,dentum,دنتوم
|,dentuman,دنتومن
|,dentung,دنتوڠ
|,dentur (letupan kecil),دنتور
|,dentur (gigi palsu),دينتور
|,denyar,دپر
|,denyaran,دپرن
|,denyut,دپوت
|,denyutan,دپوتن
|,deodoran,ديودورن
|,depa,دڤا
|,didepakan,ددڤاکن
|,depa,ديڤا
|,depak,دڤق
|,depan,دڤن
|,depan-depan,دڤن٢
|,didepankan,ددڤنکن
|,dikedepankan,دکدڤنکن
|,depang,دڤڠ
|,depangan,دڤڠن
|,depap (debap),دڤڤ
|,depati,دڤاتي
|,depersonalisasi,ديڤرسوناليساسي
|,depoh,ديڤوه
|,deposit,ديڤوسيت
|,didepositkan,دديڤوسيتکن
|,depositori,ديڤوسيتوري
|,depot,ديڤوت
|,depresi,ديڤريسي
|,depu,دڤو
|,depun,دڤون
|,depus,دڤوس
|,dera,درا
|,deraan,دراءن
|,didera,ددرا
|,derahan,دراهن
|,derai,دراي
|,deraian,دراين
|,derajang,دراجڠ
|,derajat (darjat),درجت
|,derak,درق
|,derakan,درقن
|,derak-derik,درق ـ دريق
|,deram,درم
|,deraman,درمن
|,deram-deram,درم٢
|,deram-derum,درم ـ دروم
|,derana,دران
|,derang,درڠ
|,derap,درڤ
|,deras,درس
|,diperderas,دڤردرس
|,derau,دراو
|,derauan,دراوان
|,derawa,دراوا
|,derek,ديريق
|,deres,ديريس
|,deresi,دريسي
|,deret,ديريت
|,deretan,ديريتن
|,dergama,درݢام
|,derhaka,درهاک
|,derham,درهم
|,deria,دريا
|,deriaan,درياءن
|,dideria,ددريا'
|,derik (bunyi),دريق
|,derik (menara),ديريق
|,deril,دريل
|,dering,دريڠ
|,deringan,دريڠن
|,deringo,دريڠو
|,deringu,دريڠو
|,deris,دريس
|,derisip,دريسيڤ
|,derit,دريت
|,derita,دريتا
|,deritaan,دريتاءن
|,dideritai,ددريتاءي
|,derivasi,ديريۏاسي
|,derja (durja),درجا
|,derjana (durjana),درجان
|,derjat (darjat),درجت
|,derji,درجي
|,derma,درما
|,didermakan,ددرماکن
|,dermaga,درماݢ
|,derman,درمن
|,dermasiswa,درماسيسوا
|,dermatitis,درماتيتيس
|,dermatologi,درماتولوݢي
|,dermawan,درماون
|,dermis,درميس
|,dersana,درسان
|,dersik,درسيق
|,deru,درو
|,deruan,دروان
|,deruji,دروجي
|,deruk,دروق
|,derum,دروم
|,deruman,درومن
|,derun,درون
|,derung,دروڠ
|,derup,دروڤ
|,derus,دروس
|,derut,دروت
|,desa,ديسا
|,desah,دسه
|,desahan,دسهن
|,desak,دسق
|,desakan,دسقن
|,didesak,ددسق
|,desar,دسر
|,desas,دسس
|,desas-desus,دسس ـ دسوس
|,didesas-desuskan,ددسس ـ دسوسکن
|,desau,دساو
|,desawan,ديساون
|,desentralisasi,ديسينتراليساسي
|,desert,ديسرت
|,desi-,ديسي ـ 
|,desibel,ديسيبل
|,desigram,ديسيݢرم
|,desik,دسيق
|,desiliter,ديسيليتر
|,desimal,ديسيمل
|,desimeter,ديسيميتر
|,desing,دسيڠ
|,desingan,دسيڠن
|,desir,دسير
|,desiran,دسيرن
|,desis,دسيس
|,desisan,دسيسن
|,desit,دسيت
|,deskripsi,ديسکريڤسي
|,dideskripsikan,دديسکريڤسيکن
|,deskriptif,ديسکريڤتيف
|,despot,ديسڤوت
|,despotisme,ديسڤوتيسمى
|,destar,دستر
|,destinasi,ديستيناسي
|,destruktif,ديستروکتيف
|,desuk,دسوق
|,desup,دسوڤ
|,desur,دسور
|,desus,دسوس
|,desus-desis,دسوس ـ دسيس
|,desut,دسوت
|,detak,دتق
|,didetakkan,ددتقکن
|,detap,دتڤ
|,detapan,دتڤن
|,detar,دتر
|,detas,دتس
|,detektif,ديتيکتيف
|,detente,ديتنتى
|,detergen,ديترݢن
|,determinisme,ديترمينيسمى
|,detik,دتيق
|,detikan,دتيقن
|,deting,دتيڠ
|,detoksifikasi,ديتوکسيفيکاسي
|,detup,دتوڤ
|,detup-detap,دتوڤ ـ دتڤ
|,detus,دتوس
|,deuterium,ديوتريوم
|,deuteron,ديوترون
|,devaluasi,ديۏالواسي
|,devian,ديۏيان
|,dewa,ديوا
|,didewa-dewakan,دديوا ـ ديواکن
|,dewadaru,ديوادارو
|,dewal,ديوال
|,dewala,ديوالا
|,dewan,ديوان
|,dewana,ديوانا
|,dewangga,ديواڠݢ
|,dewani,ديواني
|,dewasa,ديواس
|,dewata,ديوات
|,dewek,ديويق
|,dewi,ديوي
|,dia,دي
|,diabetes,ديابيتيس
|,diafon,ديافون
|,diaforesis,ديافوريسيس
|,diafragma,ديافرݢما
|,diagnosis,دياݢنوسيس
|,diagnostik,دياݢنوستيک
|,diagram,دياݢرم
|,diah (diat),دية
|,diakoni,دياکوني
|,diakritik,دياکريتيک
|,diakronik,دياکرونيک
|,dialek,دياليک
|,dialektik,دياليکتيک
|,dialektologi,دياليکتولوݢي
|,dialisis,دياليسيس
|,dialog,ديالوݢ
|,diam,ديام
|,diam-diam,ديام٢
|,didiami,دديامي
|,diameter,دياميتر
|,diamorf,ديامورف
|,dian,ديان
|,diang,دياڠ
|,diar,ديار
|,diarea,دياريا
|,diari,دياري
|,diarki,ديارکي
|,diaspora,دياسڤورا
|,diastase,دياستاسى
|,diastole,دياستولي
|,diat,دية
|,diatonik,دياتونيک
|,diayah,دعايه
|,didiayahkan,ددعايهکن
|,dibaja,ديباج
|,didaktik,ديدکتيک
|,didaktisisme,ديدکتيسيسمى
|,didal,ديدل
|,didih,ديديه
|,dididihkan,دديديهکن
|,didik,ديديق
|,dididik,دديديق
|,didikan,ديديقن
|,didis,ديديس
|,didong,ديدوڠ
|,diesel,ديسيل
|,diesius,ديئيسيوس
|,diestrus,ديئيستروس
|,diet,ديئت
|,dietetik,ديئيتيتيک
|,dif,ضيف
|,difteria,ديفتيريا
|,diftong,ديفتوڠ
|,difusi,ديفوسي
|,digit,ديݢيت
|,digital,ديݢيتل
|,diglosia,ديݢلوسيا
|,digniti,ديݢنيتي
|,digraf,ديݢرف
|,dikara,ديکارا
|,dikau,ديکاو
|,dikir,ديکير
|,dikit,ديکيت
|,diko,ديکو
|,dikotiledon,ديکوتيليدون
|,dikotomi,ديکوتومي
|,dikri,ديکري
|,didikrikan,دديکريکن
|,diksa,ديقسا
|,diksi,ديکسي
|,diktafon,ديکتافون
|,diktator,ديکتاتور
|,diktatorial,ديکتاتوريال
|,diktum,ديکتوم
|,dil,ديل
|,dila,ديلا
|,dilah,ديله
|,dilam,ديلم
|,dilema,ديليما
|,dim,ديم
|,dim sum,ديم سوم
|,dimensi,ديمينسي
|,dimiti,ديميتي
|,dimpit,ديمڤيت
|,din,دين
|,dina,دينا
|,dinamik,ديناميک
|,dinamis (dinamik),ديناميس
|,dinamisme,ديناميسمى
|,dinamit,ديناميت
|,dinamo,دينامو
|,dinar,دينر
|,dinas,دينس
|,dinasti,دينستي
|,dinda,ديندا
|,dinding,دينديڠ
|,didindingi,ددينديڠي
|,dines (dinas),دينس
|,ding,ديڠ
|,dinggo,ديڠݢو
|,dingin,ديڠين
|,didinginkan,دديڠينکن
|,dingkelik,ديڠکليق
|,dingkis,ديڠکيس
|,dingkit,ديڠکيت
|,dingo,ديڠو
|,dini,ديني
|,dinihari,دينيهاري
|,dinosaur,دينوساءور
|,diod,ديود
|,dioksida,ديوکسيدا
|,diorama,ديوراما
|,dipan,ديڤن
|,dipati (adipati),ديڤاتي
|,diploma,ديڤلوما
|,diplomasi,ديڤلوماسي
|,diplomat,ديڤلومت
|,diplomatik,ديڤلوماتيک
|,diplopia,ديڤلوڤيا
|,dipsomania,ديڤسومانيا
|,dirah (zirah),ديره
|,diraja,دراج
|,direktif,دريکتيف
|,direktorat,ديريکتورت
|,direktori,ديريکتوري
|,dirgahayu,ديرݢاهايو
|,dirham,درهم
|,diri,ديري
|,didirikan,دديريکن
|,diris,ديريس
|,dirus,ديروس
|,disakarida,ديساکاريدا
|,diseksi,ديسيکسي
|,disenteri,ديسينتري
|,disertasi,ديسرتاسي
|,disfasia,ديسفاسيا
|,disfemisme,ديسفيميسمى
|,disfonia,ديسفونيا
|,disfungsi,ديسفوڠسي
|,disgrafia,ديسݢرافيا
|,disharmoni,ديسهرموني
|,disimilasi,ديسيميلاسي
|,disinfeksi,ديسئينفيکسي
|,disinfektan,ديسئينفيکتن
|,disinflasi,ديسئينفلاسي
|,disiplin,ديسيڤلين
|,didisiplinkan,ددسيڤلينکن
|,diskaun,ديسکاءون
|,disket,ديسکيت
|,disko,ديسکو
|,diskriminasi,ديسکريميناسي
|,didiskriminasikan,دديسکريميناسيکن
|,diskriminatif,ديسکريميناتيف
|,diskus,ديسکوس
|,diskusi,ديسکوسي
|,dislalia,ديسلاليا
|,disopia,ديسوڤيا
|,disorientasi,ديسئوريئينتاسي
|,dispareunia,ديسڤاريونيا
|,dispensari,ديسڤينساري
|,dispensasi,ديسڤينساسي
|,dispepsia,ديسڤيڤسيا
|,disprosium,ديسڤروسيوم
|,distaksia,ديستکسيا
|,distingtif,ديستيڠتيف
|,distosia,ديستوسيا
|,distribusi,ديستريبوسي
|,distrik,ديستريک
|,disulfida,ديسولفيدا
|,disuria,ديسوريا
|,dito,ديتو
|,diuresis,ديوريسيس
|,diuretik,ديوريتيک
|,diurnal,ديورنل
|,dius,ديوس
|,diva,ديۏا
|,diversifikasi,ديۏرسيفيکاسي
|,diversiti,ديۏرسيتي
|,dividen,ديۏيدن
|,divisyen,ديۏيشن
|,diwangsa (adiwangsa),ديواڠسا
|,diwani (dewani),ديواني
|,doa,دعاء
|,didoakan,ددعاءکن
|,doang,دوءڠ
|,doangan,دوءڠن
|,dobel,دوبل
|,dobi,دوبي
|,doble,دوبلي
|,dobol,دوبول
|,dobolo,دوبولو
|,dobrak,دوبرق
|,dodekagon,دوديکاݢون
|,dodekahedron,دوديکاهيدرون
|,dodet,دوديت
|,dodoi,دودوي
|,dodoian,دودوين
|,dodol,دودول
|,dodong,دودوڠ
|,dodor,دودور
|,dodos,دودوس
|,dodot,دودوت
|,dogan,دوݢن
|,dogel,دوݢيل
|,dogeng,دوݢيڠ
|,doger,دوݢير
|,dogma,دوݢما
|,dogmatik,دوݢماتيک
|,dogmatisme,دوݢماتيسمى
|,dogol,دوݢول
|,didogolkan,ددوݢولکن
|,doh,دوه
|,dohok,دوهوق
|,doili,دويلي
|,dok,دوق
|,dokar,دوکر
|,doket,دوکيت
|,dokoh,دوکوه
|,dokok-dokok,دوکوق٢
|,dokong,دوکوڠ
|,doktor,دوکتور
|,doktrin,دوکترين
|,didoktrinkan,ددوکترينکن
|,dokumen,دوکومن
|,didokumenkan,ددوکومنکن
|,dokumentari,دوکومنتاري
|,dokumentasi,دوکومنتاسي
|,didokumentasikan,ددوکومنتاسيکن
|,dol,دول
|,dolak-dalik,دولق ـ داليق
|,dolar,دولر
|,doldrum,دولدروم
|,dolfin,دولفين
|,doli,دولي
|,dolok,دولوق
|,dolomit,دولوميت
|,domah,دومه
|,domain,دوماءين
|,domba,دومبا
|,domestik,دوميستيک
|,dominan,دومينن
|,dominasi,دوميناسي
|,dominggo,دوميڠݢو
|,dominion,دومينيون
|,domino,دومينو
|,domisil,دوميسيل
|,domol,دومول
|,dompak,دومڤق
|,dompet,دومڤيت
|,domplangan,دومڤلڠن
|,donat,دونت
|,doncang,دونچڠ
|,dondang,دوندڠ
|,dondangan,دوندڠن
|,dondon,دوندون
|,dondong,دوندوڠ
|,dong,دوڠ
|,dongah (dongak),دوڠه
|,dongak,دوڠق
|,didongak,ددوڠق
|,dongan,دوڠن
|,dongeng,دوڠيڠ
|,didongengkan,ددوڠيڠکن
|,dongengan,دوڠيڠن
|,dongkak,دوڠکق
|,dongkel,دوڠکيل
|,dongkok,دوڠکوق
|,dongkol,دوڠکول
|,dongkrak,دوڠکرق
|,dongok,دوڠوق
|,donia,دونيا
|,dop,دوڤ
|,dor,دور
|,dorang,دورڠ
|,dorm,دورم
|,dorman,دورمن
|,dormitori,دورميتوري
|,dorna,دورنا
|,doro,دورو
|,dorong,دوروڠ
|,didorong,ددوروڠ
|,dorongan,دوروڠن
|,dorong-mendorong,دوروڠ ـ مندوروڠ
|,dorongarah,دوروڠاره
|,dorsal,دورسل
|,dos,دوس
|,dosa,دوسا
|,dosej,دوسيج
|,dosen,دوسين
|,dosimeter,دوسيميتر
|,dosonok,دوسونوق
|,doti,دوتي
|,doyak,دويق
|,doyan,دويان
|,doyen,دوين
|,doyong,دويوڠ
|,dozen,دوزين
|,draf,درف
|,didraf,ددرف
|,didrafkan,ددرفکن
|,dram,درم
|,drama,دراما
|,didramakan,ددراماکن
|,dramatari,دراماتاري
|,dramatik,دراماتيک
|,dramatis,دراماتيس
|,dramatisasi,دراماتيساسي
|,didramatisasi,ددراماتيساسي
|,dramaturgi,دراماتورݢي
|,dramawan,دراماون
|,drastik,درستيک
|,drebar,دريبر
|,drel,دريل
|,dresar,دريسر
|,dril,دريل
|,dron,درون
|,dropsi,دروڤسي
|,drumlin,دروملين
|,dua,دوا
|,diperduakan,دڤردواکن
|,dua-dua,دوا٢
|,duai,دواي
|,duak,دواق
|,dualam,دوالم
|,dualapan,دوالاڤن
|,dualisme,دواليسمى
|,dubalang (hulubalang),دوبالڠ
|,dubang,دوبڠ
|,dubes,دوبس
|,dubilah,دوبيله
|,dubuk,دوبوق
|,dubur,دوبور
|,duda,دودا
|,dudi,دودي
|,dudu,دودو
|,duduk,دودوق
|,diduduki,ددودوقي
|,duduk-duduk,دودوق٢
|,dudur,دودور
|,dudut,دودوت
|,duet,دوءيت
|,duga,دوݢ
|,diduga,ددوݢ
|,dugaan,دوݢاءن
|,dugal,دوݢل
|,dugang,دوݢڠ
|,dugas,دوݢس
|,dugong,دوݢوڠ
|,duha,ضحى
|,duit,دوءيت
|,deduit,ددوءيت
|,duitan,دوءيتن
|,duit-duit,دوءيت٢
|,duka,دوک
|,dukacarita,دوکاچريتا
|,dukacita,دوکاچيتا
|,dukan,دوکن
|,dukana,دوکان
|,dukat,دوکت
|,duktus,دوکتوس
|,duku,دوکو
|,dukuh,دوکوه
|,dukun,دوکون
|,dukung,دوکوڠ
|,didukung,ددوکوڠ
|,dukungan,دوکوڠن
|,dukut,دوکوت
|,dulang,دولڠ
|,dulang-dulang,دولڠ٢
|,dulapan,دولاڤن
|,duli,دولي
|,duling,دوليڠ
|,dulsimer,دولسيمر
|,dulu,دولو
|,dumbel,دومبيل
|,dumdum,دومدوم
|,dumka,دومکا
|,dumping (damping),دومڤيڠ
|,dumpuk,دومڤوق
|,dumung,دوموڠ
|,dunak,دونق
|,dungari,دوڠاري
|,dungas,دوڠس
|,dungkul,دوڠکول
|,dungu,دوڠو
|,dungun,دوڠون
|,dunia,دنيا
|,duniawi,دنياوي
|,duniawiah,دنياويه
|,duodenum,دوودينوم
|,duopoli,دووڤولي
|,duopsoni,دووڤسوني
|,dupa,دوڤا
|,dupak,دوڤق
|,dupleks,دوڤليکس
|,duplikasi,دوڤليکاسي
|,diduplikasikan,ددوڤليکاسيکن
|,dur,دور
|,dura,دورا
|,duralium,دوراليوم
|,duralumin,دورالومين
|,dura mater,دوراماتر
|,durat,درة
|,dures,دورس
|,durhaka (derhaka),درهاک
|,duri,دوري
|,durian,دورين
|,durias,دورياس
|,duriat (zuriat),دورية
|,durja,دورجا
|,durjana,دورجان
|,dursila,دورسيلا
|,duru,دورو
|,dusanak (dansanak),دوسانق
|,dusi,دوسي
|,dusin,دوسين
|,dusta,دوستا
|,didustai,ددوستاءي
|,dustur,دوستور
|,dusun,دوسون
|,duta,دوتا
|,duti,دوتي
|,duyun,دويون
|,duyung,دويوڠ
|,dwi-,دوي ـ 
|,dwiarah,دويأره
|,dwiatom,دويأتوم
|,dwibahasa,دويبهاس
|,dwibahasawan,دويبهاساون
|,dwibelah,دويبله
|,dwibibir,دويبيبير
|,dwibudaya,دويبوداي
|,dwibulanan,دويبولنن
|,dwibunga,دويبوڠا
|,dwicabang,دويچابڠ
|,dwicekat,دويچکت
|,dwicekung,دويچکوڠ
|,dwicembung,دويچمبوڠ
|,dwidarma,دويدرما
|,dwidaun,دويداءون
|,dwidewan,دويديوان
|,dwifokus,دويفوکوس
|,dwifungsi,دويفوڠسي
|,dwiganda,دويݢندا
|,dwigelombang,دويݢلومبڠ
|,dwiguna,دويݢونا
|,dwihuruf,دويحروف
|,dwijantina,دويجنتينا
|,dwilambang,دويلامبڠ
|,dwilingga,دويليڠݢ
|,dwilipat,دويليڤت
|,dwilogam,دويلوݢم
|,dwimatra,دويمترا
|,dwimingguan,دويميڠݢوان
|,dwimolekul,دويموليکول
|,dwimusim,دويموسيم
|,dwipaksa,دويڤقسا
|,dwipaksi,دويڤقسي
|,dwipartisan,دويڤرتيسن
|,dwipasang,دويڤاسڠ
|,dwipecahan,دويڤچهن
|,dwipihak,دويڤيهق
|,dwipurwa,دويڤوروا
|,dwisamping,دويسمڤيڠ
|,dwiseksual,دويسيکسوال
|,dwisisi,دويسيسي
|,dwistandard,دويستندرد
|,dwisuku,دويسوکو
|,dwisyarat,دويشرط
|,dwitahunan,دويتاهونن
|,dwitunggal,دويتوڠݢل
|,dwiwarna,دويورنا
|,diedarkan,دأيدرکن
|,diedit,دأيديت
|,dieja,دأيجا
|,diejek,دأيجيق
|,diekori,دأيکوري
|,dieksperimen,دأيکسڤيريمن
|,dieksploitasi,دأيکسڤلوءيتاسي
|,dieksport,دأيکسڤورت
|,dielakkan,دأيلقکن
|,diperelok,دڤرايلوق
|,diembuni,دأمبوني
|,diempangi,دأمڤڠي
|,diempap,دأمڤڤ
|,diendapkan,دأندڤکن
|,diengsot,دأيڠسوت
|,dieram,دأرم
|,dieratkan,دأرتکن
|,dipererat,دڤرارت
|,diertikan,دأرتيکن
|,dimengerti,دمڠرتي
|,dimengertikan,دمڠرتيکن
|,difahami,دفهمي
|,difahamkan,دفهمکن
|,difailkan,دفاءيلکن
|,difardukan,دفرضوکن
|,difikirkan,دفيکيرکن
|,difilemkan,دفيلمکن
|,difirmankan,دفرمانکن
|,difitnah,دفتنه
|,difokuskan,دفوکوسکن
|,diformalkan,دفورملکن
|,diformatkan,دفورمتکن
|,difotokopi,دفوتوکوڤي
|,digabung,دݢابوڠ
|,digabungkan,دݢابوڠکن
|,digadai,دݢاداي
|,digadaikan,دݢادايکن
|,digagah,دݢاݢه
|,digagahi,دݢاݢهي
|,digagalkan,دݢاݢلکن
|,digagau,دݢاݢاو
|,digajikan,دݢاجيکن
|,digalakkan,دݢالقکن
|,digalang,دݢالڠ
|,digalas,دݢالس
|,digali,دݢالي
|,digam,دݢم
|,digamkan,دݢمکن
|,digambarkan,دݢمبرکن
|,digamit,دݢاميت
|,digandakan,دݢنداکن
|,digandingkan,دݢانديڠکن
|,diganduli,دݢندولي
|,digandulkan,دݢندولکن
|,diganggang,دݢاڠݢڠ
|,diganggu,دݢڠݢو
|,diganjak,دݢانجق
|,diganjakkan,دݢانجقکن
|,diganjari,دݢنجري
|,diganti,دݢنتي
|,digantikan,دݢنتيکن
|,digantung,دݢنتوڠ
|,digantungkan,دݢنتوڠکن
|,diganyah,دݢاپه
|,diganyang,دݢاپڠ
|,digapai,دݢاڤاي
|,digarami,دݢارمي
|,digaramkan,دݢارمکن
|,digarap,دݢارڤ
|,digari,دݢاري
|,digaris,دݢاريس
|,digarisi,دݢاريسي
|,digariskan,دݢاريسکن
|,digaru,دݢارو
|,digarukan,دݢاروکن
|,digarukkan,دݢاروقکن
|,digasak,دݢاسق
|,digaul,دݢاءول
|,digaulkan,دݢاءولکن
|,digayakan,دݢاياکن
|,digayut,دݢايوت
|,digegarkan,دݢݢرکن
|,digelak,دݢلق
|,digelapkan,دݢلڤکن
|,digelar,دݢلر
|,digeledah,دݢليده
|,digelek,دݢيليق
|,digeleng-gelengkan,دݢيليڠ ـ ݢيليڠکن
|,digeletek,دݢليتيق
|,digembar-gemburkan,دݢمبر ـ ݢمبورکن
|,digembleng,دݢمبليڠ
|,digembur,دݢمبور
|,digemparkan,دݢمڤرکن
|,digempur,دݢمڤور
|,digenangi,دݢنڠي
|,digendengkan,دݢينديڠکن
|,digendong,دݢيندوڠ
|,digentari,دݢنتري
|,digentel,دݢينتيل
|,digerak,دݢرق
|,digerakkan,دݢرقکن
|,digergaji,دݢرݢاجي
|,digertak,دݢرتق
|,digerudi,دݢرودي
|,digesa,دݢسا
|,digesa-gesa,دݢسا ـ ݢسا
|,digesek,دݢيسيق
|,digaitkan,دݢياتکن
|,dipergiat,دڤرݢيات
|,digigit,دݢيݢيت
|,digilap,دݢيلڤ
|,digilas,دݢيلس
|,digilik,دݢيليق
|,digiling,دݢيليڠ
|,digilir-gilirkan,دݢيلير ـ ݢيليرکن
|,digilis,دݢيليس
|,digobek,دݢوبيق
|,digoda,دݢودا
|,digodak,دݢودق
|,digodam,دݢودم
|,digolek,دݢوليق
|,digolongkan,دݢولوڠکن
|,digomol,دݢومول
|,digoncang,دݢونچڠ
|,digondol,دݢوندول
|,digonggong,دݢوڠݢوڠ
|,digonyeh,دݢوپيه
|,digoreng,دݢوريڠ
|,digores,دݢوريس
|,digorok,دݢوروق
|,digosipkan,دݢوسيڤکن
|,digosok,دݢوسوق
|,digoyang-goyangkan,دݢويڠ ـ ݢويڠکن
|,digred,دݢريد
|,digukan,دݢوکن
|,digubal,دݢوبل
|,digugat,دݢوݢت
|,digugur,دݢوݢور
|,digugurlan,دݢوݢورکن
|,digula-gulakan,دݢولا ـ ݢولاکن
|,digulaikan,دݢولايکن
|,diguling,دݢوليڠ
|,digulingkan,دݢوليڠکن
|,digulung,دݢولوڠ
|,digumpal,دݢومڤل
|,digunakan,دݢوناکن
|,dipergunakan,دڤرݢوناکن
|,digunting,دݢونتيڠ
|,digunungkan,دݢونوڠکن
|,digusari,دݢوسري
|,dihabiskan,دهابيسکن
|,dihadkan,دحدکن
|,dihadam,دهضم
|,dihadapkan,دهادڤکن
|,dihadiahi,دهديهي
|,dihadiahkan,دهديهکن
|,dihajati,دحاجتي
|,dihajatkan,دحاجتکن
|,dihakimi,دحاکيمي
|,dihakimkan,دحاکيمکن
|,dihakis,دهاکيس
|,dihalkan,دحالکن
|,dihalakan,دهالاکن
|,dihalalkan,دحلالکن
|,dihalang,دهالڠ
|,dihalau,دهالاو
|,dihaluskan,دهالوسکن
|,diperhalus,دڤرهالوس
|,dihambakan,دهمباکن
|,diperhamba,دڤرهمبا
|,diperhambakan,دڤرهمباکن
|,dihambat,دهمبت
|,dihambur,دهمبور
|,dihamburkan,دهمبورکن
|,dihamilkan,دحاميلکن
|,dihampakan,دهمڤاکن
|,dihampar,دهمڤر
|,dihampiri,دهمڤيري
|,dihamput,دهمڤوت
|,dihamun,دهامون
|,dihancur,دهنچور
|,dihancurkan,دهنچورکن
|,dihangatkan,دهاڠتکن
|,dihangitkan,دهاڠيتکن
|,dihanguskan,دهاڠوسکن
|,dihantar,دهانتر
|,dihantarkan,دهانترکن
|,dihantui,دهنتوءي
|,dihantuk,دهنتوق
|,dihantukkan,دهنتوقکن
|,dihanyutkan,دهاپوتکن
|,dihapuskan,دهاڤوسکن
|,diharamkan,دحرامکن
|,diharap,دهارڤ
|,diharapkan,دهارڤکن
|,dihargai,دهرݢاءي
|,diharmonikan,دهرمونيکن
|,diharu-birukan,دهارو ـ بيروکن
|,diharumi,دهارومي
|,diharumkan,دهارومکن
|,diharungi,دهاروڠي
|,diharuskan,دهاروسکن
|,dihasilkan,دحاصيلکن
|,dihasut,دهاسوت
|,diperhati,دڤرهاتي
|,diperhatikan,دڤرهاتيکن
|,dihayati,دحياتي
|,dihebahkan,دهيبهکن
|,diperhebat,دڤرهيبت
|,dihebohkan,دهيبوهکن
|,dihela,دهيلا
|,dihematkan,دهيمتکن
|,dihembus,دهمبوس
|,dihembuskan,دهمبوسکن
|,dihempap,دهمڤڤ
|,dihempas,دهمڤس
|,dihempaskan,دهمڤسکن
|,dihempuk,دهمڤوق
|,dikehendaki,دکهندقي
|,dihendap,دهندڤ
|,diheningkan,دهنيڠکن
|,dihentak,دهنتق
|,dihentakkan,دهنتقکن
|,dihentam,دهنتم
|,diberhentikan,دبرهنتيکن
|,dihentikan,دهنتيکن
|,diherdik,دهرديق
|,diheret,دهيريت
|,dihiburkan,دهيبورکن
|,dihidangkan,دهيدڠکن
|,dihidupkan,دهيدوڤکن
|,dihijaukan,دهيجاوکن
|,dihilangkan,دهيلڠکن
|,dihimpit,دهيمڤيت
|,dihimpunkan,دهيمڤونکن
|,dihina,دهينا
|,dihindari,دهيندري
|,dihindarkan,دهيندرکن
|,dihinggapi,دهيڠݢڤي
|,dihinggut,دهيڠݢوت
|,dihiraukan,دهيراوکن
|,dihiris,دهيريس
|,dihirup,دهيروڤ
|,dihisap,دهيسڤ
|,dihitamkan,دهيتمکن
|,dihon,دهون
|,dihormati,دحرمتي
|,dihubungi,دهوبوڠي
|,dihubungkan,دهوبوڠکن
|,dihujani,دهوجني
|,dihukum,دحکوم
|,dihulur,دهولور
|,dihumban,دهومبن
|,dihumbankan,دهومبنکن
|,dihuni,دهوني
|,dihunjam,دهونجم
|,dihunus,دهونوس
|,dihurai,دهوراي
|,dihuraikan,دهورايکن
|,dihuru-harakan,دهورو ـ هاراکن
|,dihurung,دهوروڠ
|,diiakan,دأياکن
|,diibaratkan,دعبارتکن
|,diidam-idamkan,دأيدام ـ ايدامکن
|,diidamkan,دأيدامکن
|,diidghamkan,دأدغامکن
|,diijabkan,دأيجابکن
|,diijabkabulkan,دأيجابقبولکن
|,diikat,دأيکت
|,diikatkan,دأيکتکن
|,diikhtiarkan,دأختيارکن
|,diiklankan,دأعلانکن
|,diiktirafkan,دأعترافکن
|,diikuti,دأيکوتي
|,diilhamkan,دألهامکن
|,diimami,دأمامي
|,diimamkan,دأمامکن
|,diimbangi,دأيمبڠي
|,diseimbangkan,دسأيمبڠکن
|,diimbuhkan,دأيمبوهکن
|,diimpikan,دأيمڤيکن
|,diimport,دأيمڤورت
|,diinai,دأيناي
|,diinapi,دأينڤي
|,diindahkan,دأيندهکن
|,diperindah,دڤراينده
|,diindustrikan,دأيندوستريکن
|,diingatkan,دأيڠتکن
|,diingini,دأيڠيني
|,diinginkan,دأيڠينکن
|,diingkari,دأيڠکري
|,diinsuranskan,دأينسورنسکن
|,diintai,دأينتاي
|,diintegrasikan,دأينتݢراسيکن
|,diintip,دأينتيڤ
|,diirik,دأيريق
|,diiringi,دأيريڠي
|,diisi,دأيسي
|,diisikan,دأيسيکن
|,diisih,دأيسيه
|,diislamkan,دإسلامکن
|,diperisterikan,دڤرايستريکن
|,diistilahkan,دأيستيلهکن
|,diistimewakan,دأيستيميواکن
|,diisyaratkan,دأشارتکن
|,diisytiharkan,دأشتهارکن
|,diizinkan,دأيذينکن
|,dijabarkan,دجابرکن
|,dijabat,دجابت
|,dijadikan,دجاديکن
|,dijadualkan,دجدوالکن
|,dijaga,دجاݢ
|,dijahanamkan,دجهنمکن
|,dijahit,دجاهيت
|,dijaja,دجاج
|,dijajah,دجاجه
|,disejajarkan,دسجاجرکن
|,dijala,دجالا
|,dijalankan,دجالنکن
|,dijalinkan,دجالينکن
|,dijalirkan,دجاليرکن
|,dijalurkan,دجالورکن
|,dijamah,دجامه
|,dijamakkan,دجمعکن
|,dijamin,دجامين
|,dijaminkan,دجامينکن
|,dijampi,دجمڤي
|,dijampuk,دجمڤوق
|,dijamu,دجامو
|,dijanakan,دجاناکن
|,dijangati,دجاڠتي
|,dijangatkan,دجاڠتکن
|,dijanggalkan,دجڠݢلکن
|,dijangka,دجڠک
|,dijangkakan,دجڠکاکن
|,dijangkau,دجاڠکاو
|,dijangkih,دجڠکيه
|,dijangkiti,دجاڠکيتي
|,dijanjikan,دجنجيکن
|,dijantani,دجنتني
|,dijara,دجارا
|,dijaraki,دجارقي
|,dijarakkan,دجارقکن
|,dijaram,دجارم
|,dijarangkan,دجارڠکن
|,dijaras,دجارس
|,dijaring,دجاريڠ
|,dijaringkan,دجاريڠکن
|,disejatikan,دسجاتيکن
|,dijatuhi,دجاتوهي
|,dijatuhkan,دجاتوهکن
|,dijauhi,دجاءوهي
|,dijauhkan,دجاءوهکن
|,dijawab,دجواب
|,dijawat,دجاوت
|,dijawikan,دجاويکن
|,dijayakan,دجاياکن
|,dijazamkan,دجزمکن
|,dijebak,دجبق
|,dijebik,دجبيق
|,dijegangkan,دجݢڠکن
|,dijegil,دجݢيل
|,dijejakkan,دججقکن
|,dijejaskan,دججسکن
|,dijelkan,دجيلکن
|,dijelagakan,دجلاݢاکن
|,dijelajah,دجلاجه
|,dijelajahi,دجلاجهي
|,dijelaskan,دجلسکن
|,dijelikan,دجليکن
|,dijeling,دجليڠ
|,dijelirkan,دجليرکن
|,dijelitakan,دجليتاکن
|,dijelmakan,دجلماکن
|,dijelujur,دجلوجور
|,dijelujuri,دجلوجوري
|,dijelum,دجلوم
|,dijembakan,دجمباکن
|,dijemput,دجمڤوت
|,dijemur,دجمور
|,dijenamakan,دجناماکن
|,dijenang,دجنڠ
|,dijenangi,دجنڠي
|,dijenazahkan,دجنازهکن
|,dijenengkan,دجينيڠکن
|,dijengahkan,دجڠهکن
|,dijengitkan,دجڠيتکن
|,dijengkal,دجڠکل
|,dijengkek-jengkek,دجيڠکيق ـ جيڠکيق
|,dijengketkan,دجيڠکيتکن
|,dijenguk,دجڠوق
|,dijeniskan,دجنيسکن
|,dijentik,دجنتيق
|,dijerang,دجرڠ
|,dijerapkan,دجرڤکن
|,dijerat,دجرت
|,dijerauskan,دجراءوسکن
|,diperjerihkan,دڤرجريهکن
|,dijeritkan,دجريتکن
|,dijerkah,دجرکه
|,dijerluskan,دجرلوسکن
|,dijernihkan,دجرنيهکن
|,dijeruk,دجروق
|,dijerukun,دجروکون
|,dijerumat,دجرومت
|,dijerumuskan,دجروموسکن
|,dijerungkis,دجروڠکيس
|,dijerungkupkan,دجروڠکوڤکن
|,dijilid,دجيليد
|,dijimatkan,دجيمتکن
|,dijinakkan,دجينقکن
|,dijinjing,دجينجيڠ
|,dijiplakan,جيڤلقن
|,dijirus,دجيروس
|,dijiwai,دجيواءي
|,dijiwit,دجيويت
|,dijodohkan,دجودوهکن
|,dijodongkan,دجودوڠکن
|,dijohani,دجوهني
|,dijolek,دجوليق
|,dijolikan,دجوليکن
|,dijolok,دجولوق
|,dijonget,دجوڠيت
|,dijongket,دجوڠکيت
|,dijongolkan,دجوڠولکن
|,dijonjot,دجونجوت
|,dijoreng-joreng,دجوريڠ ـ جوريڠ
|,dijuak,دجواق
|,dijual,دجوالن
|,dijualkan,دجوالکن
|,diperjuangkan,دڤرجواڠکن
|,dijuarai,دجواراءي
|,diperjudikan,دڤرجوديکن
|,dijuduli,دجودولي
|,dijudulkan,دجودولکن
|,dijuihkan,دجوءيهکن
|,dijujukan,دجوجوکن
|,dijujut,دجوجوت
|,dijulang,دجولڠ
|,dijulingi,دجوليڠي
|,dijulurkan,دجولورکن
|,dijumlahkan,دجوملهکن
|,dijumpai,دجومڤاءي
|,dijumudkan,دجومودکن
|,dijunamkan,دجونمکن
|,dijunjung,دجونجوڠ
|,dijunjungkan,دجونجوڠکن
|,dijuntai,دجونتاي
|,dijuntaikan,دجونتايکن
|,dijurangi,دجورڠي
|,dijurangkan,دجورڠکن
|,dijuruskan,دجوروسکن
|,dijuruterai,دجوروتراءي
|,dijustifikasikan,دجوستيفيکاسيکن
|,dikabir,دکابير
|,dikabulkan,دقبولکن
|,dikaburi,دکابوري
|,dikabutkan,دکابوتکن
|,dikacan,دکاچن
|,dikacar,دکاچر
|,dikacau,دکاچاو
|,dikacip,دکاچيڤ
|,dikacuk,دکاچوق
|,dikacukkan,دکاچوقکن
|,dikadkan,دکدکن
|,dikafirkan,دکافيرکن
|,dikagumi,دکاݢومي
|,dikahwinkan,دکهوينکن
|,dikail,دکاءيل
|,dikais,دکاءيس
|,dikaiskan,دکاءيسکن
|,dikait,دکاءيت
|,dikaitkan,دکاءيتکن
|,dikajangi,دکاجڠي
|,dikaji,دکاجي
|,dikakas,دکاکس
|,dikakis,دکاکيس
|,dikakukan,دکاکوکن
|,dikalahkan,دکالهکن
|,dikalaikan,دکالايکن
|,dikalengkan,دکاليڠکن
|,dikali,دکالي
|,dikalikan,دکاليکن
|,diperkalikan,دڤرکاليکن
|,dikalicaukan,دکليچاوکن
|,dikaliskan,دکاليسکن
|,dikalung,دکالوڠ
|,dikalungi,دکالوڠي
|,dikalungkan,دکالوڠکن
|,dikalutkan,دکالوتکن
|,dikamban,دکامبن
|,dikambus,دکمبوس
|,dikampuhkan,دکامڤوهکن
|,dikampungi,دکامڤوڠي
|,dikampungkan,دکامڤوڠکن
|,dikamuskan,دقاموسکن
|,dikanankan,دکاننکن
|,dikancingkan,دکانچيڠکن
|,dikandang,دکاندڠ
|,dikandangkan,دکاندڠکن
|,dikandar,دکندر
|,dikandarkan,دکندرکن
|,dikandaskan,دکندسکن
|,dikandung,دکاندوڠ
|,dikandungi,دکاندوڠي
|,dikandungkan,دکاندوڠکن
|,dikangkang,دکڠکڠ
|,dikangkangi,دکڠکڠي
|,dikangkangkan,دکڠکڠکن
|,dikanji,دکنجي
|,dikantungi,دکانتوڠي
|,dikanunkan,دقانونکن
|,dikapak,دکاڤق
|,dikapani,دکاڤني
|,dikapankan,دکاڤنکن
|,dikapuh,دکاڤوه
|,dikapuk,دکاڤوق
|,dikapuri,دکاڤوري
|,dikapurkan,دکاڤورکن
|,dikaramkan,دکارمکن
|,dikaran,دکارن
|,dikarankan,دکارنکن
|,dikarang,دکارڠ
|,dikarangkan,دکارڠکن
|,dikaratkan,دکارتکن
|,dikarate,دکاراتي
|,dikasari,دکاسري
|,dikasihi,دکاسيهي
|,dikatai,دکاتاءي
|,dikatakan,دکاتاکن
|,diperkatakan,دڤرکاتاکن
|,dikatalogkan,دکاتالوݢکن
|,dikategorikan,دکاتݢوريکن
|,dikatupkan,دکاتوڤکن
|,dikaunseling,دکاءونسليڠ
|,dikawal,دکاول
|,dikawali,دکاولي
|,dikawani,دکاوني
|,dikawankan,دکاونکن
|,diperkaya,دڤرکاي
|,dikayuh,دکايوه
|,dikebalkan,دکبلکن
|,dikebas,دکبس
|,dikebaskan,دکبسکن
|,dikebat,دکبت
|,dikecai-kecaikan,دکچاي ـ کچايکن
|,dikecami,دکچمي
|,dikecapi,دکچڤي
|,dikecek,دکيچيق
|,dikecek-kecek,دکيچيق ـ کيچيق
|,dikecewakan,دکچيواکن
|,dikecilkan,دکچيلکن
|,diperkecil,دڤرکچيل
|,diperkecil-kecil,دڤرکچيل ـ کچيل
|,dikecualikan,دکچواليکن
|,dikecutkan,دکچوتکن
|,dikedangkan,دکدڠکن
|,dikedip-kedip,دکديڤ ـ کديڤ
|,dikedutkan,دکدوتکن
|,dikejami,دکجمي
|,dikejan,دکجن
|,dikejangkan,دکجڠکن
|,dikejapkan,دکجڤکن
|,diperkejap,دڤرکجڤ
|,dikejar,دکجر
|,dikejari,دکجري
|,dikejarkan,دکجرکن
|,dikeji,دکجي
|,dikejutkan,دکجوتکن
|,dikekalkan,دککلکن
|,dikekokkan,دکيکوقکن
|,dikelabui,دکلابوءي
|,dikelainkan,دکلاءينکن
|,dikelamkan,دکلمکن
|,dikelar-kelar,دکلر ـ کلر
|,dikelaskan,دکلسکن
|,dikelas-kelaskan,دکلس ـ کلسکن
|,dikelebek,دکليبيق
|,dikelek,دکيليق
|,dikelelotkan,دکليلوتکن
|,dikelikkan,دکليقکن
|,dikelilingi,دکليليڠي
|,dikelip,دکليڤ
|,dikelipkan,دکليڤکن
|,dikelirukan,دکليروکن
|,dikelitkan,دکليتکن
|,dikelobakkan,دکلوبقکن
|,dikelokkan,دکيلوقکن
|,dikelolakan,دکلولاکن
|,dikelompokkan,دکلومڤوقکن
|,dikelukan,دکلوکن
|,dikeluarkan,دکلوارکن
|,dikelubungi,دکلوبوڠي
|,dikeluhi,دکلوهي
|,dikemam,دکمم
|,dikemaskan,دکمسکن
|,diperkemas,دڤرکمس
|,dikembalikan,دکمباليکن
|,dikembangkan,دکمبڠکن
|,diperkembang,دڤرکمبڠ
|,dikembarkan,دکمبرکن
|,dikembarai,دکمباراءي
|,dikembiri,دکمبيري
|,dikembungkan,دکمبوڠکن
|,dikembur-kemburkan,دکمبور ـ کمبورکن
|,dikemikkan,دکميقکن
|,dikempa,دکمڤا
|,dikempiskan,دکمڤيسکن
|,dikemudikan,دکموديکن
|,dikemudiankan,دکمودينکن
|,dikemut,دکموت
|,dikenai,دکناءي
|,dikenakan,دکناکن
|,dikenali,دکنلي
|,diperkenalkan,دڤرکنلکن
|,diperkenankan,دڤرکننکن
|,dikenang,دکنڠ
|,dikenangi,دکنڠي
|,dikenangkan,دکنڠکن
|,dikencangkan,دکنچڠکن
|,dikencingi,دکنچيڠي
|,dikencongkan,دکينچوڠکن
|,dikendalikan,دکنداليکن
|,dikenderai,دکندراءي
|,dikendong,دکيندوڠ
|,dikendurkan,دکندورکن
|,dikendurikan,دکندوريکن
|,dikenjah,دکنجه
|,dikentalkan,دکنتلکن
|,dikenyalkan,دکپلکن
|,dikenyit,دکپيت
|,dikenyitkan,دکپيتکن
|,dikepak-kepakkan,دکڤق ـ کڤقکن
|,dikepak,دکيڤق
|,dikepal,دکڤل
|,dikepalkan,دکڤلکن
|,dikepal-kepalkan,دکڤل ـ کڤلکن
|,dikepalai,دکڤلاءي
|,dikepilkan,دکڤيلکن
|,dikepingkan,دکڤيڠکن
|,dikepit,دکڤيت
|,dikepulkan,دکڤولکن
|,dikepung,دکڤوڠ
|,dikepungi,دکڤوڠي
|,dikerabit,دکرابيت
|,dikerabitkan,دکرابيتکن
|,dikerahkan,دکرهکن
|,dikerakali,دکراکلي
|,dikerasi,دکرسي
|,dikeraskan,دکرسکن
|,dikerat,دکرت
|,dikerbuk,دکربوق
|,dikerdipkan,دکرديڤکن
|,dikerekotkan,دکريکوتکن
|,dikerenyot,دکريپوت
|,dikerik,دکريق
|,dikerikili,دکريکيلي
|,dikeringi,دکريڠي
|,dikeringkan,دکريڠکن
|,dikeritingkan,دکريتيڠکن
|,dikerjakan,دکرجاکن
|,dikerjapkan,دکرجڤکن
|,dikerkah,دکرکه
|,dikerkau,دکرکاو
|,dikerlingkan,دکرليڠکن
|,dikerlip-kerlipkan,دکرليڤ ـ کرليڤکن
|,dikernyitkan,دکرپيتکن
|,dikernyutkan,دکرپوتکن
|,dikeroyok,دکرويوق
|,dikerpus,دکرڤوس
|,dikerubungi,دکروبوڠي
|,dikerudungi,دکرودوڠي
|,dikeruhkan,دکروهکن
|,dikeruk,دکروق
|,dikerukutkan,دکروکوتکن
|,dikerumit,دکروميت
|,dikerumukkan,دکروموقکن
|,dikerumuni,دکروموني
|,dikerumunkan,دکرومونکن
|,dipengerusikan,دڤڠروسيکن
|,dikerutkan,دکروتکن
|,dikerutungi,دکروتوڠي
|,dikesali,دکسلي
|,dikesalkan,دکسلکن
|,dikesan,دکسن
|,dikesani,دکسني
|,dikesat,دکست
|,dikesatkan,دکستکن
|,dikesot,دکيسوت
|,dikesotkan,دکيسوتکن
|,dikesumba,دکسومبا
|,diketam,دکتم
|,diketatkan,دکتتکن
|,diperketat,دڤرکتت
|,diketawakan,دکتاواکن
|,diketemukan,دکتموکن
|,diketik,دکتيق
|,diketip,دکتيڤ
|,diketis,دکتيس
|,diketuai,دکتواءي
|,diketuk,دکتوق
|,diketul-ketulkan,دکتول ـ کتولکن
|,dikhabarkan,دخبرکن
|,dikhaskan,دخاصکن
|,dikhatamkan,دختمکن
|,dikhatankan,دختنکن
|,dikhayalkan,دخيالکن
|,dikhianati,دخيانتي
|,dikhuatiri,دخواطيري
|,dikhususkan,دخصوصکن
|,dikiaskan,دقياسکن
|,dikiatkan,دکياتکن
|,dikibarkan,دکيبرکن
|,dikibar-kibarkan,دکيبر ـ کيبرکن
|,dikibas,دکيبس
|,dikibas-kibaskan,دکيبس ـ کيبسکن
|,dikikir,دکيکير
|,dikikis,دکيکيس
|,dikilangkan,دکيلڠکن
|,dikilapkan,دکيلڤکن
|,dikilas,دکيلس
|,dikilatkan,دکيلتکن
|,dikilir,دکيلير
|,dikimpal,دکيمڤل
|,dikipas,دکيڤس
|,dikira,دکيرا
|,dikirai,دکيراي
|,dikirim,دکيريم
|,dikirimi,دکيريمي
|,dikirimkan,دکيريمکن
|,dikisahkan,دقيصهکن
|,dikisar,دکيسر
|,dikitarkan,دکيترکن
|,diklasifikasikan,دکلاسيفيکاسيکن
|,dikobarkan,دکوبرکن
|,dikocakkan,دکوچقکن
|,dikocak-kocak,دکوچق ـ کوچق
|,dikodkan,دکودکن
|,dikokang,دکوکڠ
|,dikol,دکول
|,dikombinasikan,دکومبيناسيکن
|,dikomputerkan,دکومڤوترکن
|,dikongkong,دکوڠکوڠ
|,dikongkongi,دکوڠکوڠي
|,dikongsi,دکوڠسي
|,dikononkan,دکونونکن
|,dikonsistenkan,دکونسيستنکن
|,dikontotkan,دکونتوتکن
|,dikontraskan,دکونترسکن
|,dikontroversikan,دکونتروۏرسيکن
|,dikoordinasikan,دکوءورديناسيکن
|,dikop,دکوڤ
|,dikopak,دکوڤق
|,dikopek,دکوڤيق
|,dikorbankan,دقربانکن
|,dikosongkan,دکوسوڠکن
|,dikotakan,دکوتاکن
|,dikotakkan,دکوتقکن
|,dikotak-katikkan,دکوتق ـ کاتيقکن
|,dikotori,دکوتوري
|,dikotorkan,دکوتورکن
|,dikoyak,دکويق
|,dikreditkan,دکريديتکن
|,dikuarantin,دکوارنتين
|,dikuasai,دکواساءي
|,dikuatkan,دقواتکن
|,diperkuat,دڤرقوات
|,dikuburkan,دقبورکن
|,diperkuda,دڤرکودا
|,dikudungi,دکودوڠي
|,dikudungkan,دکودوڠکن
|,dikuit,دکوءيت
|,dikukuhkan,دکوکوهکن
|,diperkukuh,دڤرکوکوه
|,dikumbah,دکومبه
|,dikumpulkan,دکومڤولکن
|,dikumur,دکومور
|,dikumur-kumur,دکومور ـ کومور
|,dikunkan,دکونکن
|,dikunci,دکونچي
|,dikuncup,دکونچوڤ
|,dikunjungi,دکونجوڠي
|,dikuntau,دکونتاو
|,dikunyah,دکوپه
|,dikupas,دکوڤس
|,dikupaskan,دکوڤسکن
|,dikurangkan,دکورڠکن
|,dikuraniai,دکورنياءي
|,dikurniakan,دکورنياکن
|,dikursus,دکورسوس
|,dikursuskan,دکورسوسکن
|,dikusutkan,دکوسوتکن
|,dikutip,دکوتيڤ
|,dikuyupkan,دکويوڤکن
|,dilabelkan,دلابلکن
|,dilabuhkan,دلابوهکن
|,dilaburkan,دلابورکن
|,dilacurkan,دلاچورکن
|,diladeni,لاديني
|,dilafazkan,دلفظکن
|,dilagakan,دلاݢاکن
|,dilaga-lagakan,دلاݢا ـ لاݢاکن
|,diperlagakan,دڤرلاݢاکن
|,dilagukan,دلاݢوکن
|,dilahirkan,دلاهيرکن
|,dikelainkan,دکلاءينکن
|,dilajakkan,دلاجقکن
|,dilajukan,دلاجوکن
|,dilak,دلق
|,dilakari,دلاکري
|,dilaknati,دلعنتي
|,dilakonkan,دلاکونکن
|,dilaksanakan,دلقساناکن
|,dilakukan,دلاکوکن
|,diperlakukan,دڤرلاکوکن
|,dilakurkan,دلاکورکن
|,dilalaikan,دلالايکن
|,dilalui,دلالوءي
|,dilamar,دلامر
|,dilambai-lambaikan,دلمباي ـ لمبايکن
|,dilambakkan,دلمبقکن
|,dilambangkan,دلامبڠکن
|,dilambat-lambatkan,دلمبت ـ لمبتکن
|,diperlambat,دڤرلمبت
|,dilambung,دلامبوڠ
|,dilambungkan,دلامبوڠکن
|,dilampirkan,دلمڤيرکن
|,dilancapkan,دلنچڤکن
|,dilancarkan,دلنچرکن
|,dilancipkan,دلنچيڤکن
|,dilanda,دلندا
|,dilandai,دلنداءي
|,dilandaikan,دلندايکن
|,dilandasi,دلندسي
|,dilandaskan,دلندسکن
|,dilandungkan,دلاندوڠکن
|,dilandurkan,دلندورکن
|,dilandutkan,دلاندوتکن
|,dilangahkan,دلاڠهکن
|,dilanggani,دلڠݢني
|,dilanggari,دلڠݢري
|,dilanggarkan,دلڠݢرکن
|,dilangiri,دلاڠيري
|,dilangkah,دلڠکه
|,dilangkahi,دلڠکهي
|,dilangkau,دلڠکاو
|,dilangkaui,دلڠکاوءي
|,dilangsaikan,دلڠسايکن
|,dilangsingkan,دلڠسيڠکن
|,dilangsiri,دلڠسيري
|,dilangsungkan,دلڠسوڠکن
|,dilangutkan,دلاڠوتکن
|,dilanjutkan,دلنجوتکن
|,dilantak,دلنتق
|,dilantakkan,دلنتقکن
|,dilantangkan,دلانتڠکن
|,dilantik,دلانتيق
|,dilantingkan,دڠڠچب+لانتيڠکن
|,dilantunkan,دلنتونکن
|,dilanturkan,دلانتورکن
|,dilanyah,دلاپه
|,dilanyak,دلاپق
|,dilap,دلڤ
|,dilapkan,دلڤکن
|,dilap-lap,دلڤ ـ لڤ
|,dilapah,دلاڤه
|,dilapangkan,دلاڤڠکن
|,dilaparkan,دلاڤرکن
|,dilapar-laparkan,دلاڤر ـ لاڤرکن
|,dilapik,دلاڤيق
|,dilapiki,دلاڤيقي
|,dilapikkan,دلاڤيقکن
|,dilapisi,دلاڤيسي
|,dilapiskan,دلاڤيسکن
|,dilapis-lapiskan,دلاڤيس ـ لاڤيسکن
|,diperlapiskan,دڤرلاڤيسکن
|,dilaporkan,دلاڤورکن
|,dilapukkan,دلاڤوقکن
|,dilapur,دلاڤور
|,dilarah,دلاره
|,dilarang,دلارڠ
|,dilarapkan,دلارڤکن
|,diselaraskan,دسلارسکن
|,diperlarat,دڤرلارت
|,dilarikan,دلاريکن
|,diselarikan,دسلاريکن
|,dilarik,دلاريق
|,dilarikkan,دلاريقکن
|,dilariskan,دلاريسکن
|,dilarungkan,دلاروڠکن
|,dilarutkan,دلاروتکن
|,diperlasah,دڤرلاسه
|,dilasakkan,دلاسقکن
|,dilasak-lasakkan,دلاسق ـ لاسقکن
|,dilastik,دلستيق
|,dilatahkan,دلاتهکن
|,dilatam,دلاتم
|,dilatari,دلاتري
|,dilaungkan,دلاءوڠکن
|,dilaung-laungkan,دلاءوڠ ـ لاءوڠکن
|,dilawa,دلاوا
|,dilawakan,دلاواکن
|,dilawan,دلاون
|,dilawankan,دلاونکن
|,dilawan-lawankan,دلاون ـ لاونکن
|,dilawaskan,دلاوسکن
|,dilawati,دلاوتي
|,dilayahkan,دلايهکن
|,dilayakkan,دلايقکن
|,dilayan,دلاين
|,dilayani,دلايني
|,dilayankan,دلاينکن
|,dilayang,دلايڠ
|,dilayangkan,دلايڠکن
|,dilayap-layapkan,دلايڤ ـ لايڤکن
|,dilayapkan,دلايڤکن
|,dilayari,دلايري
|,dilayarkan,دلايرکن
|,dilayukan,دلايوکن
|,dilayur,دلايور
|,dilayurkan,دلايورکن
|,dilazatkan,دلاذتکن
|,dilebarkan,دليبرکن
|,diperlebar,دڤرليبر
|,dilebihkan,دلبيهکن
|,dilebih-lebihkan,دلبيه ـ لبيهکن
|,dilebur,دلبور
|,dileburkan,دلبورکن
|,dilecakkan,دليچقکن
|,dileceh-lecehkan,دليچيه ـ ليچيهکن
|,dilecek,دليچيق
|,dilecet,دليچيت
|,dilecutkan,دلچوتکن
|,diledakkan,دلدقکن
|,dilegari,دليݢري
|,dilejang-lejangkan,دلجڠ ـ لجڠکن
|,dilekakan,دليکاکن
|,dilekangkan,دلکڠکن
|,dilekapkan,دلکڤکن
|,dilekaskan,دلکسکن
|,diperlekas,دڤرلکس
|,dilekati,دلکتي
|,dilekatkan,دلکتکن
|,dilekat-lekatkan,دلکت ـ لکتکن
|,dilekukkan,دلکوقکن
|,dilela-lelakan,دليلا ـ ليلاکن
|,dilelapkan,دللڤکن
|,dilelap-lelapkan,دللڤ ـ للڤکن
|,dilelar,دللر
|,diperlelarkan,دڤرللرکن
|,dilelaskan,دللسکن
|,dilelehkan,دليليهکن
|,dilemahkan,دلمهکن
|,diperlemah,دڤرلمه
|,dilemaskan,دلمسکن
|,dilembagakan,دلمباݢاکن
|,dilembapkan,دلمبڤکن
|,dilembarkan,دلمبرکن
|,dilembikkan,دلمبيقکن
|,dilembutkan,دلمبوتکن
|,dilembut-lembutkan,دلمبوت ـ لمبوتکن
|,diperlembut,دڤرلمبوت
|,dilempang,دلمڤڠ
|,dilempar,دليمڤر
|,dilempari,دليمڤري
|,dilemparkan,دليمڤرکن
|,dilempar-lemparkan,دليمڤر ـ ليمڤرکن
|,dilenakan,دليناکن
|,dilencongkan,دلينچوڠکن
|,dilendutkan,دلندوتکن
|,dilengahkan,دليڠهکن
|,dilengah-lengahkan,دليڠه ـ ليڠهکن
|,dilengangkan,دلڠڠکن
|,dilengat,دلڠت
|,dilenggangkan,دليڠݢڠکن
|,dilenggang-lenggangkan,دليڠݢڠ ـ ليڠݢڠکن
|,dilenggokkan,دليڠݢوقکن
|,dilengkapi,دلڠکڤي
|,dilengkapkan,دلڠکڤکن
|,diperlengkap,دڤرلڠکڤ
|,dilengketkan,دليڠکيتکن
|,dilengkokkan,دليڠکوقکن
|,dilengkung,دلڠکوڠ
|,dilengkungi,دلڠکوڠي
|,dilengkungkan,دلڠکوڠکن
|,dilentik,دلنتيق
|,dilentikkan,دلنتيقکن
|,dilentingkan,دلنتيڠکن
|,dilentokkan,دلينتوقکن
|,dilenturkan,دلنتورکن
|,dilenyapkan,دلپڤکن
|,dilenyek-lenyek,دليپيق ـ ليپيق
|,dilepasi,دلڤسي
|,dilepaskan,دلڤسکن
|,dilepek,دليڤيق
|,dileperkan,دليڤيرکن
|,dilepuk,دلڤوق
|,dileraikan,دلرايکن
|,dileretkan,دليريتکن
|,dilesapkan,دلسقکن
|,dilesing,دلسيڠ
|,dileteri,دليتيري
|,diletupkan,دلتوڤکن
|,diletuskan,دلتوسکن
|,dilewati,دليواتي
|,dilewatkan,دليواتکن
|,diperlewat,دڤرليوات
|,diliarkan,دليارکن
|,diliatkan,دلياتکن
|,dilibas,دليبس
|,dilibati,دليبيتي
|,dilibatkan,دليبتکن
|,diliberalkan,دليبرلکن
|,dilicinkan,دليچينکن
|,diperlicin,دڤرليچين
|,dilihat,دليهت
|,diperlihatkan,دڤرليهتکن
|,dilikatkan,دليکتکن
|,dililit,دليليت
|,dililiti,دليليتي
|,dilimbaikan,دليمبايکن
|,dilimpahi,دليمڤهي
|,dilimpahkan,دليمڤهکن
|,dilinangi,دلينڠي
|,dilincirkan,دلينچيرکن
|,dilindungi,دليندوڠي
|,dilindungkan,دليندوڠکن
|,dilingkari,دليڠکري
|,dilingkarkan,دليڠکرکن
|,dilingkungi,دليڠکوڠي
|,dilingkupi,دليڠکوڤي
|,dilingkupkan,دليڠکوڤکن
|,dilintangi,دلينتڠي
|,dilintangkan,دلينتڠکن
|,dilintasi,دلينتسي
|,dilintupi,دلينتوڤي
|,dilipat,دليڤت
|,dilipatkan,دليڤتکن
|,dilipat-lipat,دليڤت ـ ليڤت
|,dilipit,دليڤيت
|,dilipur,دليڤور
|,dilipurkan,دليڤورکن
|,diliputi,دليڤوتي
|,dilisutkan,دليسوتکن
|,diliukkan,دليوقکن
|,dilokapkan,دلوکڤکن
|,diloloh,دلولوه
|,dilombong,دلومبوڠ
|,dilompati,دلومڤتي
|,diloncati,دلونچتي
|,dilondeh,دلونديه
|,dilondehkan,دلونديهکن
|,dilondongkan,دلوندوڠکن
|,dilonggari,دلوڠݢري
|,dilonggarkan,دلوڠݢرکن
|,diperlonggar,دڤرلوڠݢر
|,dilonggokkan,دلوڠݢوقکن
|,dilonjak,دلونجق
|,dilonjakkan,دلونجقکن
|,dilonjongkan,دلونجوڠکن
|,dilontar,دلونتر
|,dilontari,دلونتري
|,dilontarkan,دلونترکن
|,dilopongkan,دلوڤوڠکن
|,dilorek,دلوريق
|,dilorotkan,دلوروتکن
|,dilosenkan,دلوسينکن
|,diloterikan,دلوتريکن
|,dilowongkan,دلوووڠکن
|,diluahkan,دلواهکن
|,diluangkan,دلواڠکن
|,diluapkan,دلواڤکن
|,diperluas,دڤرلواس
|,dilubangi,دلوبڠي
|,dilubangkan,دلوبڠکن
|,dilucutkan,دلوچوتکن
|,diludahi,دلودهي
|,dilukai,دلوکاءي
|,dilukiskan,دلوکيسکن
|,diluku,دلوکو
|,diluluhkan,دلولوهکن
|,dilulur,دلولور
|,diluluskan,دلولوسکن
|,dilumangkan,دلومڠکن
|,dilumatkan,دلومتکن
|,dilumpuhkan,دلومڤوهکن
|,dilumur,دلومور
|,dilumuri,دلوموري
|,dilumurkan,دلومورکن
|,dilunakkan,دلونقکن
|,dilunasi,دلونسي
|,dilunaskan,دلونسکن
|,diluncungkan,دلونچوڠکن
|,diluncurkan,دلونچورکن
|,dilunjurkan,دلونجورکن
|,dilunturi,دلونتوري
|,dilunturkan,دلونتورکن
|,dilunyah,دلوپه
|,dilunyaikan,دلوپايکن
|,dilupai,دلوڤاءي
|,dilupakan,دلوڤاکن
|,dilupuskan,دلوڤوسکن
|,diluputkan,دلوڤوتکن
|,diluruskan,دلوروسکن
|,dilurut,دلوروت
|,dilusuhkan,دلوسوهکن
|,dilutu,دلوتو
|,dimaafi,دمعافي
|,dimaafkan,دمعافکن
|,dimabuk,دمابوق
|,dimabuki,دمابوقي
|,dimabukkan,دمابوقکن
|,dimadukan,دمادوکن
|,dipermadukan,دڤرمادوکن
|,dimagnetkan,دمݢنيتکن
|,dimahalkan,دماهلکن
|,dimahkotakan,دمهکوتاکن
|,dimainkan,دماءينکن
|,dimain-mainkan,دماءين ـ ماءينکن
|,dipermain-mainkan,دڤرماءين ـ ماءينکن
|,dimajmukkan,دمجموعکن
|,dimajukan,دماجوکن
|,dipermaju,دڤرماجو
|,dimakamkan,دمقامکن
|,dimakan,دماکن
|,dimakbulkan,دمقبولکن
|,dimaki,دماکي
|,dimaki-maki,دماکي ـ ماکي
|,dimaklumi,دمعلومي
|,dimaklumkan,دمعلومکن
|,dimakmurkan,دمعمورکن
|,dimaksimumkan,دمکسيمومکن
|,dimaksudkan,دمقصودکن
|,dimaktubkan,دمکتوبکن
|,dimalapkan,دمالڤکن
|,dimalarkan,دمالرکن
|,dimalukan,دمالوکن
|,dimampatkan,دممڤتکن
|,dimandikan,دمنديکن
|,dimandulkan,دمندولکن
|,dimanfaati,دمنفعتي
|,dimanfaatkan,دمنفعتکن
|,dimangga,دمڠݢ
|,dimangkinkan,دمڠکينکن
|,dimangkung,دمڠکوڠ
|,dimanifestasi,دمانيفيستاسي
|,dimanipulasi,دمانيڤولاسي
|,dimanipulasikan,دمانيڤولاسيکن
|,dimaniskan,دمانيسکن
|,dimanjakan,دمنجاکن
|,dimanja-manjakan,دمنجا ـ منجاکن
|,dimanjurkan,دمنجورکن
|,dimansuhkan,دمنسوخکن
|,dimantapkan,دمنتقکن
|,dimanterai,دمنتراءي
|,dimapankan,دماڤنکن
|,dimarakkan,دمارقکن
|,dimasak,دماسق
|,dimasakkan,دماسقکن
|,dipermasalahkan,دڤرمسئلهکن
|,dimasamkan,دماسمکن
|,dimasinkan,دماسينکن
|,dimasuki,دماسوقي
|,dimasukkan,دماسوقکن
|,dimasyarakatkan,دمشارکتکن
|,dimasyhurkan,دمشهورکن
|,dimata-matai,دماتا ـ ماتاءي
|,dimatangkan,دماتڠکن
|,dimaterai,دمتراي
|,dimateraikan,دمترايکن
|,dimaterikan,دمتريکن
|,dimatikan,دماتيکن
|,dimegahkan,دمݢهکن
|,dimegah-megahkan,دمݢه ـ مݢهکن
|,dimekapkan,دميکڤکن
|,dimelayukan,دملايوکن
|,dimenangi,دمنڠي
|,dimenangkan,دمنڠکن
|,dimenang-menangkan,دمنڠ ـ منڠکن
|,dimendakkan,دمندقکن
|,dimendapkan,دمندڤکن
|,dimenungkan,دمنوڠکن
|,dimerahi,دميرهي
|,dimerahkan,دميرهکن
|,dimerdekakan,دمرديکاکن
|,dimerdukan,دمردوکن
|,dimeriahkan,دمرياهکن
|,dimesinkan,دميسينکن
|,dimesrai,دمسراءي
|,dimesyuaratkan,دمشوارتکن
|,dimeterai,دمتراي
|,dimeteraikan,دمترايکن
|,dimikrofilemkan,دميکروفيلمکن
|,dimiliki,دميليقي
|,dimimpikan,دميمڤيکن
|,diminati,دمينتي
|,diminimumkan,دمينيمومکن
|,diminta,دمينتا
|,diminta-minta,دمينتا ـ مينتا
|,diminum,دمينوم
|,diminyaki,دميپقي
|,dimiringkan,دميريڠکن
|,dimisalkan,دميثلکن
|,dimitoskan,دميتوسکن
|,dimodali,دمودلي
|,dimodalkan,دمودلکن
|,dimodenkan,دمودنکن
|,dimohon,دموهون
|,dimomok-momokkan,دموموق ـ موموقکن
|,dimoncongkan,دمونچوڠکن
|,dimonopoli,دمونوڤولي
|,dimotivasikan,دموتيۏاسيکن
|,dimuakan,دمواکن
|,dimuafakati,دموافقتي
|,dimuakkan,دمواقکن
|,dimuat,دموات
|,dimuati,دمواتي
|,dimuatkan,دمواتکن
|,dipermudahkan,دڤرمودهکن
|,dimudaratkan,دمضرتکن
|,dimudiki,دموديقي
|,dimudikkan,دموديقکن
|,dimujaradkan,دمجردکن
|,dikemukakan,دکموکاکن
|,di muka,دموک
|,disemukakan,دسموکاکن
|,dimulai,دمولاءي
|,dimulakan,دمولاکن
|,dimuliakan,دمولياکن
|,dipermuliakan,دڤرمولياکن
|,dimuncungkan,دمونچوڠکن
|,dimungkari,دموڠکري
|,dimungkinkan,دموڠکينکن
|,dimungkiri,دموڠکيري
|,dimuntahi,دمونتهي
|,dimurahkan,دمورهکن
|,dipermurah,دڤرموره
|,dimurkai,دمورکاءي
|,dimurnikan,دمورنيکن
|,dimurtadkan,دمرتدکن
|,dimusnahkan,دموسنهکن
|,dimusuhi,دموسوهي
|,dimusykilkan,دمشکيلکن
|,dimutalaah,دمطالعه
|,dinafikan,دنافيکن
|,dinaiki,دناءيقي
|,dinaikkan,دناءيقکن
|,dinakhodai,دنخوداءي
|,dinamai,دناماءي
|,dinamakan,دناماکن
|,dinanti,دننتي
|,dinanti-nanti,دننتي ـ ننتي
|,dinanti-nantikan,دننتي ـ ننتيکن
|,dinaskan,دنصکن
|,dinasihati,دنصيحتي
|,dinasihatkan,دنصيحتکن
|,dinaungi,دناءوڠي
|,dinazirkan,دناظيرکن
|,dinegatifkan,دنيݢاتيفکن
|,dinekadkan,دنيکدکن
|,dineutralkan,دنيوترلکن
|,dinganga,دڠاڠا
|,dingangakan,دڠاڠاکن
|,diniagakan,دنياݢاکن
|,diperniagakan,دڤرنياݢاکن
|,diniatkan,دنياتکن
|,dinikahi,دنکاحي
|,dinikahkan,دنکاحکن
|,dinikmati,دنعمتي
|,dinilai,دنيلاي
|,dininabobokkan,دنينابوبوقکن
|,dinista,دنيستا
|,dinobatkan,دنوبتکن
|,dinodai,دنوداءي
|,dinomborkan,دنومبورکن
|,dinonaktifkan,دنونکتيفکن
|,dinotiskan,دنوتيسکن
|,dinujumkan,دنجومکن
|,dinukilkan,دنوکيلکن
|,dinyahkan,دپهکن
|,dinyalakan,دپالاکن
|,dinyalangkan,دپالڠکن
|,dinyamankan,دپامنکن
|,dinyanyikan,دپاپيکن
|,dinyaringkan,دپاريڠکن
|,dinyatakan,دپاتاکن
|,disenyawakan,دسپاواکن
|,dinyonyong,دپوپوڠ
|,dinyunyut,دپوپوت
|,diobori,دأوبوري
|,diogah,دڤوݢه
|,diogoh,دڤوݢوه
|,dioksidakan,دڤوکسيداکن
|,dioksigenkan,دڤوکسيݢنکن
|,diolah,داوله
|,diolahkan,دڤولهکن
|,diolak,دڤولق
|,diolak-alikkan,دڤولق ـ اليقکن
|,dioleng-oleng,دڤوليڠ ـ اوليڠ
|,diolok-olok,دڤولوق ـ اولوق
|,diomel,دڤوميل
|,diomongkan,دأوموڠکن
|,diondokkan,دأوندوقکن
|,dionggokkan,دڤوڠݢوقکن
|,diongkosi,دأوڠکوسي
|,dionyok-onyokkan,دڤوپوق ـ اوپوقکن
|,diorganisasikan,دڤورݢانيساسيکن
|,diorientasikan,دڤوريئينتاسيکن
|,dipacak,دڤاچق
|,dipacakkan,دڤاچقکن
|,dipacak-pacakkan,دڤاچق ـ ڤاچقکن
|,dipacu,دڤاچو
|,dipacukan,دڤاچوکن
|,dipacuk,دڤاچوق
|,dipacukkan,دڤاچوقکن
|,dipadam,دڤادم
|,dipadamkan,دڤادمکن
|,dipadan,دڤادن
|,dipadankan,دڤادنکن
|,dipadatkan,دڤادتکن
|,dipadukan,دڤادوکن
|,disepadukan,دسڤادوکن
|,dipagari,دڤاݢري
|,dipagarkan,دڤاݢرکن
|,dipagut,دڤاݢوت
|,dipagut-pagut,دڤاݢوت ـ ڤاݢوت
|,dipahat,دڤاهت
|,dipahitkan,دڤاهيتکن
|,dipahuk,دڤاهوق
|,dipairi,دڤاءيري
|,dipajak,دڤاجق
|,dipajakkan,دڤاجقکن
|,dipajang,دڤاجڠ
|,dipajangkan,دڤاجڠکن
|,dipajukan,دڤاجوکن
|,dipakai,دڤاکاي
|,dipakaikan,دڤاکايکن
|,disepakati,دسڤاکتي
|,dipaksa,دڤقسا
|,dipaksakan,دڤقساکن
|,dipaksa-paksa,دڤقسا ـ ڤقسا
|,dipaku,دڤاکو
|,dipakukan,دڤاکوکن
|,dipakuk,دڤاکوق
|,dipalai,دڤالاي
|,dipalak,دڤالق
|,dipalam,دڤالم
|,dipalang,دڤالڠ
|,dipalangi,دڤالڠي
|,dipalangkan,دڤالڠکن
|,dipalar,دڤالر
|,dipalarkan,دڤالرکن
|,dipaleh,دڤاليه
|,dipaling,دڤاليڠ
|,dipalingkan,دڤاليڠکن
|,dipalis,دڤاليس
|,dipalit,دڤاليت
|,dipalitkan,دڤاليتکن
|,dipalsukan,دڤلسوکن
|,dipalu,دڤالو
|,dipalut,دڤالوت
|,dipam,دڤم
|,dipamkan,دڤمکن
|,dipamerkan,دڤاميرکن
|,dipampang,دڤمڤڠ
|,dipampangkan,دڤمڤڠکن
|,dipampas,دڤمڤس
|,dipan,دڤن
|,dipanah,دڤانه
|,dipanasi,دڤانسي
|,dipanaskan,دڤانسکن
|,dipancang,دڤنچڠ
|,dipancangkan,دڤنچڠکن
|,dipancarkan,دڤانچرکن
|,dipancing,دڤنچيڠ
|,dipancitkan,دڤنچيتکن
|,dipancung,دڤنچوڠ
|,dipancutkan,دڤنچوتکن
|,dipandakkan,دڤندقکن
|,dipandang,دڤندڠ
|,dipandu,دڤندو
|,dipandukan,دڤندوکن
|,dipanggal,دڤاڠݢل
|,dipanggang,دڤڠݢڠ
|,dipanggil,دڤڠݢيل
|,dipanggilkan,دڤڠݢيلکن
|,dipanggil-panggil,دڤڠݢيل ـ ڤڠݢيل
|,dipanggungkan,دڤڠݢوڠکن
|,dipangkah,دڤڠکه
|,dipangkal,دڤڠکل
|,dipangkas,دڤڠکس
|,dipangku,دڤڠکو
|,dipangsikan,دڤڠسيکن
|,dipanjangkan,دڤنجڠکن
|,diperpanjang,دڤرڤنجڠ
|,dipanjat,دڤنجت
|,dipanjutkan,دڤنجوتکن
|,dipantakkan,دڤنتقکن
|,dipantangkan,دڤانتڠکن
|,dipantis,دڤنتيس
|,dipantulkan,دڤنتولکن
|,dipantuni,دڤنتوني
|,dipantunkan,دڤنتونکن
|,dipapah,دڤاڤه
|,dipapani,دڤاڤني
|,dipaparkan,دڤاڤرکن
|,diparang,دڤارڠ
|,diparangi,دڤارڠي
|,diparangkan,دڤارڠکن
|,diparas,دڤارس
|,diparut,دڤاروت
|,dipasak,دڤاسق
|,dipasang,دڤاسڠ
|,dipasangkan,دڤاسڠکن
|,dipasarkan,دڤاسرکن
|,dipasifkan,دڤاسيفکن
|,dipasrahkan,دڤسرهکن
|,dipastikan,دڤستيکن
|,dipasuél,دڤاسوءيل
|,dipasung,دڤاسوڠ
|,dipasungkan,دڤاسوڠکن
|,dipatahkan,دڤاتهکن
|,dipatah-patah,دڤاته ـ ڤاته
|,dipateri,دڤتري
|,dipaterikan,دڤتريکن
|,dipatuhi,دڤاتوهي
|,dipatuk,دڤاتوق
|,dipatuk-patuk,دڤاتوق ـ ڤاتوق
|,dipauk,دڤاءوق
|,dipautkan,دڤاءوتکن
|,dipayungi,دڤايوڠي
|,dipayungkan,دڤايوڠکن
|,dipecahkan,دڤچهکن
|,dipecah-pecahkan,دڤچه ـ ڤچهکن
|,dipecakkan,دڤيچقکن
|,dipecal,دڤچل
|,dipecat,دڤچت
|,dipecut,دڤچوت
|,dipedaskan,دڤدسکن
|,dipedulikan,دڤدوليکن
|,dipegang,دڤݢڠ
|,dipejalkan,دڤجلکن
|,dipejamkan,دڤجمکن
|,dipekakkan,دڤکقکن
|,dipekap,دڤکڤ
|,dipekapkan,دڤکڤکن
|,dipekatkan,دڤکتکن
|,dipekikkan,دڤکيڤکن
|,dipekong,دڤيکوڠ
|,dipelanai,دڤلاناءي
|,dipelantingkan,دڤلنتيڠکن
|,dipelawa,دڤلاوا
|,dipelekuh,دڤلکوه
|,dipelihara,دڤليهارا
|,dipelitor,دڤليتور
|,dipelonco,دڤلونچو
|,dipelopori,دڤلوڤوري
|,dipeluk,دڤلوق
|,dipencarkan,دڤنچرکن
|,dipencenkan,دڤينچينکن
|,dipencilkan,دڤنچيلکن
|,dipencongkan,دڤينچوڠکن
|,dipendam,دڤندم
|,dipendamkan,دڤندمکن
|,dipendap,دڤندڤ
|,dipendekkan,دڤينديقکن
|,dipengap,دڤڠڤ
|,dipengapkan,دڤڠڤکن
|,dipengaruhi,دڤڠاروهي
|,dipengat,دڤڠت
|,dipenget-penget,دڤيڠيت ـ ڤيڠيت
|,dipenggal,دڤڠݢل
|,dipenjara,دڤنجارا
|,dipenjarakan,دڤنجاراکن
|,dipensiun,دڤينسيون
|,dipensiunkan,دڤينسيونکن
|,dipentaskan,دڤنتسکن
|,dipentingkan,دڤنتيڠکن
|,dipenuhi,دڤنوهي
|,dipenyapkan,دڤپڤکن
|,dipenyekkan,دڤيپيقکن
|,dipenyetkan,دڤيپيتکن
|,dipepah,دڤڤه
|,dipepak,دڤڤق
|,dipepat,دڤڤات
|,diperah,دڤره
|,diperai,دڤراي
|,diperam,دڤرم
|,diperangi,دڤرڠي
|,diperangat,دڤراڠت
|,diperangkap,دڤرڠکڤ
|,diperap,دڤرڤ
|,diperapkan,دڤرڤکن
|,diperas,دڤرس
|,diperbal,دڤربل
|,dipercayai,دڤرچاياءي
|,dipercayakan,دڤرچاياکن
|,dipercikkan,دڤرچيقکن
|,diperciki,دڤرچيقي
|,dipercit,دڤرچيت
|,diperdom,دڤردوم
|,diperdomi,دڤردومي
|,dipergol,دڤرݢول
|,dipergul,دڤرݢول
|,diperikan,دڤريکن
|,diperihkan,دڤريهکن
|,diperiksa,دڤريقسا
|,diperincikan,دڤرينچيکن
|,diperingkatkan,دڤريڠکتکن
|,diperintah,دڤرينته
|,diperintahkan,دڤرينتهکن
|,diperkosa,دڤرکوسا
|,diperkosai,دڤرکوساءي
|,diperlahankan,دڤرلاهنکن
|,diperlenteh,دڤرلينتيه
|,diperli,دڤرلي
|,diperlukan,دڤرلوکن
|,dipernis,دڤرنيس
|,diperoikan,دڤرويکن
|,diperonyok,دڤروپوق
|,diperonyokkan,دڤروپوقکن
|,dipersonifikasikan,دڤرسونيفيکاسيکن
|,dipertamakan,دڤرتاماکن
|,diperuk,دڤروق
|,diperun,دڤرون
|,diperuti,دڤروتي
|,dipesamkan,دڤسمکن
|,dipesan,دڤسن
|,dipesani,دڤسني
|,dipesatkan,دڤستکن
|,dipesonakan,دڤسوناکن
|,dipesongkan,دڤيسوڠکن
|,dipestakan,دڤيستاکن
|,dipesukkan,دڤسوقکن
|,dipetakan,دڤتاکن
|,dipetak-petakkan,دڤيتق ـ ڤيتقکن
|,dipetiakan,دڤتياکن
|,dipetik,دڤتيق
|,dipetiki,دڤتيقي
|,dipetuakan,دڤتواکن
|,dipial,دڤيال
|,dipiara,دڤيارا
|,dipiat,دڤيات
|,dipiawaikan,دڤياوايکن
|,dipicikkan,دڤيچيقکن
|,dipicingkan,دڤيچيڠکن
|,dipicit,دڤيچيت
|,dipijakkan,دڤيجقکن
|,dipijarkan,دڤيجرکن
|,dipikat,دڤيکت
|,dipikul,دڤيکول
|,dipikulkan,دڤيکولکن
|,dipilih,دڤيليه
|,dipilihkan,دڤيليهکن
|,dipilin,دڤيلين
|,dipilis,دڤيليس
|,dipimpin,دڤيمڤين
|,dipin,دڤين
|,dipinang,دڤينڠ
|,dipinda,دڤيندا
|,dipindahkan,دڤيندهکن
|,dipinjamkan,دڤينجمکن
|,dipinta,دڤينتا
|,dipintaki,دڤينتقي
|,dipintal,دڤينتل
|,dipintas,دڤينتس
|,dipipihkan,دڤيڤيهکن
|,dipipiskan,دڤيڤيسکن
|,dipisahkan,دڤيسهکن
|,dipisah-pisahkan,دڤيسه ـ ڤيسهکن
|,dipiuh,دڤيوه
|,dipiutangi,دڤيوتڠي
|,diplagiat,دڤلاݢيات
|,diplintir,دڤلينتير
|,diplombir,دڤلومبير
|,dipohon,دڤوهون
|,dipokoki,دڤوکوقي
|,dipolkan,دڤولکن
|,dipolitikkan,دڤوليتيککن
|,dipolok,دڤولوق
|,dipompa,دڤومڤا
|,dipondokkan,دڤوندوقکن
|,dipondong,دڤوندوڠ
|,dipopularkan,دڤوڤولرکن
|,diporak-perandakan,دڤورق ـ ڤرنداکن
|,dipos,دڤوس
|,diposkan,دڤوسکن
|,dipositifkan,دڤوسيتيفکن
|,dipotong-potong,دڤوتوڠ ـ ڤوتوڠ
|,dipotret,دڤوتريت
|,dipraktikkan,دڤرکتيککن
|,dipraktiskan,دڤرکتيسکن
|,dipres,دڤريس
|,diprogramkan,دڤروݢرمکن
|,diprojekkan,دڤروجيککن
|,diproklamasikan,دڤروکلاماسيکن
|,dipromosi,دڤروموسي
|,dipromosikan,دڤروموسيکن
|,dipropagandakan,دڤروڤاݢنداکن
|,diproses,دڤروسيس
|,diprotes,دڤروتيس
|,dipuak-puakkan,دڤواق ـ ڤواقکن
|,dipuaskan,دڤواسکن
|,dipudarkan,دڤودرکن
|,dipugari,دڤوݢري
|,dipuingkan,دڤوءيڠکن
|,dipuisikan,دڤويسيکن
|,dipuja,دڤوجا
|,dipuja-puja,دڤوجا ـ ڤوجا
|,dipuji,دڤوجي
|,dipuji-puji,دڤوجي ـ ڤوجي
|,dipujuk,دڤوجوق
|,dipujuk-pujuk,دڤوجوق ـ ڤوجوق
|,dipukat,دڤوکت
|,dipukau,دڤوکاو
|,dipukul,دڤوکول
|,dipukuli,دڤوکولي
|,dipukulkan,دڤوکولکن
|,dipulangi,دڤولڠي
|,dipulangkan,دڤولڠکن
|,dipulas,دڤولس
|,dipulas-pulas,دڤولس ـ ڤولس
|,dipulaukan,دڤولاوکن
|,dipulihkan,دڤوليهکن
|,dipulihara,دڤوليهارا
|,dipulun-pulun,دڤولون ـ ڤولون
|,dipuluti,دڤولوت
|,dipumpun,دڤومڤون
|,dipunahkan,دڤونهکن
|,dipunggah,دڤوڠݢه
|,dipunggahkan,دڤوڠݢهکن
|,dipunggai,دڤوڠݢاي
|,dipunggungi,دڤوڠݢوڠي
|,dipungkiri,دڤوڠکيري
|,dipungut,دڤوڠوت
|,dipunjut,دڤونجوت
|,dipuntal-puntal,دڤونتل ـ ڤونتل
|,dipunyai,دڤوپاءي
|,dipupuh,دڤوڤوه
|,dipupuk,دڤوڤوق
|,dipupur,دڤوڤور
|,dipupuskan,دڤوڤوسکن
|,dipuput,دڤوڤوت
|,dipurukkan,دڤوروقکن
|,dipuasakai,دڤوساکاءي
|,dipusakakan,دڤوساکاکن
|,dipusatkan,دڤوستکن
|,dipusingkan,دڤوسيڠکن
|,diputarkan,دڤوترکن
|,diputar-putar,دڤوتر ـ ڤوتر
|,diputerakan,دڤوتراکن
|,diputuskan,دڤوتوسکن
|,diraba,دراب
|,diraba-raba,درابا ـ راب
|,dirabak-rabak,درابق ـ رابق
|,dirabuni,درابوني
|,dirabut,درابوت
|,diracik,دراچيق
|,diracun,دراچون
|,diracuni,دراچوني
|,diradak,درادق
|,diradiokan,دراديوکن
|,diradung,درادوڠ
|,diperagakan,دڤراݢاکن
|,diseragamkan,دسراݢمکن
|,diragikan,دراݢيکن
|,diragui,دراݢوءي
|,diragukan,دراݢوکن
|,diragut,دراݢوت
|,dirahmati,درحمتي
|,dirahsiakan,درهسياکن
|,diraikan,دراعيکن
|,diraih,دراءيه
|,dirais,دراءيس
|,dirajakan,دراجاکن
|,dirakam,دراقم
|,dirakamkan,دراقمکن
|,diperamaikan,دڤرامايکن
|,diramaikan,درامايکن
|,diramal,درامل
|,diramalkan,دراملکن
|,diramas,درامس
|,dirampai,درمڤاي
|,dirampaikan,درمڤايکن
|,dirampas,درمڤس
|,dirampingkan,درمڤيڠکن
|,dirampungkan,درامڤوڠکن
|,diranapkan,درانڤکن
|,dirancakkan,درنچقکن
|,dirancang,درانچڠ
|,dirancangkan,درانچڠکن
|,dirancap,درنچڤ
|,diranduk,درندوق
|,dirandungkan,درندوڠکن
|,diranggakkan,درڠݢقکن
|,diranggeh,درڠݢيه
|,diranggikan,درڠݢيکن
|,diranggitkan,درڠݢيتکن
|,diranggungkan,درڠݢوڠکن
|,dirangka,دراڠک
|,dirangkakan,دراڠکاکن
|,dirangkai,درڠکاي
|,dirangkaikan,درڠکايکن
|,dirangkapkan,درڠکڤکن
|,dirangkul,درڠکول
|,dirangkumi,درڠکومي
|,dirangkumkan,درڠکومکن
|,diserangkunkan,دسرڠکونکن
|,dirangsang,درڠسڠ
|,dirangsangkan,درڠسڠکن
|,diranjau,درنجاو
|,diranumkan,درانومکن
|,dirapati,دراڤتي
|,dirapatkan,دراڤتکن
|,dirapikan,دراڤيکن
|,dirasa,دراس
|,dirasai,دراساءي
|,dirasakan,دراساکن
|,dirasionalkan,دراسيونلکن
|,dirasmikan,دراسميکن
|,dirasuah,درسواه
|,dirasuk,دراسوق
|,diratakan,دراتاکن
|,diratah,دراته
|,diratapi,دراتڤي
|,diratifikasi,دراتيفيکاسي
|,diratifikasikan,دراتييکاسيکن
|,diraut,دراءوت
|,dirawai,دراواي
|,dirawat,دراوت
|,dirawati,دراوتي
|,dirayakan,دراياکن
|,dirayah,درايه
|,dirayapi,درايڤي
|,dirayu,درايو
|,dirayukan,درايوکن
|,direbahkan,دربهکن
|,direbangkan,دربڠکن
|,direbas,دربس
|,direbus,دربوس
|,direbut,دربوت
|,direcik,درچيق
|,direciki,درچيقي
|,diredakan,درداکن
|,diredai,درضاءي
|,diredah,درده
|,diredas,دردس
|,direformasikan,دريفورماسيکن
|,diregang,درݢڠ
|,diregangkan,درݢڠکن
|,diregas,درݢس
|,diregat,درݢت
|,diregukan,درݢوکن
|,direhabilitasikan,دريهابيليتاسيکن
|,direjam,درجم
|,direjamkan,درجمکن
|,direjang,درجڠ
|,direjeng,درجڠ
|,direka,دريک
|,direka-reka,دريکا ـ ريک
|,direkahkan,درکهکن
|,direkat,درکت
|,direkatkan,درکتکن
|,direkodkan,دريکودکن
|,direkrutkan,دريکروتکن
|,direlakan,دريلاکن
|,direlai,درلاي
|,direlaikan,درلايکن
|,direlas,درلس
|,direlau,درلاو
|,diremah-remah,دريمه ـ ريمه
|,diremah-remahkan,دريمه ـ ريمهکن
|,diremajakan,درماجاکن
|,direman,دريمن
|,dirembas,درمبس
|,dirembat,دريمبت
|,dirembeskan,دريمبيسکن
|,dirembet,دريمبيت
|,diremeh-temehkan,دريميه ـ تيميهکن
|,dirempa,درمڤا
|,dierempong,دريمڤوڠ
|,dirempongkan,دريمڤوڠکن
|,dirempuh,درمڤوه
|,dirempung,درمڤوڠ
|,dirempus,درمڤوس
|,diremukkan,درموقکن
|,diremuk-redamkan,درموق ـ ردمکن
|,direnangi,درنڠي
|,direnangkan,درنڠکن
|,direncanakan,درنچاناکن
|,direncatkan,درنچتکن
|,direncong,درينچوڠ
|,direnda,دريندا
|,direndahkan,درندهکن
|,direndam,درندم
|,direndamkan,درندمکن
|,direndang,درندڠ
|,direnggangi,درڠݢڠي
|,direnggangkan,درڠݢڠکن
|,direnggut,درڠݢوت
|,direngkah,درڠکه
|,direngkuh,درڠکوه
|,direnjis,درنجيس
|,direnjiskan,درنجيسکن
|,direnjis-renjis,درنجيس ـ رنجيس
|,direntak-rentak,درنتق ـ رنتق
|,direntak-rentakkan,درنتق ـ رنتقکن
|,direntang,درنتڠ
|,direntangi,درنتڠي
|,direntangkan,درنتڠکن
|,direntap,درنتڤ
|,direntapkan,درنتڤکن
|,direntas,درنتس
|,direntasi,درنتسي
|,direntetkan,درينتيتکن
|,direnung,درنوڠ
|,direnungi,درنوڠي
|,direnungkan,درنوڠکن
|,direnyahkan,درپهکن
|,direnyak,درپق
|,direnyakkan,درپقکن
|,direnyukkan,درپوقکن
|,direnyutkan,درپوتکن
|,direpang,درڤڠ
|,direpih,درڤيه
|,direpot,دريڤوت
|,direpotkan,دريڤوتکن
|,direputkan,درڤوتکن
|,diresahkan,درسهکن
|,diresapi,درسڤي
|,diresapkan,درسڤکن
|,direstui,درستوءي
|,diretakkan,درتقکن
|,diretas,درتس
|,direvolusikan,دريۏولوسيکن
|,diriakan,درياکن
|,diriangkan,درياڠکن
|,dirias,درياس
|,diriba,دريبا
|,diribai,دريباءي
|,diributkan,دريبوتکن
|,dirimbas,دريمبس
|,dirimbuni,دريمبوني
|,dirimbunkan,دريمبونکن
|,dirinaikan,درينايکن
|,diperinci,دڤرينچي
|,dirincih,درينچيه
|,dirincik,درينچيق
|,dirincis,درينچيس
|,dirindui,دريندوءي
|,diperingankan,دڤريڠنکن
|,diringankan,دريڠنکن
|,diringkai,دريڠکاي
|,diringkaikan,دريڠکايکن
|,diringkaskan,دريڠکسکن
|,dirintang,درينتڠ
|,dirintangi,درينتڠي
|,dirintangkan,درينتڠکن
|,dirintang-rintang,درينتڠ ـ رينتڠ
|,dirintas,درينتس
|,dirintih,درينتيه
|,dirintihi,درينتيهي
|,dirintis,درينتيس
|,dirisak,دريسق
|,dirisaukan,دريساوکن
|,dirisik,دريسيق
|,dirisikkan,دريسيقکن
|,dirisik-risik,دريسيق ـ ريسيق
|,diriuhkan,دريوهکن
|,diriwayatkan,دريوايتکن
|,dirizabkan,دريزبکن
|,dirobak-rabikkan,دروبق ـ رابيقکن
|,dirobat-rabitkan,دروبت ـ رابيتکن
|,dirobek,دروبيق
|,dirobekkan,دروبيقکن
|,dirobek-robek,دروبيق ـ روبيق
|,diroboh,دروبوه
|,dirobohkan,دروبوهکن
|,dirodok,درودوق
|,dirodongkan,درودوڠکن
|,dirogol,دروݢول
|,dirojak,دروجق
|,dirojakkan,دروجقکن
|,dirombak,درومبق
|,dirombengkan,درومبيڠکن
|,dirompak,درومڤق
|,dirompong,درومڤوڠ
|,dirompongkan,درومڤوڠکن
|,diromusakan,دروموساکن
|,diromusyakan,دروموشاکن
|,dironai,دروناءي
|,dironakan,دروناکن
|,dironda,دروندا
|,dirondokkan,دروندوقکن
|,dironeo,درونيو
|,dirongakkan,دروڠقکن
|,dironggai,دروڠݢاءي
|,dironta,درونتا
|,dironyeh,دروپيه
|,dironyok,دروپوق
|,dironyokkan,دروپوقکن
|,diropolkan,دروڤولکن
|,dirosaki,دروسقي
|,dirosakkan,دروسقکن
|,dirosokkan,دروسوقکن
|,dirosotkan,دروسوتکن
|,dirotan,دروتن
|,dirotani,دروتني
|,diruahkan,درواهکن
|,diruangkan,درواڠکن
|,diruas-ruaskan,درواس ـ رواسکن
|,dirubung,دروبوڠ
|,dirubungi,دروبوڠي
|,dirugikan,دروݢيکن
|,dirujah,دروجه
|,dirujuk,دروجوع
|,dirujuki,دروجوعکي
|,dirujukkan,دروجوعکن
|,dirukunkan,دروکونکن
|,diperumahkan,دڤرومهکن
|,diserumahkan,دسرومهکن
|,dirumbunkan,درومبونکن
|,dirumikan,دروميکن
|,dirumitkan,دروميتکن
|,dirumpunkan,درومڤونکن
|,dirumputi,درومڤوتي
|,dirumuskan,دروموسکن
|,diperuncing,دڤرونچيڠ
|,diruncing,درونچيڠ
|,diperundingkan,دڤرونديڠکن
|,dirundingi,درونديڠي
|,dirundingkan,درونديڠکن
|,dirundukkan,دروندوقکن
|,dirundung,دروندوڠ
|,dirungguhkan,دروڠݢوهکن
|,dirungkaikan,دروڠکايکن
|,dirungkas,دروڠکس
|,dirungkup,دروڠکوم
|,dirunguti,دروڠوتي
|,dirungutkan,دروڠوتکن
|,dirunjam,درونجم
|,dirunjang,درونجڠ
|,dirunsingkan,درونسيڠکن
|,diruntas,درونتس
|,dirunti,درونتي
|,diruntih,درونتيه
|,diruntuhkan,درونتوهکن
|,diruntun,درونتون
|,diruntun-runtun,درونتون ـ رونتون
|,diruntun-runtunkan,درونتون ـ رونتونکن
|,dirunut,درونوت
|,dirupakan,دروڤاکن
|,dirusuhi,دروسوهي
|,dirusuhkan,دروسوهکن
|,diruwatkan,دروواتکن
|,diruyupkan,درويوڤکن
|,disabarkan,دصبرکن
|,disabdakan,دسبداکن
|,disabit,دسابيت
|,disabitkan,دثابتکن
|,disabot,دسابوت
|,disabotaj,دسابوتج
|,disabun,دسابون
|,disabuni,دسابوني
|,disabung,دسابوڠ
|,disabungkan,دسابوڠکن
|,disabur,دسابور
|,disaburkan,دسابورکن
|,disabut,دسابوت
|,disadai,دساداي
|,disadaikan,دسادايکن
|,disadau,دساداو
|,disadung,دسادوڠ
|,disadur,دسادور
|,disagang,دساݢڠ
|,disagar,دساݢر
|,disagat,دساݢت
|,disahkan,دصحکن
|,dipersahajakan,دڤرسهاجاکن
|,disahajakan,دسهاجاکن
|,disahap,دساهڤ
|,disahihkan,دصحيحکن
|,disahut,دساهوت
|,disahuti,دساهوتي
|,disaingi,دساءيڠي
|,disajakkan,دساجقکن
|,disaji,دساجي
|,disajikan,دساجيکن
|,disakal,دساکل
|,disakat,دساکت
|,disakiti,دساکيتي
|,dipersaksikan,دڤرسقسيکن
|,disaksikan,دسقسيکن
|,disaktikan,دسقتيکن
|,disakukan,دساکوکن
|,dipersalahkan,دڤرسالهکن
|,disalahkan,دسالهکن
|,disalai,دسالاي
|,disalak,دسالق
|,disalang,دسالڠ
|,disalap,دسالڤ
|,disalib,دصليب
|,dipersalin,دڤرسالين
|,dipersalini,دڤرساليني
|,disalin,دسالين
|,disalini,دساليني
|,disalinkan,دسالينکن
|,disalirkan,دساليرکن
|,disalur,دسالور
|,disalurkan,دسالورکن
|,disalut,دسالوت
|,disaluti,دسالوتي
|,dipersamakan,دڤرساماکن
|,disamakan,دساماکن
|,disamak,دسامق
|,disaman,دسامن
|,disamari,دسامري
|,disamarkan,دسامرکن
|,disambalewakan,سمباليواکن
|,disambangi,دسامبڠي
|,disambar,دسامبر
|,disambat,دسمبت
|,disambilkan,دسمبيلکن
|,disambuk,دسمبوق
|,disambung,دسامبوڠ
|,disambungkan,دسامبوڠکن
|,disambut,دسمبوت
|,disampaikan,دسمڤايکن
|,disampak,دسامڤق
|,disampang,دسامڤڠ
|,di samping,دسمڤيڠ
|,dikesampingkan,دکسمڤيڠکن
|,disampirkan,دسمڤيرکن
|,disampu,دسمڤو
|,disampuk,دسمڤوق
|,disampukkan,دسمڤوقکن
|,disampul,دسامڤول
|,disampun,دسمڤون
|,disamun,دسامون
|,disamuni,دساموني
|,dikesanakan,دکساناکن
|,di sana,دسان
|,disandakan,دسانداکن
|,disandak,دساندق
|,disandang,دساندڠ
|,dipersandangkan,دڤرساندڠکن
|,disandar,دساندر
|,disandarkan,دساندرکن
|,disanderakan,دسندراکن
|,disandingkan,دسنديڠکن
|,disandiwarakan,دسنديواراکن
|,disandung,دسندوڠ
|,disangai,دساڠاي
|,disangga,دسڠݢ
|,disanggah,دسڠݢه
|,disanggam,دسڠݢم
|,disanggit,دسڠݢيت
|,disanggul,دسڠݢول
|,disanggulkan,دسڠݢولکن
|,disangka,دسڠک
|,disangkakan,دسڠکاکن
|,disangkak,دساڠکق
|,disangkal,دساڠکل
|,disangkarkan,دساڠکرکن
|,disangkut,دسڠکوت
|,disangkutkan,دسڠکوتکن
|,disangkutpautkan,دسڠکوتڤاءوتکن
|,disangsikan,دسڠسيکن
|,disanjung,دسانجوڠ
|,disanjungi,دسانجوڠي
|,disantak,دسانتق
|,disantakkan,دسانتقکن
|,disantap,دسانتڤ
|,disantau,دسنتاو
|,disap,دسڤ
|,disapu,دساڤو
|,disapukan,دساڤوکن
|,disapu-sapu,دساڤو ـ ساڤو
|,disaputi,دساڤوتي
|,dibersarakan,دبرساراکن
|,disarai,دساراءي
|,disarak,دسارق
|,disarankan,دسارنکن
|,disarapi,دسارڤي
|,disaring,دساريڠ
|,disaringkan,دساريڠکن
|,disarung,دساروڠ
|,disasap,دساسڤ
|,disasarkan,دساسرکن
|,dipersatukan,دڤرساتوکن
|,disatukan,دساتوکن
|,disauk,دساءوق
|,disauri,دساءوري
|,disayang,دسايڠ
|,disayangi,دسايڠي
|,disayangkan,دسايڠکن
|,disayat,دسايت
|,disayung,دسايوڠ
|,disayur,دسايور
|,disebabkan,دسببکن
|,disebai,دسباي
|,disebakkan,دسبقکن
|,disebak,ديسيبق
|,disebar,دسيبار
|,disebarkan,دسيبارکن
|,disebat,دسبت
|,disebatikan,دسباتيکن
|,diseberangi,دسبرڠي
|,diseberangkan,دسبرڠکن
|,disebit,دسبيت
|,disebu,دسبو
|,disebukan,دسبوکن
|,disebuk,دسبوق
|,disebut,دسبوت
|,disebut-sebut,دسبوت ـ سبوت
|,disebutkan,دسبوتکن
|,disedangi,دسدڠي
|,disedangkan,دسدڠکن
|,disedapkan,دسدڤکن
|,disedari,دسدري
|,disedarkan,دسدرکن
|,disedekah,دصدقه
|,disedekahi,دصدقهي
|,disedekahkan,دصدقهکن
|,disederhanakan,دسدرهاناکن
|,disediakan,دسدياکن
|,disedihkan,دسديهکن
|,dipersedikit,دڤرسديکيت
|,diseduh,دسدوه
|,disedut,دسدوت
|,disegak,دسݢق
|,disegak,دسيݢق
|,disegalaapakan,دسݢالااڤاکن
|,disegani,دسݢني
|,disegarkan,دسݢرکن
|,disegehi,دسيݢيهي
|,disegerakan,دسݢراکن
|,disejahterakan,دسجهتراکن
|,disejat,دسجت
|,disejatkan,دسجتکن
|,disejuki,دسجوقي
|,disejukkan,دسجوقکن
|,diseka,دسيک
|,disekai,دسيکاءي
|,disekang,دسکڠ
|,disekat,دسکت
|,disekeh,دسيکيه
|,disekolahkan,دسکولهکن
|,diseksa,دسيقسا
|,disekutui,دسکوتوءي
|,dipersekutukan,دڤرسکوتوکن
|,diselai,دسلاءي
|,diselakan,دسلاکن
|,diselak,دسلق
|,diselak,دسيلق
|,diselam,دسلم
|,diselami,دسلمي
|,diselamkan,دسلمکن
|,diselamatkan,دسلامتکن
|,diselampitkan,دسلمڤيتکن
|,diselang,دسلڠ
|,diselangi,دسلڠي
|,diselangkup,دسلڠکوڤ
|,diselap,دسلڤ
|,diselapi,دسلڤي
|,diselaputi,دسلاڤوتي
|,diselar,دسلر
|,di selat,دسلت
|,diselekehi,دسليکيهي
|,diselempangkan,دسليمڤڠکن
|,diselendangi,دسليندڠي
|,diselendangkan,دسليندڠکن
|,diselenggarakan,دسلڠݢاراکن
|,diselerakkan,دسليرقکن
|,diselesakan,دسليساکن
|,diselesaikan,دسلسايکن
|,diselewengkan,دسليويڠکن
|,diselia,دسليا
|,diseliakan,دسلياکن
|,diselidiki,دسليديقي
|,diselimpat,دسليمڤت
|,diselimuti,دسليموتي
|,diselimutkan,دسليموتکن
|,diselinap,دسلينڤ
|,diselinapkan,دسلينڤکن
|,diselindungi,دسليندڠي
|,diselingi,دسليڠي
|,diselingkit,دسليڠکيت
|,diselingkupi,دسليڠکوڤي
|,diselingkupkan,دسليڠکوڤکن
|,diselipkan,دسليڤکن
|,diseliputi,دسليڤوتي
|,diselisihkan,دسليسيهکن
|,diselisip,دسليسيڤ
|,diselisipkan,دسليسيڤکن
|,diselit,دسليت
|,diselitkan,دسليتکن
|,diselongkar,دسلوڠکر
|,diselonsongi,دسلوڠسوڠي
|,diperselorohkan,دڤرسلوروهکن
|,diselorohkan,دسلوروهکن
|,diselubung,دسلوبوڠ
|,diselubungi,دسلوبوڠي
|,diseludup,دسلودوڤ
|,diseludupkan,دسلودوڤکن
|,diseluk,دسلوق
|,diselungkupi,دسلوڠکوڤي
|,diselungkur,دسلوڠکور
|,diseluruti,دسلوروتي
|,diselusuh,دسلوسوه
|,diselusur,دسلوسور
|,diselusurkan,دسلوسورکن
|,disemadikan,دسماديکن
|,disemah,دسيمه
|,disemahkan,دسيمهکن
|,disemai,دسماي
|,disemaikan,دسمايکن
|,disemak,دسيمق
|,disemarakkan,دسمارقکن
|,disemat,دسمت
|,disematkan,دسمتکن
|,disemayamkan,دسمايمکن
|,disembah,دسمبه
|,disembahkan,دسمبهکن
|,dipersembahkan,دڤرسمبهکن
|,disembahyangi,دسمبهيڠي
|,disembahyangkan,دسمبهيڠکن
|,disembamkan,دسمبمکن
|,disembat,دسمبت
|,disembat,دسيمبت
|,disembelih,دسمبليه
|,disemberonokan,دسمبرونوکن
|,disemboyankan,دسمبوينکن
|,disembuhkan,دسمبوهکن
|,disembul,دسمبول
|,disembulkan,دسمبولکن
|,disembunyikan,دسمبوپيکن
|,disembur,دسمبور
|,disemburkan,دسمبورکن
|,diseminarkan,دسيمينرکن
|,disemir,دسمير
|,disempadani,دسمڤادني
|,disempitkan,دسمڤيتکن
|,disemprotkan,دسمڤروتکن
|,disempurnakan,دسمڤورناکن
|,disemukan,دسموکن
|,dikesemuakan,دکسمواکن
|,dipersenang,دڤرسنڠ
|,disenangi,دسنڠي
|,disenangkan,دسنڠکن
|,diseraikan,سنارايکن
|,disendakan,دسنداکن
|,disendak,دسندق
|,disendal,دسندل
|,disendat,دسندت
|,disendengkan,دسينديڠکن
|,disender,دسيندير
|,disendikan,دسنديکن
|,disenduk,دسندوق
|,disengaja,دسڠاج
|,disengajakan,دسڠاجاکن
|,disengapkan,دسڠڤکن
|,disengat,دسڠت
|,disengaukan,دسڠاوکن
|,disengetkan,دسيڠيتکن
|,disenggangkan,دسڠݢڠکن
|,disenggarakan,دسڠݢاراکن
|,disenggau,دسڠݢاو
|,disenggayuti,دسڠݢايوتي
|,disenggok,دسيڠݢوق
|,disenggol,دسيڠݢول
|,disengguk,دسڠݢوق
|,disengihkan,دسڠيهکن
|,disengkak,دسڠکق
|,disengkang,دسڠکڠ
|,disengkela,دسڠکلا
|,disengkelingkan,دسڠکليڠکن
|,disengkelit,دسڠکليت
|,disengker,دسڠکر
|,dipersengketakan,دڤرسڠکيتاکن
|,disengsarakan,دسڠساراکن
|,disenguk,دسڠوق
|,disenjatai,دسنجاتاءي
|,disensor,دسينسور
|,disentak,دسنتق
|,disentakkan,دسنتقکن
|,disentak,دسينتق
|,disentakkan,دسينتقکن
|,disental,دسنتل
|,disentalkan,دسنتلکن
|,disentap,دسنتڤ
|,disenteng,دسينتيڠ
|,disentengi,دسينتيڠي
|,disentengkan,دسينتيڠکن
|,disenter,سينتير
|,disentil,دسنتيل
|,disentosakan,دسنتوساکن
|,disentuh,دسنتوه
|,disenyapkan,دسپڤکن
|,disepah,دسيڤه
|,disepahkan,دسيڤهکن
|,disepak,دسڤق
|,disepak,دسيڤق
|,disepan,دسڤن
|,diseperah,دسڤره
|,disepertikan,دسڤرتيکن
|,disepetkan,دسيڤيتکن
|,disepina,دسڤينا
|,disepit,دسڤيت
|,disepuh,دسڤوه
|,disepuk,دسڤوق
|,diserabuti,دسرابوتي
|,diserabutkan,دسرابوتکن
|,diserah,دسره
|,diserahkan,دسرهکن
|,diserak,دسيرق
|,diserakkan,دسيرقکن
|,diserambab,دسرمبب
|,diserampang,دسرمڤڠ
|,diseranah,دسرانه
|,diserandang,دسرندڠ
|,diserang,دسرڠ
|,diseranikan,دسرانيکن
|,diserap,دسرڤ
|,diserapkan,دسرڤکن
|,diserapkan,دسيرڤکن
|,diserapah,دسراڤه
|,diserapahi,دسراڤهي
|,diseratkan,دسرتکن
|,diserbu,دسربو
|,diserbui,دسربوءي
|,diserbukan,دسربوکن
|,diserbuki,دسربوقي
|,diserbukkan,دسربوقکن
|,diserek,دسيريق
|,diserendengkan,دسرينديڠکن
|,diseret,دسيريت
|,disergah,دسرݢه
|,disergap,دسرݢڤ
|,diserikan,دسريکن
|,diserikkan,مپريقکن
|,diserkap,دسرکڤ
|,diserkup,دسرکوڤ
|,diserkupkan,دسرکوڤکن
|,diserobot,دسروبوت
|,diserodi,دسرودي
|,diserodok,سرودوق
|,diserondol,دسروندول
|,diserondong,دسروندوڠ
|,diserongkan,دسيروڠکن
|,diserongkong,دسروڠکوڠ
|,diseronokkan,دسرونوقکن
|,diseropot,دسروڤوت
|,diserosoh,دسروسوه
|,diserot,دسروت
|,diserpih,دسرڤيه
|,disertai,دسرتاءي
|,disertakan,دسرتاکن
|,diseru,دسرو
|,diserukan,دسروکن
|,diseru-serukan,دسرو ـ سروکن
|,diserum,دسيروم
|,diserungkupi,دسروڠکوڤي
|,diservis,دسرۏيس
|,disesah,دسسه
|,disesakkan,دسسقکن
|,disesali,دسسلي
|,disesap,دسسڤ
|,disesar,دسسر
|,disesarkan,دسسرکن
|,disesatkan,دسستکن
|,disesuaikan,دسسوايکن
|,disetankan,دسيتنکن
|,disetatar,دستاتر
|,diseterika,دستريک
|,disetir,دستير
|,di setui,دستوءي
|,disewa,دسيوا
|,disewakan,دسيواکن
|,disewat,دسيوات
|,disia-siakan,دسيا ـ سياکن
|,disiah,دسياه
|,disiahkan,دسياهکن
|,disiapkan,دسياڤکن
|,disiar,دسيار
|,disiarkan,دسيارکن
|,disiasat,دسياست
|,disiat,دسيات
|,disidai,دسيداي
|,disifatkan,دصيفتکن
|,disigai,دسيݢاي
|,disigi,دسيݢي
|,disigung,دسيݢوڠ
|,disihirkan,دسيحيرکن
|,disikat,دسيکت
|,disiklostil,دسيکلوستيل
|,disiku,دسيکو
|,disikut,دسيکوت
|,dipersilakan,دڤرسيلاکن
|,disilamkan,دسيلمکن
|,disilangkan,دسيلڠکن
|,disilik,دسيليق
|,disimbah,دسيمبه
|,disimbang,دسيمبڠ
|,disimbat,دسيمبت
|,disimbur,دسيمبور
|,disimburi,دسيمبوري
|,disimen,دسيمين
|,disimpai,دسيمڤاي
|,disimpaikan,دسيمڤايکن
|,disimpan,دسيمڤن
|,disimpankan,دسيمڤنکن
|,disimpangkan,دسيمڤڠکن
|,disimpirkan,دسيڤيرکن
|,disimpul,دسيمڤول
|,disimpulkan,دسيمڤولکن
|,disinari,دسينري
|,disindir,دسيندير
|,disinggah,دسيڠݢه
|,disinggahi,دسيڠݢهي
|,disinggir,دسيڠݢير
|,disinggul,دسيڠݢول
|,disinggung,دسيڠݢوڠ
|,disingkap,دسيڠکڤ
|,disingkatkan,دسيڠکتکن
|,disingkir,دسيڠکير
|,disingsat,دسيڠست
|,disingsatkan,دسيڠستکن
|,disingsing,دسيڠسيڠ
|,disingsingkan,دسيڠسيڠکن
|,di sini,دسيني
|,dikesinikan,دکسينيکن
|,disinonimkan,دسينونيمکن
|,disintesiskan,دسينتيسيسکن
|,disintuk,دسينتوق
|,disintukkan,دسينتوقکن
|,disintung,دسينتوڠ
|,disira,دسيرا
|,disiram,دسيرم
|,disirami,دسيرمي
|,disiramkan,دسيرمکن
|,disirap,دسيرڤ
|,disirapkan,دسيرڤکن
|,disirat,دسيرت
|,disiring,دسيريڠ
|,disirnakan,دسيرناکن
|,disisakan,دسيساکن
|,dikesisikan,دکسيسيکن
|,di sisi,دسيسي
|,disisih,دسيسيه
|,disisihkan,دسيسيهکن
|,disisik,دسيسيق
|,disisip,دسيسيڤ
|,disisipi,دسيسيڤي
|,disisipkan,دسيسيڤکن
|,disisir,دسيسير
|,disistemkan,دسيستمکن
|,disita,دسيتا
|,disiuk,دسيوق
|,disiulkan,دسيولکن
|,diskors,دسکورس
|,diskru,دسکرو
|,diskrukan,دسکروکن
|,dismokel,دسموکل
|,disoal,دسوءال
|,disoalkan,دسوءالکن
|,dipersoalkan,دڤرسوءالکن
|,disobek,دسوبيق
|,disodok,دسودوق
|,disogok,دسوݢوق
|,disokom,دسوکوم
|,disokomkan,دسوکومکن
|,disokong,دسوکوڠ
|,disolek,دسوليق
|,disolekkan,دسوليقکن
|,disombol,دسومبول
|,disompoh,دسومڤوه
|,disondol,سوندول
|,disondong,دسوندوڠ
|,disongkokkan,دسوڠکوقکن
|,disongsangkan,دسوڠسڠکن
|,disongsong,دسوڠسوڠ
|,disontek,دسونتيق
|,disontok,دسونتوق
|,disorak,دسورق
|,disoren,دسورين
|,disorok,دسوروق
|,disorong,دسوروڠ
|,disorongkan,دسوروڠکن
|,disorot,دسوروت
|,disoroti,دسوروتي
|,disosoh,دسوسوه
|,disosok,دسوسوق
|,disoyak,دسويق
|,disoyak-soyak,دسويق ـ سويق
|,distabilkan,دستابيلکن
|,distandardkan,دستندردکن
|,distempel,دستيمڤيل
|,distensil,دستينسيل
|,distereotaipkan,دستيريوتاءيڤکن
|,disteril,دستيريل
|,distor,دستور
|,distorkan,دستورکن
|,distrukturkan,دستروکتورکن
|,disua,دسوا
|,disuakan,دسواکن
|,disuaikan,دسوايکن
|,disuak,دسواق
|,disuap,دسواڤ
|,disuapi,دسواڤي
|,disuapkan,دسواڤکن
|,disuar,دسوار
|,disuarakan,دسواراکن
|,disuarangkan,دسوارڠکن
|,disuasanai,دسواساناءي
|,disubsidi,دسوبسيدي
|,disuburkan,دسوبورکن
|,disucikan,دسوچيکن
|,dipersudahkan,دڤرسودهکن
|,disudahi,دسودهي
|,disudahkan,دسودهکن
|,dipersudikan,دڤرسوديکن
|,disudikan,دسوديکن
|,disudip,دسوديڤ
|,disudu,دسودو
|,disugar,دسوݢر
|,disugi,دسوݢي
|,disuguhi,دسوݢوهي
|,disuguhkan,دسوݢوهکن
|,disugun,دسوݢون
|,disugunkan,دسوݢونکن
|,disuji,دسوجي
|,disukai,دسوکاءي
|,disukacitakan,دسوکاچيتاکن
|,dipersukar,دڤرسوکر
|,disukarkan,دسوکرکن
|,disukat,دسوکت
|,disula,دسولا
|,disulam,دسولم
|,disulami,دسولمي
|,disuling,دسوليڠ
|,dipersulit,دڤرسوليت
|,disulitkan,دسوليتکن
|,disuluh,دسولوه
|,disuluhi,دسولوهي
|,disumbangkan,دسومبڠکن
|,disumbat,دسومبت
|,disumbatkan,دسومبتکن
|,disumirkan,دسوميرکن
|,disumpah,دسومڤه
|,disumpahi,دسومڤهي
|,disumpal,دسومڤل
|,disumpalkan,دسومڤلکن
|,disumpit,دسومڤيت
|,disunahkan,دسنهکن
|,disunat,دسونت
|,disunati,دسونتي
|,disunatkan,دسونتکن
|,disundak,دسوندق
|,disungguhi,دسوڠݢوهي
|,disungkah,دسوڠکه
|,disungkahkan,دسوڠکهکن
|,disungkal,دسوڠکل
|,disungkit,دسوڠکيت
|,disungkup,دسوڠکوڤ
|,disungkupi,دسوڠکوڤي
|,disungkupkan,دسوڠکوڤکن
|,disungutkan,دسوڠوتکن
|,disuntih,دسونتيه
|,disuntik,دسونتيق
|,dipersunting,دڤرسونتيڠ
|,disunting,دسونتيڠ
|,disunu,دسونو
|,disurai,دسوراي
|,disuraikan,دسورايکن
|,disurati,دسورتي
|,disurih,دسوريه
|,disurihkan,دسوريهکن
|,disuruh,دسوروه
|,disurutkan,دسوروتکن
|,disusui,دسوسوءي
|,disusukan,دسوسوکن
|,disusul,دسوسول
|,disusuli,دسوسولي
|,disusun,دسوسون
|,disusunkan,دسوسونکن
|,disusup,دسوسوڤ
|,disusupi,دسوسوڤي
|,disusupkan,دسوسوڤکن
|,disusur,دسوسور
|,disusuri,دسوسوري
|,disusutkan,دسوسوتکن
|,disutradarakan,دسوتراداراکن
|,diswastakan,دسواستاکن
|,disyairkan,دشعيرکن
|,disyaki,دشکي
|,disyampu,دشمڤو
|,disyaratkan,دشرطکن
|,disyariatkan,دشريعتکن
|,disyorkan,دشورکن
|,disyukuri,دشکوري
|,ditaati,دطاعتي
|,ditabahkan,دتابهکن
|,ditabal,دطبل
|,ditabalkan,دطبلکن
|,ditabik,دتابيق
|,ditabiri,دتابيري
|,ditabukan,دتابوکن
|,ditabuh,دتابوه
|,ditabung,دتابوڠ
|,ditabungkan,دتابوڠکن
|,ditabur,دتابور
|,ditaburi,دتابوري
|,ditaburkan,دتابورکن
|,ditadah,دتاده
|,ditadahkan,دتادهکن
|,ditadbir,دتدبير
|,ditadbirkan,دتدبيرکن
|,ditafahus,دتفحص
|,ditafahusi,دتفحصي
|,ditafsir,دتفسير
|,ditafsirkan,دتفسيرکن
|,ditagak,دتاݢق
|,ditagak-tagak,دتاݢق ـ تاݢق
|,ditagih,دتاݢيه
|,ditahan,دتاهن
|,ditahani,دتاهني
|,ditahankan,دتاهنکن
|,ditaharkan,دتاهرکن
|,ditahbiskan,دتحبيسکن
|,ditahkikkan,دتحقيقکن
|,ditahukan,دتاهوکن
|,ditaiki,دتايقي
|,ditaikkan,دتايقکن
|,ditaip,دتاءيڤ
|,ditaipkan,دتاءيڤکن
|,ditaja,دتاجا
|,ditajak,دتاجق
|,dipertajam,دڤرتاجم
|,ditajam,دتاجم
|,ditajamkan,دتاجمکن
|,ditajinkan,دتاجينکن
|,dipertajuk,دڤرتاجوق
|,ditakak,دتاکق
|,ditakar,دتاکر
|,ditakari,دتاکري
|,ditakdirkan,دتقديرکن
|,ditakdiskan,دتقديسکن
|,ditakhlikkan,دتخليقکن
|,ditakhsiskan,دتخصيصکن
|,ditakhtakan,دتختاکن
|,ditaki,دتاکي
|,ditakik,دتاکيق
|,ditakik-takik,دتاکيق ـ تاکيق
|,ditakluk,دتعلوق
|,ditakluki,دتعلوقي
|,ditakma,دتقما
|,ditakrif,دتعريف
|,ditakrifkan,دتعريفکن
|,ditaksir,دتکسير
|,ditaksirkan,دتکسيرکن
|,ditakuk,دتاکوق
|,ditakung,دتاکوڠ
|,ditakuti,دتاکوتي
|,ditakut-takutkan,دتاکوت ـ تاکوتکن
|,ditakwilkan,دتاءويلکن
|,ditakzimkan,دتعظيمکن
|,ditakzirkan,دتعزيرکن
|,ditala,دتالا
|,ditalakan,دتالاکن
|,ditalak,دطلاق
|,ditalaki,دطلاقي
|,ditalang,دتالڠ
|,ditalangi,دتالڠي
|,dipertalikan,دڤرتاليکن
|,ditalkinkan,دتلقينکن
|,ditamadunkan,دتمدونکن
|,ditamatkan,دتامتکن
|,dipertambah,دڤرتمبه
|,ditambah,دتمبه
|,ditambahi,دتمبهي
|,ditambahkan,دتمبهکن
|,ditambak,دتمبق
|,ditambal,دتمبل
|,ditambang,دتامبڠ
|,ditambat,دتمبت
|,ditambati,دتمبتي
|,ditambatkan,دتمبتکن
|,ditambul,دتمبول
|,ditambun,دتمبون
|,ditambunkan,دتمبونکن
|,ditampal,دتمڤل
|,ditampali,دتمڤلي
|,ditampalkan,دتمڤلکن
|,ditampan,دتمڤن
|,ditampang,دتمڤڠ
|,ditampar,دتمڤر
|,ditampas,دتمڤس
|,ditampi,دتمڤي
|,ditampilkan,دتمڤيلکن
|,ditampung,دتمڤوڠ
|,ditampungkan,دتمڤوڠکن
|,ditamsilkan,دتمثيلکن
|,ditamyizkan,دتمييزکن
|,ditanai,دتاناي
|,ditanak,دتانق
|,ditanam,دتانم
|,ditanami,دتانمي
|,ditanamkan,دتانمکن
|,ditanang,دتانڠ
|,ditancap,دتنچڤ
|,ditancapkan,دتنچڤکن
|,ditandai,دتنداءي
|,ditandakan,دتنداکن
|,ditandang,دتاندڠ
|,ditandangi,دتاندڠي
|,ditandaskan,دتاندسکن
|,ditandatangani,دتنداتاڠني
|,ditandingi,دتنديڠي
|,ditandingkan,دتنديڠکن
|,ditandu,دتندو
|,ditanduk,دتندوق
|,ditanduskan,دتندوسکن
|,ditangani,دتاڠني
|,ditangas,دتاڠس
|,ditanggali,دتڠݢلي
|,ditanggalkan,دتڠݢلکن
|,ditanggam,دتڠݢم
|,ditanggang,دتڠݢڠ
|,ditanggap,دتڠݢڤ
|,ditanggapi,دتڠݢڤي
|,ditanggapkan,دتڠݢڤکن
|,ditanggar,دتڠݢر
|,dipertangguhkan,دڤرتڠݢوهکن
|,ditangguhkan,دتڠݢوهکن
|,ditangguh-tangguhkan,دتڠݢوه ـ تڠݢوهکن
|,ditangguk,دتڠݢوق
|,dipertanggungkan,دڤرتڠݢوڠکن
|,dipertanggungjawabkan,دڤرتڠݢوڠجوابکن
|,ditanggung,دتڠݢوڠ
|,ditanggungkan,دتڠݢوڠکن
|,ditangisi,دتاڠيسي
|,ditangiskan,دتاڠيسکن
|,ditangkal,دتڠکل
|,ditangkalkan,دتڠکلکن
|,ditangkap,دتڠکڤ
|,ditangkapi,دتڠکڤي
|,ditangkapkan,دتڠکڤکن
|,ditangkis,دتڠکيس
|,ditangkiskan,دتڠکيسکن
|,ditangkup,دتڠکوڤ
|,ditangkupkan,دتڠکوڤکن
|,ditanjak,دتنجق
|,ditanjakkan,دتنجقکن
|,ditanjur,دتنجور
|,ditantang,دتانتڠ
|,ditanwinkan,دتنوينکن
|,ditanya,دتاڽ
|,ditanyakan,دتاپاکن
|,ditapis,دتاڤيس
|,ditapuk-tapuk,دتاڤوق ـ تاڤوق
|,disetarakan,دستاراکن
|,disetarafkan,دسطرفکن
|,ditarah,دتاره
|,ditarbiahkan,دتربيهکن
|,ditarikan,دتاريکن
|,ditarik,دتاريق
|,ditarik-tarik,دتاريق ـ تاريق
|,ditarikhkan,دتاريخکن
|,ditaris,دتاريس
|,dipertaruhkan,دڤرتاروهکن
|,ditaruh,دتاروه
|,ditaruhi,دتاروهي
|,ditaruhkan,دتاروهکن
|,ditaruk,دتاروق
|,dipertarungkan,دڤرتاروڠکن
|,ditarungkan,دتاروڠکن
|,ditasak,دتاسق
|,ditasbihkan,دتسبيحکن
|,ditasdikkan,دتصديقکن
|,ditashihkan,دتصحيحکن
|,ditaslimkan,دتسليمکن
|,ditasrifkan,دتصريفکن
|,ditasyhidkan,دتشهيدکن
|,ditasyrihkan,دتشريحکن
|,ditatah,دتاتهکن
|,ditatang,دتاتڠ
|,ditatap,دتاتڤ
|,ditatapi,دتاتڤي
|,ditatar,دتاتر
|,ditatih,دتاتيه
|,ditating,دتاتيڠ
|,ditatingkan,دتاتيڠکن
|,ditauk,دتاءوق
|,ditaul,دتاءول
|,ditauliahi,دتولياهي
|,ditauliahkan,دتولياهکن
|,ditautkan,دتاءوتکن
|,dipertautkan,دڤرتاءوتکن
|,diketawa,دکتاوا
|,diketawakan,دکتاواکن
|,ditertawakan,دترتاواکن
|,ditawaki,دتاوقي
|,ditawakkan,دتاوقکن
|,ditawan,دتاون
|,ditawarkan,دتاورکن
|,ditayang,دتايڠ
|,ditayangkan,دتايڠکن
|,ditebah,دتبه
|,dipertebal,دڤرتبل
|,ditebalkan,دتبلکن
|,ditebang,دتبڠ
|,dipertebarkan,دڤرتيبرکن
|,ditebar,دتيبر
|,ditebarkan,دتيبرکن
|,ditebas,دتبس
|,ditebaskan,دتبسکن
|,ditebat,دتبت
|,ditebeng,دتيبيڠ
|,ditebengkan,دتيبيڠکن
|,ditebok,دتيبوق
|,ditebuk,دتبوق
|,ditebus,دتبوس
|,ditebusi,دتبوسي
|,diteduhi,دتدوهي
|,diteduhkan,دتدوهکن
|,ditegah,دتݢه
|,ditegahkan,دتݢهکن
|,ditegakkan,دتݢقکن
|,ditegangkan,دتݢڠکن
|,ditegapkan,دتݢڤکن
|,ditegarkan,دتݢرکن
|,ditegaskan,دتݢسکن
|,diteguhkan,دتݢوهکن
|,diperteguhkan,دڤرتݢوهکن
|,diteguk,دتݢوق
|,ditegur,دتݢور
|,diteka,دتکا
|,ditekan,دتکن
|,ditekankan,دتکنکن
|,ditekap,دتکڤ
|,ditekapi,دتکڤي
|,ditekapkan,دتکڤکن
|,ditekat,دتکت
|,ditekatkan,دتکتکن
|,ditekek,دتيکيق
|,diteken,دتيکن
|,ditekuk,دتکوق
|,ditekuni,دتکوني
|,ditekup,دتکوڤ
|,ditekupkan,دتکوڤکن
|,ditekur,دتکور
|,ditekurkan,دتکورکن
|,ditelaah,دتلاعه
|,diteladan,دتلادن
|,diteladani,دتلادني
|,ditelan,دتلن
|,ditelangkai,دتلڠکاي
|,ditelangkup,دتلڠکوڤ
|,ditelangkupkan,دتلڠکوڤکن
|,ditelanjangi,دتلنجڠي
|,ditelanjangkan,دتلنجڠکن
|,ditelap,دتلڤ
|,ditelekap,دتلکڤ
|,ditelempap,دتلمڤڤ
|,diteleng,دتيليڠ
|,ditelengkan,دتيليڠکن
|,ditelentangkan,دتلنتڠکن
|,diteliti,دتيليتي
|,ditelungkup,دتلوڠکوڤ
|,ditelungkupkan,دتلوڠکوڤکن
|,ditelus,دتلوس
|,ditemani,دتمني
|,ditemankan,دتمنکن
|,ditembak,دتيمبق
|,ditembakkan,دتيمبقکن
|,ditembel,دتيمبيل
|,ditembelkan,دتيمبيلکن
|,ditemberangi,دتمبيرڠي
|,ditemberangkan,دتمبيرڠکن
|,ditembuk,دتمبوق
|,dipertembungkan,دڤرتمبوڠکن
|,ditembungkan,دتمبوڠکن
|,ditembusi,دتمبوسي
|,ditemin,دتمين
|,ditempa,دتمڤا
|,ditempah,دتمڤه
|,ditempahkan,دتمڤهکن
|,ditempang-tempangkan,دتيمڤڠ ـ تيمڤڠکن
|,ditempatkan,دتمڤتکن
|,ditempek,دتيمڤيق
|,ditempekkan,دتيمڤيقکن
|,ditempek-tempek,دتيمڤيق ـ تيمڤيق
|,ditempek-tempekkan,دتيمڤيق ـ تيمڤيقکن
|,ditempel,دتيمڤيل
|,ditempeli,دتيمڤيلي
|,ditempelkan,دتيمڤيلکن
|,ditempelak,دتمڤلق
|,ditempelakkan,دتمڤلقکن
|,ditempeleng,دتمڤيليڠ
|,ditempiasi,دتمڤياسي
|,ditempuh,دتمڤوه
|,ditempuhi,دتمڤوهي
|,ditempuri,دتمڤوري
|,dipertemukan,دڤرتموکن
|,ditemui,دتموءي
|,ditemukan,دتموکن
|,ditenangkan,دتنڠکن
|,ditendang,دتندڠ
|,ditendas,دتندس
|,ditender,دتيندر
|,ditengadah,دتڠاده
|,ditengadahkan,دتڠادهکن
|,diketengahkan,دکتڠهکن
|,ditenggak,دتڠݢق
|,ditenggala,دتڠݢالا
|,ditenggang,دتيڠݢڠ
|,dipertenggangkan,دڤرتيڠݢڠکن
|,ditenggat,دتڠݢت
|,ditenggek,دتڠݢيق
|,ditenggekkan,دتيڠݢيقکن
|,ditenggelami,دتڠݢلمي
|,ditenggelamkan,دتڠݢلمکن
|,dipertengkarkan,دڤرتڠکرکن
|,ditengking,دتڠکيڠ
|,ditengkurapkan,دتڠکورڤکن
|,ditengok,دتيڠوق
|,ditenjet-tenjet,دتينجيت ـ تينجيت
|,dipertentangkan,دڤرتنتڠکن
|,ditentang,دتنتڠ
|,ditenteramkan,دتنترمکن
|,ditentui,دتنتوءي
|,ditentukan,دتنتوکن
|,ditenun,دتنون
|,ditenung,دتنوڠ
|,ditenungkan,دتنوڠکن
|,ditenyeh,دتيپيه
|,ditenyehkan,دتيپيهکن
|,ditepak,دتڤق
|,ditempam,دتڤم
|,ditepati,دتڤتي
|,ditepek,دتيڤيق
|,ditepekkan,دتيڤيقکن
|,ditepetkan,دتيڤيتکن
|,diketepikan,دکتڤيکن
|,ditepis,دتڤيس
|,ditepiskan,دتڤيسکن
|,ditepukan,دتڤوکن
|,ditepuk,دتڤوق
|,ditepungi,دتڤوڠي
|,diter,دتير
|,ditera,دترا
|,diterakan,دتراکن
|,diterajang,دتراجڠ
|,diterajangkan,دتراجڠکن
|,diterajui,دتراجوءي
|,diterak,دترق
|,diteral,دترل
|,diteran,دترن
|,diterangi,دترڠي
|,diterangkan,دترڠکن
|,diterap,دترڤ
|,diterapkan,دترڤکن
|,diterawang,دتراوڠ
|,diterbangkan,دتربڠکن
|,diterbitkan,دتربيتکن
|,diteres,دتيريس
|,diteriak,دترياق
|,diteriaki,دترياقي
|,diteriakkan,دترياقکن
|,diteriak-teriak,دترياق ـ ترياق
|,diterikkan,دتريقکن
|,diterima,دتريما
|,diterjah,دترجه
|,diterjang,دترجڠ
|,diterjemah,دترجمه
|,diterjemahkan,دترجمهکن
|,diterjunkan,دترجونکن
|,diterka,دترک
|,diterkam,دترکم
|,diterkap,دترکڤ
|,diperterkupkan,دڤرترکوڤکن
|,diterkup,دترکوڤ
|,diterkupkan,دترکوڤکن
|,diternak,دترنق
|,diternakkan,دترنقکن
|,diterobos,دتروبوس
|,diterobosi,دتروبوسي
|,diterok,دتيروق
|,diteroka,دتروک
|,diterokai,دتروکاءي
|,diterongkokan,دتروڠکوکن
|,diteropong,دتروڤوڠ
|,diteropongi,دتروڤوڠي
|,diterpa,دترڤا
|,ditertawakan,دترتاواکن
|,ditertibkan,دترتيبکن
|,diterumkan,دترومکن
|,diteruskan,دتروسکن
|,ditetak,دتتق
|,ditetakkan,دتتقکن
|,ditetal,دتتل
|,ditetalkan,دتتلکن
|,ditetapkan,دتتقکن
|,ditetar,دتتر
|,ditetas,دتتس
|,ditetaskan,دتتسکن
|,diteteki,دتيتيقي
|,ditetekkan,دتيتيقکن
|,ditewaskan,دتيواسکن
|,dipertiadakan,دڤرتياداکن
|,ditiadakan,دتياداکن
|,ditiani,دتياني
|,ditiarap,دتيارڤ
|,ditiarapkan,دتيارڤکن
|,ditibai,دتيباي
|,dipertidakkan,دڤرتيدقکن
|,ditidakkan,دتيدقکن
|,ditiduri,دتيدوري
|,ditidurkan,دتيدورکن
|,dipertikai,دڤرتيکاي
|,dipertikaikan,دڤرتيکايکن
|,ditikam,دتيکم
|,ditikami,دتيکمي
|,ditilik,دتيليق
|,ditim,دتيم
|,ditimang,دتيمڠ
|,ditimangkan,دتيمڠکن
|,ditimang-timang,دتيمڠ ـ تيمڠ
|,dipertimba,دڤرتيمبا
|,ditimba,دتيمبا
|,dipertimbangkan,دڤرتيمبڠکن
|,ditimbang,دتيمبڠ
|,ditimbangkan,دتيمبڠکن
|,ditimbuk,دتيمبوق
|,ditimbulkan,دتيمبولکن
|,ditimbun,دتيمبون
|,ditimbuni,دتيمبوني
|,ditimbunkan,دتيمبونکن
|,ditimbus,دتيمبوس
|,ditimbusi,دتيمبوسي
|,ditimpa,دتيمڤا
|,ditimpai,دتيمڤاءي
|,ditimpakan,دتيمڤاکن
|,ditinkan,دتينکن
|,ditindak,دتيندق
|,ditindan,دتيندن
|,ditindankan,دتيندنکن
|,ditindas,دتيندس
|,ditindih,دتينديه
|,ditindik,دتينديق
|,ditindikkan,دتينديقکن
|,ditindis,دتينديس
|,ditinggal,دتيڠݢل
|,ditinggali,دتيڠݢلي
|,ditinggalkan,دتيڠݢلکن
|,dipertinggi,دڤرتيڠݢي
|,ditinggikan,دتيڠݢيکن
|,ditingkah,دتيڠکه
|,dipertingkatkan,دڤرتيڠکتکن
|,ditingkatkan,دتيڠکتکن
|,ditinjau,دتينجاو
|,ditinju,دتينجو
|,ditipiskan,دتيڤيسکن
|,ditipu,دتيڤو
|,ditirisi,دتيريسي
|,ditiru,دتيرو
|,ditirukan,دتيروکن
|,ditiruskan,دتيروسکن
|,ditisik,دتيسيق
|,ditisiki,دتيسيقي
|,dititahkan,دتيتهکن
|,dititar-titarkan,دتيتر ـ تيترکن
|,dititik,دتيتيق
|,dititiki,دتيتيقي
|,dititikkan,دتيتيقکن
|,dititip,دتيتيڤ
|,dititipkan,دتيتيڤکن
|,dititir,دتيتير
|,dititisi,دتيتيسي
|,dititiskan,دتيتيسکن
|,ditiup,دتيوڤ
|,ditiupkan,دتيوڤکن
|,ditobak,دتوبق
|,ditocang,دتوچڠ
|,ditodong,دتودوڠ
|,ditogan,دتوݢن
|,ditogelkan,دتوݢيلکن
|,ditohmah,دتوهمه
|,ditohok,دتوهوق
|,ditohokkan,دتوهوقکن
|,ditohorkan,دتوهورکن
|,ditojah,دتوجه
|,ditojok,دتوجوق
|,ditokak,دتوکق
|,ditokok,دتوکوق
|,ditolak,دتولق
|,ditolakkan,دتولقکن
|,ditoleh,دتوليه
|,ditolehkan,دتوليهکن
|,ditolok,دتولوق
|,ditolong,دتولوڠ
|,ditolongi,دتولوڠي
|,ditombak,دتومبق
|,ditombaki,دتومبقي
|,ditompokkan,دتومڤوقکن
|,ditonceng,دتونچيڠ
|,ditonggak,دتوڠݢق
|,ditonggek,دتوڠݢيق
|,ditonggek-tonggek,دتوڠݢيق ـ توڠݢيق
|,ditonggeng,دتوڠݢيڠ
|,ditonggengkan,دتوڠݢيڠکن
|,ditongkah,دتوڠکه
|,ditongkat,دتوڠکت
|,ditongkatkan,دتوڠکتکن
|,ditonilkan,دتونيلکن
|,ditonjolkan,دتونجولکن
|,dipertontonkan,دڤرتونتونکن
|,ditonton,دتونتون
|,ditonyoh,دتوپوه
|,ditonyohkan,دتوپوهکن
|,ditopang,دتوڤڠ
|,ditopek,دتوڤيق
|,ditopengi,دتوڤيڠي
|,ditoreh,دتوريه
|,ditorpedokan,دتورڤيدوکن
|,ditos,دتوس
|,ditotal,دتوتل
|,ditoyakan,دتوياکن
|,ditoyahkan,دتويهکن
|,ditransformasikan,دترنسفورماسيکن
|,ditranskripsikan,دترنسکريڤسيکن
|,ditransliterasikan,دترنسليتراسيکن
|,ditrindili,دترينديلي
|,diuar-uarkan,داووار ـ اووارکن
|,diubah,دأوبه
|,diubahkan,دأوبهکن
|,diubah-ubah,دأوبه ـ اوبه
|,diubahsuai,دأوبهسواي
|,diubar,دأوبر
|,diubati,دأونتي
|,diucapkan,دأوچڤکن
|,diucap-ucapkan,دأوچڤ ـ اوچڤکن
|,diucul,دأوچول
|,diudarakan,دأوداراکن
|,diudut,دأودوت
|,diugut,دأوݢوت
|,diuja,داوجا
|,diujarkan,دأوجرکن
|,diuji,دأوجي
|,diukir,دأوکير
|,diukup,دأوکوڤ
|,diukur,دأوکور
|,diulang,دأولڠ
|,diulangi,دأولڠي
|,diulang-ulang,دأولڠ ـ اولڠ
|,diulas,دأولس
|,diuli,دأولي
|,diulit,دأوليت
|,diumbang-ambingkan,داومبڠ ـ امبيڠکن
|,diumbar,داومبر
|,diumbuk,دأومبوق
|,diumbut,دأومبوت
|,diumpamakan,دأومڤاماکن
|,diumpan,دأومڤن
|,diumpani,دأومڤني
|,diumpat,دأومڤت
|,diumpat-umpat,دأومڤت ـ اومڤت
|,diumpil,دأومڤيل
|,diumpukkan,دأومڤوقکن
|,diumumkan,دعمومکن
|,diundang,دأوندڠ
|,diundi,دأوندي
|,diundurkan,دأوندورکن
|,diunggis,دأوڠݢيس
|,diungguli,دأوڠݢولي
|,diunggunkan,دأوڠݢونکن
|,diunggut,دأوڠݢوت
|,diungkai,دأوڠکاي
|,diungkap,دأوڠکڤ
|,diungkapkan,دأوڠکڤکن
|,diungkil,دأوڠکيل
|,diungkiri,دأوڠکيري
|,diungkit,دأوڠکيت
|,diunjuk,دأونجوق
|,diunjukkan,دأونجوقکن
|,diunjun,دأونجون
|,diunjur,دأونجور
|,diunjurkan,دأونجورکن
|,diunting,دأونتيڠ
|,diperuntukkan,دڤراونتوقکن
|,diupah,دأوڤه
|,diupahkan,دأوڤهکن
|,diupak,دأوڤق
|,diupam,دأوڤم
|,diupar,دأوڤر
|,diuparkan,دأوڤرکن
|,diura-urakan,دأورا ـ اوراکن
|,diurai,دأوراي
|,diuraikan,دأورايکن
|,diurap,دأورڤ
|,diurapkan,دأورڤکن
|,diurungkan,دأوروڠکن
|,diurus,دأوروس
|,diuruskan,دأوروسکن
|,diurut,دأوروت
|,diurut-uruti,دأوروت ـ اوروتي
|,diusahakan,دأوسهاکن
|,diusai,دأوساي
|,diusaki,دأوسقي
|,diusap,دأوسڤ
|,diusik,دأوسيق
|,diusik-usik,دأوسيق ـ اوسيق
|,diusir,دأوسير
|,diusulkan,دأصولکن
|,diusung,دأوسوڠ
|,diusut,دأوسوت
|,diutamakan,دأوتاماکن
|,diutarakan,دأوتاراکن
|,diutit,دأوتيت
|,diutus,دأوتوس
|,diutuskan,دأوتوسکن
|,divakum,دۏاکوم
|,divarnis,دۏرنيس
|,diveto,دۏيتو
|,divideokan,دۏيديوکن
|,diwahikan,دواحيکن
|,diwahyukan,دوحيوکن
|,diwajibkan,دواجبکن
|,diwakafkan,دوقفکن
|,diwakili,دواکيلي
|,diwakilkan,دواکيلکن
|,diwalikan,دوليکن
|,diperwalikan,دڤروليکن
|,diwangikan,دواڠيکن
|,diwapkan,دواڤکن
|,diwarganegarakan,دورݢانݢاراکن
|,diwarisi,دواريثي
|,diwariskan,دواريثکن
|,diwarnai,دورناءي
|,diwarnakan,دورناکن
|,diwarna-warnikan,دورنا ـ ورنيکن
|,diwartakan,دورتاکن
|,diwasapkan,دواسڤکن
|,diwasiatkan,دواصيتکن
|,diwaswaskan,دوسواسکن
|,diwatasi,دواتسي
|,diwawancara,دواونچارا
|,diwawancarai,دواونچاراءي
|,diwayangkan,دوايڠکن
|,diwayari,دوايري
|,diwejang,دوجڠ
|,diwujudkan,دوجودکن
|,diyakini,ديقيني
|,dizahirkan,دظاهيرکن
|,dizakatkan,دزکاتکن
|,dizalimi,دظاليمي
|,dizeroks,دزيروکس
|,diziarahi,دزيارهي
|,dizip,دزيڤ
|,
