|ga,ݢا
|,gaba-gaba,ݢاب٢
|,gabah,ݢابه
|,gabai,ݢاباي
|,gabai-gabai,ݢاباي٢
|,gabak,ݢابق
|,gabal,ݢابل
|,garbadin,ݢابردين
|,gabas,ݢابس
|,gabas-gabas,ݢابس٢
|,gabenor,ݢابنور
|,gabi,ݢابي
|,gabir,ݢابير
|,gableg,ݢابلݢ
|,gabra,ݢابرا
|,gabuk,ݢابوق
|,gabung,ݢابوڠ
|,gabungan,ݢابوڠن
|,gabus,ݢابوس
|,gada,ݢادا
|,gada-gada,ݢادا٢
|,gadah,ݢاده
|,gadai,ݢاداي
|,gadaian,ݢاداين
|,gadamala,ݢادامالا
|,gadang,ݢادڠ
|,gadang-gadang,ݢادڠ٢
|,gadapan,ݢداڤن
|,gadi,ݢادي
|,gadik,ݢاديق
|,gading,ݢاديڠ
|,gading-gading,ݢاديڠ٢
|,gadis,ݢاديس
|,gado,ݢادو
|,gado-gado,ݢادو٢
|,gadu,ݢادو
|,gaduh,ݢادوه
|,gaduk,ݢادوق
|,gadung,ݢادوڠ
|,gadungan,ݢادوڠن
|,gae,ݢاءي
|,gaek,ݢاءيق
|,gaet,ݢاءيت
|,gaga,ݢاݢ
|,gagah,ݢاݢه
|,gagai,ݢاݢاي
|,gagak,ݢاݢق
|,gagal,ݢاݢل
|,gagang,ݢاݢڠ
|,gagap,ݢاݢڤ
|,gagas,ݢاݢس
|,gagasan,ݢاݢسن
|,gagau,ݢاݢاو
|,gagu,ݢاݢو
|,gaguk,ݢاݢوق
|,gah,ݢه
|,gaham,ݢاهم
|,gahar,ݢاهر
|,gahara,ݢهارا
|,gahari,ݢهاري
|,gaharu,ݢهارو
|,gai,ݢاي
|,gail,ݢاءيل
|,gaing,ݢاءيڠ
|,gait,ݢاءيت
|,gaitan,ݢاءيتن
|,gajah,ݢاجه
|,gajah-gajahan,ݢاجه ـ ݢاجهن
|,gajai,ݢاجاي
|,gajak,ݢاجق
|,gaji,ݢاجي
|,gajian,ݢاجين
|,gajih,ݢاجيه
|,gajus,ݢاجوس
|,gajul,ݢاجول
|,gak,ݢق
|,gala,ݢالا
|,gala-gala,ݢالا٢
|,galaba,ݢلاب
|,galabah,ݢلابه
|,galagasi,ݢلاݢاسي
|,galah,ݢاله
|,galai,ݢالاي
|,galak,ݢالق
|,galakan,ݢالقن
|,galaksi,ݢالکسي
|,galaktosa,ݢالکتوسا
|,galang,ݢالڠ
|,galangan,ݢالڠن
|,galang-galangan,ݢالڠ ـ ݢالڠن
|,galanggasi (galagasi),ݢلڠݢاسي
|,galar,ݢالر
|,galas,ݢالس
|,galau,ݢالاو
|,galauan,ݢالاوان
|,galei,ݢاليي
|,galena,ݢالينا
|,galengan (galang),ݢالڠن
|,galeri,ݢالري
|,galgal,ݢلݢل
|,gali,ݢالي
|,galian,ݢالين
|,gali-galian,ݢالي ـ ݢالين
|,galias,ݢالياس
|,galibut,ݢاليبوت
|,galing,ݢاليڠ
|,galing-galing,ݢاليڠ٢
|,galir,ݢالير
|,galium,ݢاليوم
|,galon,ݢالون
|,galiung (geliung),ݢاليوڠ
|,galu,ݢالو
|,galu-galu,ݢالو٢
|,galuh,ݢالوه
|,galuk (geluk),ݢالوق
|,galur,ݢالور
|,galvani,ݢلۏاني
|,galvanometer,ݢلۏانوميتر
|,gam,ݢم
|,gama,ݢاما
|,gamak,ݢامق
|,gamak-gamak,ݢامق٢
|,gamaka,ݢماک
|,gamam,ݢامم
|,gaman,ݢامن
|,gamang,ݢامڠ
|,gamat,ݢامت
|,gamba,ݢمبا
|,gambang,ݢمبڠ
|,gambar,ݢمبر
|,gambaran,ݢمبرن
|,gambas,ݢمبس
|,gambir,ݢمبير
|,gambir-gambir,ݢمبير٢
|,gamboj,ݢمبوج
|,gambuh,ݢمبوه
|,gambus,ݢمبوس
|,gambut,ݢامبوت
|,gamelan,ݢميلن
|,gamer,ݢامر
|,gamet,ݢاميت
|,gamik,ݢاميق
|,gamis,ݢاميس
|,gamit,ݢاميت
|,gamitan,ݢاميتن
|,gamit-gamitan,ݢاميت ـ ݢاميتن
|,gampang,ݢمڤڠ
|,gampangan,ݢمڤڠن
|,gampang-gampangan,ݢمڤڠ ـ ݢمڤڠن
|,gampar,ݢامڤر
|,gamparan,ݢامڤرن
|,gamuh,ݢاموه
|,gamut,ݢاموت
|,gana,ݢان
|,ganal,ݢانل
|,ganal-ganal,ݢانل٢
|,ganang,ݢانڠ
|,ganar,ݢانر
|,ganas,ݢانس
|,gancang,ݢنچڠ
|,gancaran,ݢنچارن
|,gancu,ݢنچو
|,ganda,ݢندا
|,gandaan,ݢنداءن
|,ganda-berganda,ݢندا ـ برݢندا
|,gandal,ݢندل
|,gandalan,ݢندلن
|,gandam,ݢندم
|,gandan,ݢندن
|,gandang,ݢاندڠ
|,gandapura,ݢنداڤورا
|,gandar,ݢندر
|,gandaran,ݢندرن
|,gandaria,ݢنداريا
|,gandariah,ݢندارياه
|,gandarusa,ݢنداروسا
|,gandasuli,ݢنداسولي
|,gandek,ݢنديق
|,ganden,ݢندين
|,gandewa,ݢنديوا
|,gandi,ݢندي
|,gandik,ݢنديق
|,gandin,ݢندين
|,ganding,ݢانديڠ
|,gandingan,ݢانديڠن
|,gandrung,ݢندروڠ
|,gandu,ݢندو
|,ganduh,ݢندوه
|,gandul,ݢندول
|,gandulan,ݢندولن
|,gandum,ݢندوم
|,gandung,ݢندوڠ
|,gandus,ݢندوس
|,gang,ݢڠ
|,ganggang,ݢاڠݢڠ
|,ganggangan,ݢاڠݢڠن
|,ganggu,ݢڠݢو
|,gangguan,ݢڠݢوان
|,ganggut,ݢڠݢوت
|,ganglion,ݢڠليون
|,gangren,ݢڠرين
|,gangsa,ݢڠسا
|,gangsal,ݢڠسل
|,gangsang (gasang),ݢڠسڠ
|,gangsar,ݢڠسر
|,gangsi,ݢڠسي
|,gangsir,ݢڠسير
|,ganih,ݢانيه
|,ganja,ݢنجا
|,ganja-ganja,ݢنجا٢
|,ganjak,ݢانجق
|,ganjal,ݢنجل
|,ganjalan,ݢنجلن
|,ganjar,ݢنجر
|,ganjaran,ݢنجرن
|,ganjat,ݢنجت
|,ganjil,ݢنجيل
|,ganjur,ݢانجور
|,gantal,ݢنتل
|,gantang,ݢنتاڠ
|,gantang-gantang,ݢنتاڠ٢
|,gantar,ݢانتر
|,ganteng,ݢنتڠ
|,ganti,ݢنتي
|,gantian,ݢنتين
|,gantih,ݢنتيه
|,ganting,ݢانتيڠ
|,gantri,ݢنتري
|,gantung,ݢنتوڠ
|,gantungan,ݢنتوڠن
|,ganu,ݢانو
|,ganyah,ݢاپه
|,ganyang,ݢاپڠ
|,ganyar (ganyut),ݢاپر
|,ganyong,ݢاپوڠ
|,ganyut,ݢاپوت
|,gap,ݢڤ
|,gapa,ݢاڤ
|,gapah,ݢاڤه
|,gapai,ݢاڤاي
|,gapil,ݢاڤيل
|,gapis,ݢاڤيس
|,gapit,ݢاڤيت
|,gaplek,ݢڤليق
|,gapura,ݢڤورا
|,gar,ݢر
|,gara (gahara),ݢارا
|,gara-gara,ݢارا٢
|,garah,ݢاره
|,garah-garah,ݢاره٢
|,garaj,ݢارج
|,garam,ݢارم
|,garam-garam,ݢارم٢
|,garan,ݢارن
|,garang,ݢارڠ
|,garangan,ݢارڠن
|,garap,ݢارڤ
|,garapan,ݢارڤن
|,garau,ݢاراو
|,gardu,ݢردو
|,garebek,ݢاربق
|,garedeng,ݢريديڠ
|,gari,ݢاري
|,garing,ݢاريڠ
|,garing-garing,ݢاريڠ٢
|,garis,ݢاريس
|,garisan,ݢاريسن
|,garisah (gharizah),ݢاريسه
|,garison,ݢاريسون
|,garit,ݢاريت
|,garizah,ݢاريزه
|,garnet,ݢرنيت
|,garong,ݢاروڠ
|,garpu,ݢرڤو
|,garu,ݢارو
|,garuk,ݢاروق
|,garukan,ݢاروقن
|,garung,ݢاروڠ
|,garut,ݢاروت
|,gas,ݢس
|,gasak,ݢاسق
|,gasal,ݢاسل
|,gasang,ݢاسڠ
|,gasar,ݢاسر
|,gasi,ݢاسي
|,gasi-gasi,ݢاسي٢
|,gasing,ݢاسيڠ
|,gasing-gasing,ݢاسيڠ٢
|,gasir (gangsir),ݢاسير
|,gasket,ݢسکيت
|,gasolin,ݢاسولين
|,gasometer,ݢاسوميتر
|,gaster,ݢستر
|,gastrektomi,ݢستريکتومي
|,gastrik (gastritis),ݢستريک
|,gastrin,ݢسترين
|,gastritis,ݢستريتيس
|,gastroenteritis,ݢستروءينتريتيس
|,gastroenterologi,ݢستروءينترولوݢي
|,gastronomi,ݢسترونومي
|,gastroskop,ݢستروسکوڤ
|,gastrostomi,ݢستروستومي
|,gatal,ݢاتل
|,gatal-gatal,ݢاتل٢
|,gatalbirah,ݢاتلبيره
|,gatra,ݢاترا
|,gauk,ݢاءوق
|,gaul,ݢاءول
|,gaun,ݢاءون
|,gaung,ݢاءوڠ
|,gawai,ݢاواي
|,gawal,ݢاول
|,gawang,ݢاوڠ
|,gawar,ݢاور
|,gawar-gawar,ݢاور٢
|,gawat,ݢاوت
|,gawatan,ݢاوتن
|,gay,ݢيئي
|,gaya,ݢاي
|,gayal,ݢايل
|,gayam,ݢايم
|,gayang,ݢايڠ
|,gayat,ݢايت
|,gayau,ݢاياو
|,gayem,ݢايم
|,gayuh,ݢايوه
|,gayuk,ݢايوق
|,gayun,ݢايون
|,gayung,ݢايوڠ
|,gayut,ݢايوت
|,gayutan,ݢايوتن
|,gaz,ݢز
|,gaza (gaz),ݢازا
|,gazebo,ݢازيبو
|,gazel,ݢازيل
|,gazet,ݢازيت
|,gazetir,ݢازيتير
|,gear,ݢيار
|,gebah,ݢبه
|,gebang (sj tumbuhan),ݢبڠ
|,gebang (sembang),ݢيبڠ
|,gebar,ݢبر
|,gebeng,ݢيبيڠ
|,geblek,ݢبلق
|,geblok,ݢبلوق
|,gebok,ݢبوق
|,gebos,ݢبوس
|,gebrak,ݢبرق
|,gebu,ݢبو
|,gebuk,ݢبوق
|,gebukan,ݢبوقن
|,gecar,ݢچر
|,gedabah,ݢدابه
|,gedabak,ݢدابق
|,gedabang,ݢدابڠ
|,gedabir,ݢدابير
|,gedabu,ݢدابو
|,gedabung,ݢدابوڠ
|,gedak,ݢدق
|,gedak-geduk,ݢدق ـ ݢدوق
|,gedang (kedang),ݢدڠ
|,gedayang,ݢدايڠ
|,gedayung,ݢدايوڠ
|,gede,ݢدي
|,gedebak,ݢدبق
|,gedebak-gedebuk,ݢدبق ـ ݢدبوق
|,gedebak-gedebur,ݢدبق ـ ݢدبور
|,gedebang,ݢدبڠ
|,gedebang-gedebung,ݢدبڠ ـ ݢدبوڠ
|,gedebuk,ݢدبوق
|,gedebung (gedebang),ݢدبوڠ
|,gedegah,ݢدݢه
|,gedegah-gedeguh,ݢدݢه ـ ݢدݢوه
|,gedegum,ݢدݢوم
|,gedegun,ݢدݢون
|,gedehok,ݢدهوق
|,gedek,ݢديق
|,gedembai,ݢدمباي
|,gedemi,ݢدمي
|,gedempol,ݢديمڤول
|,gedempong,ݢديمڤوڠ
|,gedempung,ݢدمڤوڠ
|,gedeng,ݢيديڠ
|,gedepu (depu),ݢدڤو
|,gedik,ݢديق
|,gedoboh,ݢدوبوه
|,gedogan,ݢدوݢن
|,gedombak,ݢدومبق
|,gedor,ݢدور
|,gedoran,ݢدورن
|,gedubang,ݢدوبڠ
|,geduk,ݢدوق
|,gedung,ݢدوڠ
|,geduyut,ݢدويوت
|,gegabah,ݢݢابه
|,gegadan,ݢݢادن
|,gegai,ݢݢاي
|,gegak,ݢݢق
|,gegak-gempita,ݢݢق ـ ݢمڤيتا
|,gegala (gala),ݢݢالا
|,gegaman,ݢݢامن
|,gegambir,ݢݢمبير
|,gegancu,ݢݢنچو
|,geganti,ݢݢنتي
|,gegap,ݢݢڤ
|,gegar,ݢݢر
|,gegaran,ݢݢرن
|,gegas,ݢݢس
|,gegasing,ݢݢسيڠ
|,gegat,ݢݢت
|,gegau,ݢݢاو
|,gegelang,ݢݢلڠ
|,gegelema (gelema),ݢݢلما
|,gegeli,ݢݢلي
|,gegelung,ݢݢلوڠ
|,gegendang,ݢݢندڠ
|,gegep,ݢيݢيڤ
|,geger,ݢيݢير
|,gegeran,ݢيݢيرن
|,gegerit,ݢݢريت
|,gegetun,ݢݢتون
|,gegetar,ݢݢتر
|,gegiring,ݢݢيريڠ
|,geguluk,ݢݢولوق
|,geiser,ݢيئيسر
|,geisya,ݢيئيشا
|,gejala,ݢجالا
|,gejolak,ݢجولق
|,gejos,ݢجوس
|,gejuju,ݢجوجو
|,gel,ݢيل
|,gelabah,ݢلابه
|,gelabir,ݢلابير
|,gelabur,ݢلابور
|,geladah,ݢلاده
|,geladak,ݢلادق
|,geladir,ݢلادير
|,gelagah,ݢلاݢه
|,gelagak (gelegak),ݢلاݢق
|,gelagapan,ݢلاݢاڤن
|,gelagar,ݢلاݢر
|,gelagat,ݢلاݢت
|,gelak,ݢلق
|,gelakak,ݢلاکق
|,gelalar,ݢلالر
|,gelam,ݢلم
|,gelama,ݢلام
|,gelamai,ݢلاماي
|,gelambir,ݢلمبير
|,gelana,ݢلان
|,gelandang,ݢلندڠ
|,gelandangan,ݢلندڠن
|,gelang (lingkaran),ݢلڠ
|,gegelang,ݢݢلڠ
|,gelang-gelang,ݢلڠ٢
|,gelang (sj tumbuhan),ݢيلڠ
|,gelanggang,ݢلڠݢڠ
|,gelangsar,ݢلڠسر
|,gelangsir,ݢلڠسير
|,gelantang,ݢلنتڠ
|,gelanting,ݢلنتيڠ
|,gelantung,ݢلنتوڠ
|,gelap,ݢلڤ
|,gelap-gelemat,ݢلڤ ـ ݢلمت
|,gelap-gelita,ݢلڤ ـ ݢليتا
|,gelap-guguk,ݢلڤ ـ ݢوݢوق
|,gelar,ݢلر
|,gelaran,ݢلرن
|,gelas,ݢلس
|,gelasan,ݢلسن
|,gelatak (geletak),ݢلاتق
|,gelatang (gelantang),ݢلاتڠ
|,gelatik,ݢلاتيق
|,gelatin,ݢيلاتين
|,gelatuk,ݢلاتوق
|,gelawai,ݢلاواي
|,gelayangan,ݢلايڠن
|,gelayaran,ݢلايرن
|,gelebah (gelabah),ݢلبه
|,gelebak,ݢلبق
|,gelebap,ݢلبڤ
|,gelebar (cerai-berai),ݢلبر
|,gelebar (berkibar-kibar),ݢليبر
|,gelebat,ݢليبت
|,geleber,ݢليبير
|,geleberan,ݢليبيرن
|,gelebuk,ݢلبوق
|,gelebung,ݢلبوڠ
|,geleca,ݢلچا
|,gelecah,ݢلچه
|,gelecak (didih),ݢلچق
|,gelecak (gelincir),ݢليچق
|,gelecek,ݢليچيق
|,gelecok,ݢليچوق
|,geledah,ݢليده
|,geledang,ݢلدڠ
|,geledek,ݢليديق
|,geleding,ݢلديڠ
|,geleduh (beleduh),ݢلدوه
|,geledur,ݢلدور
|,gelegak,ݢلݢق
|,gelegar,ݢلݢر
|,gelegata,ݢلݢات
|,gelek,ݢيليق
|,gelekan,ݢيليقن
|,gelekak,ݢلکق
|,gelekek,ݢليکيق
|,gelema,ݢلما
|,gelemaca,ݢلماچ
|,gelemair,ݢلماءير
|,geleman,ݢلمن
|,gelemat,ݢلمت
|,gelemayar (kelemayar),ݢلماير
|,gelembai (kelembai),ݢلمباي
|,gelember,ݢليمبير
|,gelemberan,ݢليمبيرن
|,gelembung,ݢلمبوڠ
|,gelembungan,ݢلمبوڠن
|,gelembung-gelembungan,ݢلمبوڠ ـ ݢلمبوڠن
|,gelembur,ݢلمبور
|,gelempung,ݢلمڤوڠ
|,gelen,ݢيلين
|,gelenang,ݢلينڠ
|,gelencong,ݢلينچوڠ
|,gelendong,ݢليندوڠ
|,geleng,ݢيليڠ
|,gelengan,ݢيليڠن
|,gelenggang,ݢليڠݢڠ
|,gelentang,ݢلنتڠ
|,gelentar (geletar),ݢلنتر
|,gelenting (lenting),ݢلنتيڠ
|,gelentok,ݢلينتوق
|,gelenyar,ݢلپر
|,gelepai (kelepai),ݢلڤاي
|,gelepak,ݢلڤق
|,gelepar,ݢلڤر
|,gelepik,ݢلڤيق
|,gelepok,ݢليڤوق
|,gelepot (gelepok),ݢليڤوت
|,gelepuk,ݢلڤوق
|,gelepung,ݢلڤوڠ
|,gelepur,ݢلڤور
|,gelesai,ݢلساي
|,gelesek,ݢليسيق
|,geleser,ݢليسير
|,geleta,ݢليتا
|,geletak,ݢليتق
|,geletar,ݢلتر
|,geletek,ݢليتيق
|,geletik,ݢلتيق
|,geleting,ݢلتيڠ
|,geletis,ݢلتيس
|,geletuk,ݢلتوق
|,geli,ݢلي
|,geli-geleman,ݢلي ـ ݢلمن
|,geli-geli,ݢلي٢
|,geli-geman,ݢلي ـ ݢمن
|,geliang,ݢلياڠ
|,geliang-geliat,ݢلياڠ ـ ݢليات
|,geliang-geliut,ݢلياڠ ـ ݢليوت
|,geliat,ݢليات
|,geliat-geliut,ݢليات ـ ݢليوت
|,gelibar,ݢليبر
|,gelibas,ݢليبس
|,gelibat,ݢليبت
|,gelibir,ݢليبير
|,gelicau,ݢليچاو
|,geliga,ݢليݢ
|,geligi,ݢليݢي
|,geligin,ݢليݢين
|,geligir,ݢليݢير
|,geligis,ݢليݢيس
|,geligit,ݢليݢيت
|,gelignit,ݢليݢنيت
|,gelimang (gelumang),ݢليمڠ
|,gelimbir,ݢليمبير
|,gelimir,ݢليمير
|,gelimpang,ݢليمڤڠ
|,gelimun,ݢليمون
|,gelincat,ݢلينچت
|,gelincik,ݢلينچيق
|,gelincir,ݢلينچير
|,gelinciran,ݢلينچيرن
|,gelincuh,ݢلينچوه
|,gelinding,ݢلينديڠ
|,gelindingan,ݢلينديڠن
|,gelinggam,ݢليڠݢم
|,gelinggaman (geli),ݢليڠݢمن
|,gelingsir,ݢليڠسير
|,gelinjang,ݢلينجڠ
|,gelintang,ݢلينتڠ
|,gelintar,ݢلينتر
|,gelintin,ݢلينتين
|,gelintir,ݢلينتير
|,gelintiran,ݢلينتيرن
|,gelinya,ݢليپا
|,gelip,ݢليڤ
|,gelipar,ݢليڤر
|,gelis,ݢليس
|,gelisah,ݢليسه
|,gelita (gelap),ݢليتا
|,gelitak,ݢليتق
|,gelitar,ݢليتر
|,geliting,ݢليتيڠ
|,geliung,ݢليوڠ
|,gelobok,ݢلوبوق
|,gelobor,ݢلوبور
|,gelocak,ݢلوچق
|,gelodak,ݢلودق
|,gelodar,ݢلودر
|,gelogok,ݢلوݢوق
|,gelohok,ݢلوهوق
|,gelojak,ݢلوجق
|,gelojoh,ݢلوجوه
|,gelokak,ݢلوکق
|,gelombang,ݢلومبڠ
|,gelomor,ݢلومور
|,gelompar,ݢلومڤر
|,geloneng,ݢلونيڠ
|,gelongggang,ݢلوڠݢڠ
|,gelonggong,ݢلوڠݢوڠ
|,gelongsong (kelongsong),ݢلوڠسوڠ
|,gelongsor,ݢلوڠسور
|,gelontor,ݢلونتور
|,gelopak,ݢلوڤق
|,gelora,ݢلورا
|,gelorah (gelora),ݢلوره
|,gelorat (gelora),ݢلورت
|,gelosang,ݢلوسڠ
|,gelosok,ݢلوسوق
|,gelosok-gelusang,ݢلوسوق ـ ݢلوسڠ
|,gelotak (kelotak),ݢلوتق
|,geluduk,ݢلودوق
|,geluga,ݢلوݢ
|,gelugur,ݢلوݢور
|,gelugut,ݢلوݢوت
|,geluh,ݢلوه
|,geluk,ݢلوق
|,gelulur,ݢلولور
|,gelumak,ݢلومق
|,gelumang,ݢلومڠ
|,gelumat (gelemat),ݢلومت
|,gelumbak,ݢلومبق
|,gelumpung,ݢلومڤوڠ
|,geluncur,ݢلونچور
|,geluncuran,ݢلونچورن
|,gelung,ݢلوڠ
|,gelungan,ݢلوڠن
|,geluntur,ݢلونتور
|,gelup,ݢلوڤ
|,gelupar (gelupur),ݢلوڤر
|,gelupas,ݢلوڤس
|,gelupur,ݢلوڤور
|,gelusang (gelosok),ݢلوسڠ
|,gelut,ݢلوت
|,geluyur (keluyur),ݢلويور
|,gema,ݢما
|,gemak (gamak),ݢمق
|,gemal,ݢمل
|,gemala,ݢمالا
|,gemalai,ݢمالاي
|,gemam,ݢمم
|,geman (geli),ݢمن
|,gemang (besar),ݢمڠ
|,gemang (sj ikan),ݢيمڠ
|,gemap,ݢمڤ
|,gemar,ݢمر
|,gemas,ݢمس
|,gemaung,ݢماءوڠ
|,gemawan,ݢماون
|,gembadak,ݢمبادق
|,gembak (gombak),ݢمبق
|,gembala,ݢمبالا
|,gembar-gembur,ݢمبر ـ ݢمبور
|,gembel,ݢمبل
|,gembereng,ݢمبيريڠ
|,gembira,ݢمبيرا
|,gembleng,ݢمبليڠ
|,gemblengan,ݢمبليڠن
|,gembok,ݢمبوق
|,gembol,ݢيمبول
|,gembong,ݢيمبوڠ
|,gembos,ݢمبوس
|,gembreng (gembereng),ݢيمبريڠ
|,gembuk,ݢمبوق
|,gembul,ݢمبول
|,gembung (kembung),ݢمبوڠ
|,gembur (gembar-gembur),ݢمبور
|,gembut,ݢمبوت
|,gemelentam,ݢملنتم
|,gemeletak,ݢملتق
|,gemeletap,ݢملتڤ
|,gemeletek,ݢمليتيق
|,gemeletuk,ݢملتوق
|,gemeletup,ݢملتوڤ
|,gemelugut,ݢملوݢوت
|,gemendit,ݢمنديت
|,gementam,ݢمنتم
|,gementar,ݢمنتر
|,gemercak,ݢمرچق
|,gemercik,ݢمرچيق
|,gemercing,ݢمرچيڠ
|,gemerencang,ݢمرنچڠ
|,gemerencing,ݢمرنچيڠ
|,gemerencung,ݢمرنچوڠ
|,gemeresak,ݢمرسق
|,gemeresik,ݢمرسيق
|,gemeretak,ݢمرتق
|,gemeretap,ݢمرتڤ
|,gemeretik,ݢمرتيق
|,gemeretuk,ݢمرتوق
|,gemeretup (gemeretuk),ݢمرتوڤ
|,gemerlap,ݢمرلڤ
|,gemerlapan,ݢمرلڤن
|,gemia (rumia),ݢميا
|,gemi,ݢمي
|,gemi-gemi,ݢمي٢
|,gemik,ݢميق
|,gemilang (gilang),ݢميلڠ
|,gemilap,ݢميلڤ
|,gilap-gemilap,ݢيلڤ ـ ݢميلڤ
|,geming,ݢميڠ
|,geminte,ݢمينتى
|,gemirang (girang),ݢميرڠ
|,gemirap,ݢميرڤ
|,gemologi,ݢيمولوݢي
|,gempa,ݢمڤا
|,gempal,ݢمڤل
|,gempar,ݢمڤر
|,gempita (gegak),ݢمڤيتا
|,gempul,ݢمڤول
|,gempul-gempul,ݢمڤول٢
|,gempur,ݢمڤور
|,gemuk,ݢموق
|,gemulai,ݢمولاي
|,gemulung,ݢمولوڠ
|,gemuntur (guntur),ݢمونتور
|,gemuruh,ݢموروه
|,gen,ݢين
|,genah,ݢنه
|,genahar,ݢناهر
|,genang,ݢنڠ
|,genap,ݢنڤ
|,gencar (gencer),ݢنچر
|,gencat,ݢنچت
|,gencatan,ݢنچتن
|,gencel,ݢينچيل
|,gencet,ݢينچيت
|,gencetan,ݢينچيتن
|,gencir,ݢنچير
|,gencok,ݢينچوق
|,gendak,ݢيندق
|,gendala,ݢندالا
|,gendang,ݢندڠ
|,gendangan,ݢندڠن
|,gendang-gendang,ݢندڠ٢
|,gendeh,ݢنده
|,gendeng,ݢندڠ
|,gendeng,ݢينديڠ
|,gender,ݢيندر
|,genderang,ݢندرڠ
|,gendi (kendi),ݢندي
|,gending,ݢنديڠ
|,gendir,ݢندير
|,gendis,ݢنديس
|,gendola,ݢندولا
|,gendon,ݢندون
|,gendong,ݢيندوڠ
|,gendongan,ݢيندوڠن
|,gendut,ݢندوت
|,genealogi,ݢينيالوݢي
|,geneng,ݢينيڠ
|,generalisasi,ݢينراليساسي
|,generalisimo,ݢينراليسيمو
|,generasi,ݢينراسي
|,generatif,ݢينراتيف
|,generator,ݢينراتور
|,generik,ݢينريک
|,genetik,ݢينيتيک
|,geng,ݢيڠ
|,genggam,ݢڠݢم
|,genggaman,ݢڠݢمن
|,genggang (renggang),ݢڠݢڠ
|,genggang (sj kain),ݢيڠݢڠ
|,genggayang,ݢڠݢايڠ
|,genggeng,ݢيڠݢيڠ
|,genggong,ݢيڠݢوڠ
|,genggulang,ݢڠݢولڠ
|,gengseng,ݢيڠسيڠ
|,gengsi,ݢيڠسي
|,gengster,ݢيڠستر
|,gengsterisme,ݢيڠستريسمى
|,genih,ݢنيه
|,genik,ݢنيق
|,genis,ݢنيس
|,genit,ݢنيت
|,genital,ݢينيتل
|,genitalia,ݢينيتاليا
|,geniteri,ݢينيتري
|,genius,ݢينيوس
|,genjah,ݢنجه
|,genjak (alat),ݢنجق
|,genjak (ganjak),ݢينجق
|,genjala,ݢنجالا
|,genjang,ݢينجڠ
|,genjangan,ݢينجڠن
|,genjang-genjot,ݢينجڠ ـ ݢينجوت
|,genjot,ݢينجوت
|,genjot-genjotan,ݢينجوت ـ ݢينجوتن
|,genjur,ݢنجور
|,genosid,ݢينوسيد
|,genotip,ݢينوتيڤ
|,genre,ݢينري
|,genta,ݢنتا
|,gentak,ݢنتق
|,gentala,ݢنتالا
|,gentar,ݢنتر
|,gentaran,ݢنترن
|,gentas,ݢنتس
|,gentat,ݢنتت
|,gentayangan,ݢنتايڠن
|,gentel,ݢينتيل
|,gentian,ݢنتيان
|,gentih,ݢنتيه
|,genting,ݢنتيڠ
|,gentis,ݢنتيس
|,genu,ݢنو
|,genus,ݢينوس
|,genyeh,ݢيپيه
|,genyit (kenyit),ݢپيت
|,genyot,ݢيپوت
|,genyut,ݢپوت
|,geo-,ݢيو ـ 
|,geobotani,ݢيوبوتاني
|,geodesi,ݢيوديسي
|,geofizik,ݢيوفيزيک
|,geografi,ݢيوݢرافي
|,geokimia,ݢيوکيميا
|,geokronologi,ݢيوکرونولوݢي
|,geologi,ݢيولوݢي
|,geomansi,ݢيومنسي
|,geometri,ݢيوميتري
|,geomorfologi,ݢيومورفولوݢي
|,geonasti,ݢيونستي
|,geopolitik,ݢيوڤوليتيک
|,geosains,ݢيوساءينس
|,geosentrik,ݢيوسينتريک
|,geotaksis,ݢيوتکسيس
|,geotekstil,ݢيوتيکستيل
|,geoterma,ݢيوترما
|,geotropisme,ݢيوتروڤيسمى
|,gepeng,ݢيڤيڠ
|,gepengan,ݢيڤيڠن
|,gepuh,ݢڤوه
|,gepuk,ݢڤوق
|,gepuk-gepuk,ݢڤوق٢
|,gepukan,ݢڤوقن
|,gera,ݢرا
|,gerabak,ݢرابق
|,gerabak-gerubuk,ݢرابق ـ ݢروبوق
|,gerabang,ݢرابڠ
|,geradi,ݢرادي
|,geragai,ݢراݢاي
|,geragas,ݢراݢس
|,geragau,ݢراݢاو
|,geragot,ݢراݢوت
|,geraguk (geragau),ݢراݢوق
|,gerah,ݢره
|,gerahak,ݢراهق
|,geraham,ݢراهم
|,gerai,ݢراي
|,gerak,ݢرق
|,gerakan,ݢرقن
|,gerak-garit,ݢرق ـ ݢاريت
|,gerak-gerayu,ݢرق ـ ݢرايو
|,gerak-geri,ݢرق ـ ݢري
|,gerak-gerik,ݢرق ـ ݢريق
|,geram,ݢرم
|,geraman,ݢرامن
|,geramang,ݢرامڠ
|,geramsut,ݢرمسوت
|,geramung,ݢراموڠ
|,geramut,ݢراموت
|,geran,ݢرن
|,gerang,ݢرڠ
|,gerangan,ݢرڠن
|,geranggang,ݢراڠݢڠ
|,geranium,ݢيرانيوم
|,gerantang,ݢرانتڠ
|,gerantung,ݢرنتوڠ
|,geranyam,ݢراپم
|,gerapai,ݢراڤاي
|,gerapak,ݢراڤق
|,gerapu,ݢراڤو
|,gerat,ݢرت
|,geratak,ݢراتق
|,geratih,ݢراتيه
|,gerau,ݢراو
|,gerawan,ݢراون
|,gerawat,ݢراوت
|,gerayang,ݢرايڠ
|,gerayangan,ݢرايڠن
|,gerayu (gerak),ݢرايو
|,gerbak,ݢربق
|,gerbang,ݢربڠ
|,gerbang-geresing,ݢربڠ ـ ݢرسيڠ
|,gerbang-gersul,ݢربڠ ـ ݢرسول
|,gerbas,ݢربس
|,gerbas-gerbus,ݢربس ـ ݢربوس
|,gerbong,ݢربوڠ
|,gerbus (gerbas),ݢربوس
|,gerdam,ݢردم
|,gerdum,ݢردوم
|,gereba,ݢربا
|,gerebeg,ݢربݢ
|,gerebek,ݢربق
|,gerecak,ݢرچق
|,gereja,ݢريجا
|,gerejani,ݢريجاني
|,gerek,ݢيريق
|,gerencang,ݢرنچڠ
|,gerendeng,ݢرينديڠ
|,gerenek,ݢرينيق
|,gerengau,ݢرڠاو
|,gerenggung,ݢرڠݢوڠ
|,gerengseng,ݢريڠسيڠ
|,gerentam,ݢرنتم
|,gerentang,ݢرنتڠ
|,gerenyam,ݢرپم
|,gerenyau,ݢرپاو
|,gerenyeng,ݢريپيڠ
|,gerenyet,ݢريپيت
|,gerenyot,ݢريپوت
|,gerepek,ݢريڤيق
|,gerepes,ݢريڤيس
|,geresah,ݢرسه
|,geresek,ݢريسيق
|,geret,ݢريت
|,geretak,ݢريتق
|,geretang,ݢريتڠ
|,geretuk,ݢروتوق
|,gergaji,ݢرݢاجي
|,gergajul,ݢرݢاجول
|,gergap,ݢرݢڤ
|,gergasi,ݢرݢاسي
|,gerha,ݢرها
|,gerhana,ݢرهان
|,geri (gerak),ݢري
|,geriak,ݢرياق
|,geriap,ݢرياڤ
|,geriatrik,ݢيرياتيک
|,gericau,ݢريچاو
|,geridip,ݢريديڤ
|,geridit,ݢريديت
|,geridit-pidit,ݢريديت ـ ڤيديت
|,gerigi,ݢريݢي
|,gerigik,ݢريݢيق
|,gerigis,ݢريݢيس
|,gerigit,ݢريݢيت
|,gerih,ݢريه
|,gerik,ݢريق
|,gerila,ݢريلا
|,gerim,ݢريم
|,gerimis,ݢريميس
|,gerimit,ݢريميت
|,gerincing (gemerencing),ݢرينچيڠ
|,gerinda,ݢريندا
|,gerindin,ݢريندين
|,gerinding,ݢرينديڠ
|,gering,ݢريڠ
|,geringsing,ݢريڠسيڠ
|,gerinjal,ݢرينجل
|,gerinjam,ݢرينجم
|,gerinting,ݢرينتيڠ
|,gerinyau,ݢريپاو
|,gerip,ݢريڤ
|,gerip-gerip,ݢريڤ٢
|,geripir,ݢريڤير
|,gerisi (kerisi),ݢريسي
|,gerisik,ݢريسيق
|,gerising,ݢريسيڠ
|,gerit,ݢريت
|,gerit-gerit,ݢريت٢
|,geritik,ݢريتيق
|,gerlap,ݢرلڤ
|,gerlip,ݢرليڤ
|,gerlis,ݢرليس
|,gerlisan,ݢرليسن
|,gerluh,ݢرلوه
|,germang,ݢرمڠ
|,germanium,ݢرمانيوم
|,germisid,ݢرميسيد
|,germo,ݢرمو
|,germut (gerumut),ݢرموت
|,gernyut,ݢرپوت
|,geroak,ݢرواق
|,gerobak,ݢروبق
|,geroboh,ݢروبوه
|,gerobok,ݢروبوق
|,geroda,ݢرودا
|,gerodak,ݢرودق
|,gerogol,ݢروݢول
|,gerogot,ݢروݢوت
|,gerohok,ݢروهوق
|,gerohong,ݢروهوڠ
|,gerombol,ݢرومبول
|,gerombolan,ݢرومبولن
|,gerombong,ݢرومبوڠ
|,gerombongan,ݢرومبوڠن
|,gerompok,ݢرومڤوق
|,gerondong,ݢروندوڠ
|,gerong,ݢروڠ
|,geronggang,ݢروڠݢڠ
|,geronggong,ݢروڠݢوڠ
|,gerontang,ݢرونتڠ
|,gerontologi,ݢرونتولوݢي
|,geronyong,ݢروپوڠ
|,geronyot,ݢرپوت
|,geropes,ݢروڤس
|,geropyak,ݢروڤياق
|,geropyok,ݢروڤيوق
|,geros,ݢروس
|,gerosak,ݢروسق
|,gerosok,ݢروسوق
|,gersak,ݢرسق
|,gersang,ݢرسڠ
|,gersik,ݢرسيق
|,gersul,ݢرسول
|,gertak,ݢرتق
|,gertakan,ݢرتقن
|,gertap (gerlap),ݢرتڤ
|,gertik,ݢرتيق
|,gertuk,ݢرتوق
|,geru,ݢرو
|,geruai,ݢرواي
|,gerudi,ݢرودي
|,geruguh,ݢروݢوه
|,gerugun,ݢروݢون
|,gerugut,ݢروݢوت
|,geruh,ݢروه
|,geruit,ݢروءيت
|,geruk,ݢروق
|,geruk-gerak,ݢروق ـ ݢرق
|,gerumit,ݢروميت
|,gerumuk,ݢروموق
|,gerumut,ݢروموت
|,gerun,ݢرون
|,gerundang,ݢروندڠ
|,gerung,ݢروڠ
|,gerung-gerang,ݢروڠ ـ ݢرڠ
|,gerung-gerung,ݢروڠ٢
|,gerunggung,ݢروڠݢوڠ
|,geruning,ݢرونيڠ
|,gerunyut,ݢروپوت
|,gerup,ݢروڤ
|,gerupuk,ݢروڤوق
|,gerus,ݢروس
|,gerusan,ݢروسن
|,gerusih,ݢروسيه
|,gerut,ݢروت
|,gerut-gerut,ݢروت٢
|,gerutu,ݢروتو
|,gerutup,ݢروتوڤ
|,gesa,ݢسا
|,gesaan,ݢساءن
|,gesa-gesa,ݢسا٢
|,gesau (desau),ݢساو
|,gesek,ݢيسيق
|,gesekan,ݢيسيقن
|,gesel,ݢيسيل
|,geselan,ݢيسيلن
|,gesel-menggesel,ݢيسيل ـ مڠݢيسيل
|,geseng,ݢيسيڠ
|,geser,ݢيسير
|,geseran,ݢيسيرن
|,gesit,ݢسيت
|,gesper,ݢيسڤير
|,gestalt,ݢيستلت
|,gestasi,ݢيستاسي
|,get,ݢيت
|,geta,ݢتا
|,getah,ݢته
|,getak,ݢتق
|,getak-getuk,ݢتق ـ ݢتوق
|,getang,ݢتڠ
|,getangguri,ݢتڠݢوري
|,getap,ݢتڤ
|,getapan,ݢتڤن
|,getar,ݢتر
|,getaran,ݢترن
|,getas,ݢتس
|,getas-getas,ݢتس٢
|,getek,ݢيتيق
|,geti,ݢتي
|,geti-geti,ݢتي٢
|,getik,ݢتيق
|,getikan,ݢتيقن
|,getil,ݢتيل
|,getilan,ݢتيلن
|,getir,ݢتير
|,getis,ݢتيس
|,getok,ݢتوق
|,getol,ݢتول
|,getu,ݢتو
|,getuan,ݢتوان
|,getuk,ݢتوق
|,getun (gegetun),ݢتون
|,gewang,ݢيواڠ
|,ghaflah,غفلة
|,ghaib,غاءيب
|,ghaibah,غاءيبه
|,ghain,غين
|,ghair,غير
|,ghairah,غاءيره
|,ghairat (ghairah),غاءيرة
|,ghalat (ralat),غلط
|,ghali (gali),غالي
|,ghalias (galias),غالياس
|,ghalib,غاليب
|,ghana,غناء
|,ghani,غني
|,ghanimah,غنيمة
|,gharib,غريب
|,gharizah (garisah),غريزة
|,ghaut,غاءوت
|,ghaza (ghuza),غزى
|,ghazal,غزال
|,ghetto,ݢيتو
|,ghobar,غوبر
|,ghulam,غلام
|,ghulup (kulup),غلف
|,ghurab,غراب
|,ghurub,غروب
|,ghurur (gurur),غرور
|,ghuza (ghaza),غزى
|,gi,ݢي
|,gial,ݢيال
|,giam,ݢيام
|,gian,ݢيان
|,giang,ݢياڠ
|,giat,ݢيات
|,giau,ݢياو
|,gibang,ݢيبڠ
|,gibas,ݢيبس
|,gidik,ݢيديق
|,giga-,ݢيݢا ـ 
|,gigabait,ݢيݢاباءيت
|,gigahertz,ݢيݢاهرتذ
|,gigameter,ݢيݢاميتر
|,gigau (igau),ݢيݢاو
|,gigavolt,ݢيݢاۏولت
|,gigawatt,ݢيݢاوت
|,gigi,ݢيݢي
|,gigih,ݢيݢيه
|,gigil,ݢيݢيل
|,gigir,ݢيݢير
|,gigis,ݢيݢيس
|,gigit,ݢيݢيت
|,gigitan,ݢيݢيتن
|,gigolo,ݢيݢولو
|,gil,ݢيل
|,gila,ݢيلا
|,gila-gila,ݢيلا٢
|,gila-gilaan,ݢيلا ـ ݢيلاءن
|,gilan,ݢيلن
|,gilang,ݢيلڠ
|,gilang-gemilang,ݢيلڠ ـ ݢميلڠ
|,gilap,ݢيلڤ
|,gilapan,ݢيلڤکن
|,gilap-gemilap,ݢيلڤ ـ ݢميلڤ
|,gilas,ݢيلس
|,gilasan,ݢيلسن
|,gilau,ݢيلاو
|,gili,ݢيلي
|,gili-gili,ݢيلي٢
|,gilik,ݢيليق
|,giling,ݢيليڠ
|,gilingan,ݢيليڠن
|,giling-giling,ݢيليڠ٢
|,gilir,ݢيلير
|,giliran,ݢيليرن
|,gilis,ݢيليس
|,gilotin,ݢيلوتين
|,gim,ݢيم
|,gimbal,ݢيمبل
|,gimbar,ݢيمبر
|,gimbul,ݢيمبول
|,gimik,ݢيميک
|,gimnas,ݢيمناس
|,gimnasium,ݢيمناسيوم
|,gimnastik,ݢيمناستيک
|,gimpal,ݢيمڤل
|,gimrama,ݢيمراما
|,gin,ݢين
|,ginang,ݢينڠ
|,ginang-ginang,ݢينڠ٢
|,gincah,ݢينچه
|,gincu,ݢينچو
|,ginding,ݢينديڠ
|,ginekologi,ݢينيکولوݢي
|,gingging,ݢيڠݢيڠ
|,gingiva,ݢينݢيۏا
|,gingivitis,ݢينݢيۏيتيس
|,gingko,ݢيڠکو
|,gingsir,ݢيڠسير
|,ginjal,ݢينجل
|,geginjal,ݢݢينجل
|,ginko (gingko),ݢينکو
|,ginseng,ݢينسيڠ
|,gipsi,ݢيڤسي
|,gipsum,ݢيڤسوم
|,girah,ݢيره
|,girang,ݢيرڠ
|,gemirang,ݢميرڠ
|,girap,ݢيرڤ
|,girap-gemirap,ݢيرڤ ـ ݢميرڤ
|,giras,ݢيرس
|,giri,ݢيري
|,girian,ݢيرين
|,girik,ݢيريق
|,giring,ݢيريڠ
|,giring-giring,ݢيريڠ٢
|,giris,ݢيريس
|,giro,ݢيرو
|,giroskop,ݢيروسکوڤ
|,gisal,ݢيسل
|,gisar,ݢيسر
|,gisi,ݢيسي
|,gising,ݢيسيڠ
|,gita,ݢيتا
|,gitan,ݢيتن
|,gitar,ݢيتر
|,gitaris,ݢيتريس
|,giuk,ݢيوق
|,giur,ݢيور
|,giwah,ݢيواه
|,gizi,ݢيزي
|,gladiator,ݢلادياتور
|,glamor,ݢلامور
|,glasier,ݢلاسيئر
|,glaukoma,ݢلاوکوما
|,glic,ݢليچ
|,glikogen,ݢليکوݢن
|,gliserin,ݢليسرين
|,glob,ݢلوب
|,global,ݢلوبل
|,globalisasi,ݢلوباليساسي
|,globul,ݢلوبول
|,globulin,ݢلوبولين
|,gloriosa,ݢلوريوسا
|,glos,ݢلوس
|,glosari,ݢلوساري
|,glosem,ݢلوسيم
|,glositis,ݢلوسيتيس
|,glotis,ݢلوتيس
|,glotokronologi,ݢلوتوکرونولوݢي
|,glotopolitik,ݢلوتوڤوليتيک
|,glu,ݢلو
|,glukos,ݢلوکوس
|,glukosa,ݢلوکوسا
|,gluten,ݢلوتن
|,gnesis,ݢنيسيس
|,gnu,ݢنو
|,goa,ݢوا
|,gobang,ݢوبڠ
|,gobar,ݢوبر
|,gobek,ݢوبيق
|,goblok,ݢوبلوق
|,gocah (gocoh),ݢوچه
|,gocoh,ݢوچوه
|,goda,ݢودا
|,godaan,ݢوداءن
|,godak,ݢودق
|,godam,ݢودم
|,godek,ݢوديق
|,godok,ݢودوق
|,godokan,ݢودوقن
|,godot,ݢودوت
|,gogah,ݢوݢه
|,gogal,ݢوݢل
|,gogo,ݢوݢو
|,gogoh,ݢوݢوه
|,gogok,ݢوݢوق
|,gogokan,ݢوݢوقن
|,gogol,ݢوݢول
|,goh,ݢوه
|,goha,ݢوها
|,gohok,ݢوهوق
|,gohong,ݢوهوڠ
|,goiter,ݢويتر
|,gok,ݢوق
|,go-kart,ݢو ـ کت
|,gol,ݢول
|,golak,ݢولق
|,golak-galik,ݢولق ـ ݢاليق
|,golang,ݢولڠ
|,golang-golek,ݢولڠ ـ ݢوليق
|,golbi,ݢولبي
|,golek,ݢوليق
|,golekan,ݢوليقن
|,golf,ݢولف
|,golok,ݢولوق
|,golong,ݢولوڠ
|,golongan,ݢولوڠن
|,gomak,ݢومق
|,gomba,ݢومبا
|,gombak (gembak),ݢومبق
|,gombang,ݢومبڠ
|,gombeng,ݢومبيڠ
|,gombing,ݢومبيڠ
|,gombol,ݢومبول
|,gomok,ݢوموق
|,gomol,ݢومول
|,gompiok,ݢومڤيوق
|,gonad,ݢوند
|,goncang,ݢونچڠ
|,goncangan,ݢونچڠن
|,gonceng,ݢونچيڠ
|,gondah,ݢونده
|,gondang,ݢوندڠ
|,gondok,ݢوندوق
|,gondol,ݢوندول
|,gondola,ݢوندولا
|,gondong,ݢوندوڠ
|,gondrong,ݢوندروڠ
|,gong,ݢوڠ
|,gonggok,ݢوڠݢوق
|,gonggong,ݢوڠݢوڠ
|,gonggongan,ݢوڠݢوڠن
|,gonjak,ݢونجق
|,gonjang,ݢونجڠ
|,gonjok,ݢونجوق
|,gonjong,ݢونجوڠ
|,gonorea,ݢونوريا
|,gonta,ݢونتا
|,gonta-ganti,ݢونتا ـ ݢنتي
|,gontai,ݢونتاي
|,gonyak,ݢوپق
|,gonyeh,ݢوپيه
|,gonyel,ݢوپيل
|,gonyoh,ݢوپوه
|,gopoh,ݢوڤوه
|,gopoh-gamah,ݢوڤوه ـ ݢامه
|,gopoh-gapah,ݢوڤوه ـ ݢاڤه
|,gopoh-gapik,ݢوڤوه ـ ݢاڤيق
|,gopoh-gemang,ݢوڤوه ـ ݢمڠ
|,gopoh-gopoh,ݢوڤوه٢
|,gopoh-mamang,ݢوڤوه ـ ماماڠ
|,gopong,ݢوڤوڠ
|,gorden,ݢوردن
|,gorek,ݢوريق
|,gorek-gorek,ݢوريق٢
|,goreng,ݢوريڠ
|,gorengan,ݢوريڠن
|,gores,ݢوريس
|,goresan,ݢوريسن
|,gori,ݢوري
|,gorila,ݢوريلا
|,goroh,ݢوروه
|,gorok,ݢوروق
|,gosip,ݢوسيڤ
|,gosok,ݢوسوق
|,gosokan,ݢوسوقن
|,gosok-gosokan,ݢوسوق ـ ݢوسوقن
|,gosong,ݢوسوڠ
|,gostan,ݢوستن
|,got,ݢوت
|,gotes,ݢوتيس
|,gotong,ݢوتوڠ
|,gotong-royong,ݢوتوڠ ـ رويوڠ
|,gotri,ݢوتري
|,gotrok,ݢوتروق
|,gout,ݢاءوت
|,goyah,ݢويه
|,goyak,ݢويق
|,goyang,ݢويڠ
|,goyangan,ݢويڠن
|,grad,ݢرد
|,graduan,ݢرادوان
|,graf,ݢرف
|,grafem,ݢرافيم
|,grafemik,ݢرافيميک
|,grafik,ݢرافيک
|,grafit,ݢرافيت
|,grafiti,ݢرافيتي
|,grafologi,ݢرافولوݢي
|,graha,ݢراها
|,gram,ݢرم
|,gramatis,ݢراماتيس
|,gramofon,ݢراموفون
|,granit,ݢرانيت
|,grandstan,ݢرنستن
|,grasi,ݢراسي
|,gratifikasi,ݢراتيفيکاسي
|,gratis,ݢراتيس
|,gratuiti,ݢراتويتي
|,graviti,ݢراۏيتي
|,gred,ݢريد
|,gregat,ݢرݢت
|,greget,ݢرݢت
|,grenad,ݢريند
|,grepe,ݢريڤي
|,grid,ݢريد
|,gril,ݢريل
|,grip,ݢريڤ
|,gris,ݢريس
|,gros,ݢروس
|,grotes,ݢروتيس
|,groto,ݢروتو
|,grup,ݢروڤ
|,gu,ݢو
|,gua,ݢوا
|,guah,ݢواه
|,gual,ݢوال
|,gual-guil,ݢوال ـ ݢوءيل
|,guam,ݢوام
|,guaman,ݢوامن
|,guano,ݢوانو
|,guar,ݢوار
|,guatak,ݢواتق
|,gubah,ݢوبه
|,gubahan,ݢوبهن
|,gubal,ݢوبل
|,gubang,ݢوبڠ
|,gubas,ݢوبس
|,gubel,ݢوبل
|,gubir,ݢوبير
|,gubit,ݢوبيت
|,gubra,ݢوبرا
|,gubris,ݢوبريس
|,gubuk,ݢوبوق
|,guci,ݢوچي
|,gucik (guncak),ݢوچيق
|,gucuk,ݢوچوق
|,gudang,ݢودڠ
|,gudeg,ݢودݢ
|,guderi,ݢودري
|,gudi,ݢودي
|,gudig,ݢوديݢ
|,gudik,ݢوديق
|,gudu,ݢودو
|,gudu-gudu,ݢودو٢
|,gugah,ݢوݢه
|,gugat,ݢوݢت
|,gugatan,ݢوݢتن
|,guguh,ݢوݢوه
|,guguk,ݢوݢوق
|,gugup,ݢوݢوڤ
|,gugur,ݢوݢور
|,gugus,ݢوݢوس
|,gugusan,ݢوݢوسن
|,gugut,ݢوݢوت
|,guilder,ݢوءيلدر
|,guit,ݢوءيت
|,gujirak,ݢوجيرق
|,gujirat,ݢوجيرت
|,guk,ݢوق
|,gul,ݢول
|,gula,ݢولا
|,gula-gula,ݢولا٢
|,gulai,ݢولاي
|,gulai-menggulai,ݢولاي ـ مڠݢولاي
|,gulali,ݢولالي
|,gulambai,ݢولمباي
|,gulana,ݢولان
|,gulang,ݢولڠ
|,gulang-gulang,ݢولڠ٢
|,gulat,ݢولت
|,gulet (gulat),ݢولت
|,guli,ݢولي
|,guliga (geliga),ݢوليݢ
|,guling,ݢوليڠ
|,guling-gantang,ݢوليڠ ـ ݢنتڠ
|,guling-gelantang,ݢوليڠ ـ ݢلنتڠ
|,gulir (guling),ݢولير
|,gulma,ݢولما
|,gulonggok,ݢولوڠݢوق
|,guludan,ݢولودن
|,gulung,ݢولوڠ
|,gulungan,ݢولوڠن
|,gulung-gemulung,ݢولوڠ ـ ݢمولوڠ
|,gulung-gulung,ݢولوڠ٢
|,gulut,ݢولوت
|,gum,ݢوم
|,gumai,ݢوماي
|,gumal,ݢومل
|,gumam,ݢومم
|,gumaman,ݢوممن
|,gumba,ݢومبا
|,gumbang,ݢومبڠ
|,gumbar,ݢومبر
|,gumbuk,ݢومبوق
|,gumpal,ݢومڤل
|,gumpalan,ݢومڤلن
|,gumpung,ݢومڤوڠ
|,gumuk,ݢوموق
|,gumukan,ݢوموقن
|,gun,ݢون
|,guna,ݢونا
|,gunaan,ݢوناءن
|,guna-guna,ݢونا٢
|,gunam,ݢونم
|,gunawan,ݢوناون
|,guncak,ݢونچق
|,gunci,ݢونچي
|,guncip,ݢونچيڤ
|,gundah,ݢونده
|,gundah-gelana,ݢونده ـ ݢلان
|,gundah-gulana,ݢونده ـ ݢولان
|,gundak,ݢوندق
|,gundal,ݢوندل
|,gundalan,ݢوندلن
|,gundang,ݢوندڠ
|,gundar,ݢوندر
|,gundi,ݢوندي
|,gundik,ݢونديق
|,gundu,ݢوندو
|,gundukan,ݢوندوقن
|,gunggung,ݢوڠݢوڠ
|,guni,ݢوني
|,gunjai,ݢونجاي
|,gunjing,ݢونجيڠ
|,gunjingan,ݢونجيڠن
|,guntak,ݢونتق
|,guntang,ݢونتڠ
|,guntang-guntang,ݢونتڠ٢
|,guntil (buntil),ݢونتيل
|,gunting,ݢونتيڠ
|,guntingan,ݢونتيڠن
|,guntung,ݢونتوڠ
|,guntur,ݢونتور
|,gunung,ݢونوڠ
|,gegunungan,ݢݢونوڠن
|,gungung-gunungan,ݢونوڠ ـ ݢونوڠن
|,gunungan,ݢونوڠن
|,gunung-ganang,ݢونوڠ ـ ݢانڠ
|,gunung-gemunung,ݢونوڠ ـ ݢمونوڠ
|,gunungkan,ݢونوڠکن
|,gup,ݢوڤ
|,gurab (ghurab),ݢورب
|,gurah,ݢوره
|,guram,ݢورم
|,gurami,ݢورامي
|,gurang,ݢورڠ
|,gurap (ghurab),ݢورڤ
|,gurat,ݢورت
|,guratan,ݢورتن
|,gurau,ݢوراو
|,gurauan,ݢوراوان
|,gurdan,ݢوردن
|,gurdi (gerudi),ݢوردي
|,guri,ݢوري
|,gurih,ݢوريه
|,gurindam,ݢوريندم
|,guring,ݢوريڠ
|,gurit,ݢوريت
|,gurita,ݢوريتا
|,gurnador,ݢورنادور
|,guru,ݢورور
|,guruh,ݢوروه
|,gurun,ݢورون
|,gurur,ݢورور
|,gurut,ݢوروت
|,gus,ݢوس
|,gusar,ݢوسر
|,gusi,ݢوسي
|,gusti,ݢوستي
|,gusur,ݢوسور
|,gutik,ݢوتيق
|,guyur,ݢويور
|,
