|jabal,جبل
|,jabang,جابڠ
|,jabar,جابر
|,jabaran,جابرن
|,jabat,جابت
|,jabatan,جابتن
|,jabil,جابيل
|,jabing,جابيڠ
|,jabir,جابير
|,jabu,جابو
|,jabun,جابون
|,jabung,جابوڠ
|,jadah,جاده
|,jadam,جادم
|,jadar,جادر
|,jadi,جادي
|,jadian,جادين
|,jadi-jadian,جادي ـ جادين
|,jadilah,جاديله
|,jadual,جدوال
|,jag,جݢ
|,jaga,جاݢ
|,jagaan,جاݢاءن
|,jagak,جاݢق
|,jagal,جاݢل
|,jagalan,جاݢلن
|,jagang,جاݢڠ
|,jagat,جاݢت
|,jagatraya,جاݢتراي
|,jago (jaguh),جاݢو
|,jaguar,جاݢوار
|,jaguh,جاݢوه
|,jagung,جاݢوڠ
|,jagur,جاݢور
|,jah (kemuliaan),جاه
|,jah (sahaja),جه
|,jaha,جها
|,jahan,جاهن
|,jahanam,جهنم
|,jahang,جاهڠ
|,jahar,جهر
|,jaharu,جهارو
|,jahat,جاهت
|,jahe,جاهي
|,jahid (zahid),جاهيد
|,jahil,جاهيل
|,jahiliah,جاهيلية
|,jahit,جاهيت
|,jahitan,جاهيتن
|,jahit-menjahit,جاهيت ـ منجاهيت
|,jail,جاءيل
|,jaing,جاءيڠ
|,jais,جاءيس
|,jaiz,جاءيز
|,jaja,جاج
|,jajaan,جاجاءن
|,jajah,جاجه
|,jajahan,جاجهن
|,jajam,جاجم
|,jajap,جاجڤ
|,jajar,جاجر
|,jajaran,جاجرن
|,jajat,جاجت
|,jaka,جاک
|,jakal,جاکل
|,jakas,جاکس
|,jaket,جاکيت
|,jaki,جاکي
|,jaksa,جقسا
|,jaksi,جقسي
|,jakun,جاکون
|,jakuzi,جاکوزي
|,jala,جالا
|,jala-jala,جالا٢
|,jejala,ججالا
|,jalad (algojo),جلاد
|,jalad (sejuk),جالد
|,jalak,جالق
|,jalal,جلال
|,jalalah,جلالة
|,jalalat,جلالة
|,jalan,جالن
|,jalanan,جالنن
|,jalang,جالڠ
|,jalangkah,جلڠکه
|,jalangkung,جلڠکوڠ
|,jalar,جالر
|,jalaran,جالرن
|,jali,جالي
|,jalia,جليا
|,jalibut,جليبوت
|,jalil,جليل
|,jalin,جالين
|,jalinan,جالينن
|,jalin-berjalin,جالين ـ برجالين
|,jalin-menjalin,جالين ـ منجالين
|,jalir,جالير
|,jalis,جليس
|,jaloi,جالوي
|,jalu,جالو
|,jalur,جالور
|,jaluran,جالورن
|,jalur-jalur,جالور٢
|,jam,جم
|,jama,جاما
|,jamaah,جماعه
|,jamadat,جمادت
|,jamah,جامه
|,jamah-jamahan,جامه ـ جامهن
|,jamahan,جامهن
|,jamak,جمع
|,jamal,جمل
|,jamang,جامڠ
|,jejamang,ججامڠ
|,jamba,جامبا
|,jambak,جامبق
|,jambal,جمبل
|,jamban,جمبن
|,jambang,جمبڠ
|,jambangan,جمبڠن
|,jambar,جمبر
|,jambat,جمبت
|,jambatan,جمبتن
|,jejambat,ججمبت
|,jambelang,جمبيلڠ
|,jambia (jambiah),جمبيا
|,jambiah,جمبيه
|,jambian,جمبيان
|,jambori,جمبوري
|,jambu,جمبو
|,jambu-jambu,جمبو٢
|,jambua,جمبوا
|,jambul,جمبول
|,jambung,جمبوڠ
|,jame,جامى
|,jamhur,جمهور
|,jamiah,جامعة
|,jamik,جامع
|,jamin,جامين
|,jaminan,جامينن
|,jamiz,جميز
|,jampal,جمڤل
|,jampi,جمڤي
|,jampian,جمڤين
|,jampuk,جمڤوق
|,jampul,جامڤول
|,jampung,جامڤوڠ
|,jamrah,جمرة
|,jamu,جامو
|,jamuan,جاموان
|,jamu-jamu,جامو٢
|,jejamu,ججامو
|,jamung,جاموڠ
|,jana,جان
|,janaan,جاناءن
|,jana-bijana,جانا ـ بيجان
|,janabah,جنابة
|,janabat,جنابة
|,janda,جندا
|,jangak,جاڠق
|,jangan,جاڠن
|,jangan-jangan,جاڠن٢
|,jangankan,جاڠنکن
|,janganan,جاڠنن
|,jangar,جاڠر
|,jangas,جاڠس
|,jangat,جاڠت
|,janggai,جڠݢاي
|,janggal,جڠݢل
|,janggi,جڠݢي
|,janggul,جاڠݢول
|,janggus,جڠݢوس
|,janggut,جڠݢوت
|,jangka,جڠک
|,jangkaan,جڠکاءن
|,jangkah,جڠکه
|,jangkahan,جڠکهن
|,jangkak,جڠکق
|,jangkang,جاڠکڠ
|,jangkar,جڠکر
|,jangkarit,جڠکريت
|,jangkat,جڠکت
|,jangkau,جاڠکاو
|,jangkauan,جاڠکاوان
|,jangkerik,جڠکريق
|,jangkih,جڠکيه
|,jangkih-mangkih,جڠکيه ـ مڠکيه
|,jangkir,جڠکير
|,jangkit,جاڠکيت
|,jangkitan,جاڠکيتن
|,jangkung,جڠکوڠ
|,jangkungan,جڠکوڠن
|,jangla,جڠلا
|,janik,جانيق
|,janin,جانين
|,janjang,جنجڠ
|,janjar,جنجر
|,janji,جنجي
|,janka,جنک
|,jannah,جنة
|,jannat,جنة
|,jannatunnaim,جنةالنعيم
|,jantan,جنتن
|,jantang,جنتڠ
|,jantayu (jentayu),جنتايو
|,jantina,جنتينا
|,jantung,جنتوڠ
|,jantur,جنتور
|,janturan,جنتورن
|,janubi,جنوبي
|,janur,جانور
|,jap,جڤ
|,jar,جر
|,jara,جارا
|,jarab,جرب
|,jarah,جاره
|,jarahan,جارهن
|,jarak,جارق
|,jaram,جارم
|,jaraman,جارمن
|,jaran,جارن
|,jarang,جارڠ
|,jarang-jarang,جارڠ٢
|,jaras,جارس
|,jargon,جرݢون
|,jari,جاري
|,jari-jari,جاري٢
|,jari-jemari,جاري ـ جماري
|,jejari,ججاري
|,jariah,جارية
|,jariamun,جاريامون
|,jariji,جاريجي
|,jaring,جاريڠ
|,jaringan,جاريڠن
|,jaring-jaring,جاريڠ٢
|,jejaring,ججاريڠ
|,jaru (jaharu),جارو
|,jarum,جاروم
|,jaruman,جارومن
|,jarum-jarum,جاروم٢
|,jarwa,جروا
|,jas,جس
|,jasa,جاس
|,jasad,جسد
|,jasadi,جسدي
|,jasadiah,جسديه
|,jasmani,جسماني
|,jasmaniah,جسمانيه
|,jasper,جسڤر
|,jata,جات
|,jatah,جاته
|,jati,جاتي
|,jatik,جاتيق
|,jatuh,جاتوه
|,jauh,جاءوه
|,jauh-jauh,جاءوه&
|,jauhan,جاءوهن
|,jauhar,جاوهر
|,jauhari,جاوهاري
|,jaul,جاءول
|,jaundis,جاءونديس
|,jaur,جاءور
|,jawab,جواب
|,jawapan,جواڤن
|,jawang,جاوڠ
|,jawat,جاوت
|,jawatan,جاوتن
|,jawatankuasa,جاوتنکواس
|,jawawut,جاواووت
|,jawen,جاوين
|,jawi,جاوي
|,jawi-jawi,جاوي٢
|,jaya,جاي
|,jaz,جز
|,jazam,جزم
|,jazbah,جزبه
|,jazirah,جزيرة
|,jean,جين
|,jebah (lebar),جبه
|,jebah (banyak),جيبه
|,jebai,جباي
|,jebak,جبق
|,jebakan,جبقن
|,jebang,جبڠ
|,jebat,جبت
|,jebat-jebatan,جبت ـ جبتن
|,jebik,جبيق
|,jebuh,جبوه
|,jebung,جبوڠ
|,jed,جيد
|,jeda,جيدا
|,jegang,جݢڠ
|,jegela,جݢلا
|,jegil,جݢيل
|,jegilan,جݢيلن
|,jegung,جݢوڠ
|,jejak,ججق
|,jejaka,ججاک
|,jejal,ججل
|,jejalan,ججلن
|,jejala (jala),ججالا
|,jejamang,ججمڠ
|,jejambang,ججمبڠ
|,jejambat,ججمبت
|,jejamu,ججامو
|,jejantas,ججنتس
|,jejap,ججڤ
|,jejari,ججاري
|,jejarum,ججاروم
|,jejas,ججسن
|,jejasan,ججسن
|,jejawat,ججاوت
|,jejawi,ججاوي
|,jejeh,جيجيه
|,jejenang (jenang),ججنڠ
|,jejentik,ججنتيق
|,jejer,جيجير
|,jejeran,جيجيرن
|,jejuak,ججواق
|,jejuang,ججواڠ
|,jejunektomi,ججونيکتومي
|,jejunitis,ججونيتيس
|,jejunoileitis,ججونويلييتيس
|,jejunum,ججونوم
|,jejurai,ججوراي
|,jek,جيک
|,jel,جيل
|,jela,جيلا
|,jelabak,جلابق
|,jelabas,جلابس
|,jelabir,جلابير
|,jeladan,جلادن
|,jeladeri,جلادري
|,jelaga,جلاݢ
|,jelah,جله
|,jelai,جلاي
|,jelajah,جلاجه
|,jelak,جلق
|,jelamperang,جلمڤرڠ
|,jelamprang,جلمڤرڠ
|,jelanak,جلانق
|,jelang,جلڠ
|,jelang-menjelang,جلڠ ـ منجلڠ
|,jelangak,جلاڠق
|,jelantah,جلنته
|,jelapak,جلاڤق
|,jelapang,جلاڤڠ
|,jelar,جلر
|,jelas,جلس
|,jelata,جلات
|,jelatang,جلاتڠ
|,jelatik,جلاتيق
|,jelatuk,جلاتوق
|,jelatung,جلاتوڠ
|,jelau,جلاو
|,jelawai,جلاواي
|,jelawardi (lazuardi),جلاوردي
|,jelawat,جلاوت
|,jelebat,جلبت
|,jeleber,جليبير
|,jelejeh,جليجيه
|,jeleket,جليکيت
|,jeleketan,جليکيتن
|,jelempah,جلمڤه
|,jelengar,جلڠر
|,jelentik,جلنتيق
|,jelepak,جلڤق
|,jelepok,جليڤوق
|,jeleweh,جليويه
|,jeli,جلي
|,jeli,جيلي
|,jeligur,جليݢور
|,jelik,جليق
|,jelimpat,جليمڤت
|,jeling,جليڠ
|,jelingan,جليڠن
|,jelir,جلير
|,jelira,جليرا
|,jelit,جليت
|,jelita,جليتا
|,jelitawan,جليتاون
|,jeliti,جليتي
|,jelma,جلما
|,jelmaan,جلماءن
|,jelu,جلو
|,jeluak,جلواق
|,jeluang,جلواڠ
|,jeludu,جلودو
|,jelujur,جلوجور
|,jelujuran,جلوجورن
|,jeluk,جلوق
|,jelum,جلوم
|,jelungkap,جلوڠکڤ
|,jeluntung,جلونتوڠ
|,jelunut,جلونوت
|,jelur,جلور
|,jelur-jelir,جلور ـ جلير
|,jelurai,جلوراي
|,jelutung,جلوتوڠ
|,jem,جيم
|,jemaah,جماعه
|,jemah,جمه
|,jemala,جمالا
|,jemalin,جمالين
|,jemantung,جمنتوڠ
|,jemawa,جماوا
|,jemba,جمبا
|,jembaan,جمباءن
|,jembak,جمبق
|,jembalang,جمبالڠ
|,jemboan,جمبوان
|,jemedi,جمدي
|,jemeki,جمکي
|,jemekian (cemekian),جمکيان
|,jemerah,جمره
|,jemerelang,جمرلڠ
|,jemerlang (cemerlang),جمرلڠ
|,jemertas,جمرتس
|,jemerung,جمروڠ
|,jempana,جمڤان
|,jemparing,جمڤاريڠ
|,jempol,جمڤول
|,jempolan,جمڤولن
|,jempul,جمڤول
|,jempung,جمڤوڠ
|,jemput,جمڤوت
|,jemputan,جمڤوتن
|,jemput-jemput,جمڤوت٢
|,jemu,جمو
|,jemuas,جمواس
|,jemudi,جمودي
|,jemuduk,جمودوق
|,jemuju,جموجو
|,jemur,جمور
|,jemuran,جمورن
|,jenahar,جناهر
|,jenak,جنق
|,jenaka,جناک
|,jenakarama,جناکاراما
|,jenama,جنام
|,jenang,جنڠ
|,jejenang,ججنڠ
|,jenangau,جناڠاو
|,jenawi,جناوي
|,jenayah,جنايه
|,jenazah,جنازه
|,jendal,جندل
|,jendal-jendul,جندل ـ جندول
|,jendala (cendala),جندالا
|,jendela,جنديلا
|,jendera,جندرا
|,jenderus,جندروس
|,jendul,جندول
|,jeneng,جينيڠ
|,jeneral,جينرل
|,jeneralisimo,جنراليسيمو
|,jengah,جڠه
|,jengat,جڠت
|,jenggala,جڠݢالا
|,jenggar,جڠݢر
|,jenggar-jenggur,جڠݢر ـ جڠݢور
|,jengger,جيڠݢير
|,jengget (jengket),جيڠݢيت
|,jengguk (jenguk),جڠݢوق
|,jenggul,جڠݢول
|,jenggur (jenggar),جڠݢور
|,jengit,جڠيت
|,jengkal,جڠکل
|,jengkang,جڠکڠ
|,jengkang,جيڠکڠ
|,jengkang-jengkot,جيڠکڠ ـ جيڠکوت
|,jengkau,جڠکاو
|,jengkek,جيڠکيق
|,jengkel,جيڠکيل
|,jengkelenan,جڠکلنن
|,jengkeng,جيڠکيڠ
|,jengkerik,جڠکريق
|,jengket,جيڠکيت
|,jengki,جيڠکي
|,jengking,جڠکيڠ
|,jengkit,جڠکيت
|,jengkolet,جيڠکولت
|,jengkot,جيڠکوت
|,jengkus,جڠکوس
|,jenguk,جڠوق
|,jengul,جڠول
|,jenis,جنيس
|,jenitan,جنيتن
|,jenjagung,جنجاݢوڠ
|,jenjala,جنجالا
|,jenjalu,جنجالو
|,jenjalau,جنجالاو
|,jenjam,جنجم
|,jenjang,جنجڠ
|,jenjarum,جنجاروم
|,jenjuang,جنجواڠ
|,jenjulung,جنجولوڠ
|,jenlidah,جنليده
|,jenohong,جنوهوڠ
|,jentaka,جنتاک
|,jentat,جنتت
|,jentayu,جنتايو
|,jentera,جنترا
|,jentik,جنتيق
|,jentikan,جنتيقن
|,jentik-jentik,جنتيق٢
|,jentolak,جنتولق
|,jentu,جنتو
|,jentuai,جنتواي
|,jenu,جنو
|,jenuh,جنوه
|,jenulung,جنولوڠ
|,jenut,جنوت
|,jepit,جڤيت
|,jepitan,جڤيتن
|,jepun,جڤون
|,jeput,جڤوت
|,jera,جرا
|,jerabai (jerambai),جراباي
|,jerabut,جرابوت
|,jeradih,جراديه
|,jeradik,جراديق
|,jeragat,جراݢت
|,jeragur,جراݢور
|,jerah,جره
|,jerah-jerih,جره ـ جريه
|,jerahak,جراهق
|,jerahap,جراهڤ
|,jerai,جراي
|,jerai-jemarai,جراي ـ جماراي
|,jerait,جراءيت
|,jerak,جرق
|,jeram,جرم
|,jeramah,جرامه
|,jeramak,جرامق
|,jerambah,جرمبه
|,jerambai,جرمباي
|,jerambang,جرمبڠ
|,jerami,جرامي
|,jeram-jeram,جرم٢
|,jeran,جرن
|,jerang,جرڠ
|,jerangan,جرڠن
|,jerangau,جراڠاو
|,jerangkah (ceranggah),جرڠکه
|,jerangkak,جرڠکق
|,jerangkang,جرڠکڠ
|,jerangkap,جرڠکڤ
|,jerangkung,جرڠکوڠ
|,jerap,جرڤ
|,jerapan,جرڤن
|,jerat,جرت
|,jerau,جراو
|,jeraus,جراءوس
|,jerawat,جراوت
|,jerayawara,جراياوارا
|,jerba,جربا
|,jerbak,جربق
|,jereba (jerba),جربا
|,jerebu,جربو
|,jereket,جريکيت
|,jereketan,جريکيتن
|,jeremak (jerempak),جرمق
|,jeremang (jermang),جرمڠ
|,jeremba,جرمبا
|,jerembak (jerempak),جرمبق
|,jerembap,جرمبڤ
|,jerembat,جريمبت
|,jerembet (jerepet),جريمبيت
|,jerembun,جرمبون
|,jerempak,جرمڤق
|,jereng,جيريڠ
|,jerepet,جريڤيت
|,jeri,جري
|,jeriau,جرياو
|,jerih,جريه
|,jeriji,جريجي
|,jerijit,جريجيت
|,jering,جريڠ
|,jeringai (seringai),جريڠاي
|,jeringing,جريڠيڠ
|,jerit,جريت
|,jeritan,جريتن
|,jerjak,جرجق
|,jerkah,جرکه
|,jerkat,جرکت
|,jerlai,جرلاي
|,jerlus,جرلوس
|,jermal,جرمل
|,jermang,جرمڠ
|,jernang,جرنڠ
|,jernih,جرنيه
|,jerodeh,جروديه
|,jerohok,جروهوق
|,jerojol,جروجول
|,jerongkah,جروڠکه
|,jerongkang,جروڠکڠ
|,jerongkang-korang,جروڠکڠ ـ کورڠ
|,jerongkit (jongket),جورڠکيت
|,jerongkoh,جورڠکوه
|,jerongkok,جروڠکوق
|,jerongkong,جروڠکوڠ
|,jersi,جرسي
|,jeruang,جرواڠ
|,jeruang-jeruit,جرواڠ ـ جروءيت
|,jerubung,جروبوڠ
|,jeruh,جروه
|,jeruji,جروجي
|,jeruju,جروجو
|,jeruk,جروق
|,jerukun,جروکون
|,jerum,جروم
|,jerumat,جرومت
|,jerumau,جروماو
|,jerumbai,جرومباي
|,jerumbung (jerubung),جرومبوڠ
|,jerumun,جرومون
|,jerumus,جروموس
|,jerun,جرون
|,jerunang,جرونڠ
|,jerung,جروڠ
|,jerungkau,جروڠکاو
|,jerungkis,جروڠکيس
|,jerungkup,جروڠکوڤ
|,jerut,جروت
|,jerutan,جروتن
|,jet,جيت
|,jetera,جترا
|,jeti,جيتي
|,jetis,جتيس
|,jewer,جيوير
|,jiawang,جياوڠ
|,jib,جيب
|,jibaku,جيباکو
|,jibillah,جبله
|,jibun,جيبون
|,jicing,جيچيڠ
|,jidal,جيدل
|,jidar,جيدر
|,jidur,جيدور
|,jig,جيݢ
|,jih,جيه
|,jihad,جهاد
|,jihat,جهات
|,jijak (jejak),جيجق
|,jijik,جيجيق
|,jijit,جيجيت
|,jika,جک
|,jikalau,جکالاو
|,jilat,جيلت
|,jilatan,جيلتن
|,jilbab,جلباب
|,jilid,جيليد
|,jilidan,جيليدن
|,jim,جيم
|,jimak,جماع
|,jimat,جيمت
|,jimbam,جيمبم
|,jimbit,جيمبيت
|,jimpas,جيمڤس
|,jin,جين
|,jinak,جينق
|,jingga,جيڠݢ
|,jinggang,جيڠݢڠ
|,jinggih,جيڠݢيه
|,jinggir,جيڠݢير
|,jinggit,جيڠݢيت
|,jinggut,جيڠݢوت
|,jingkat,جيڠکت
|,jingkir,جيڠکير
|,jingkit,جيڠکيت
|,jingo,جيڠݢو
|,jingoisme,جيڠݢوءيسمى
|,jinjang,جينجڠ
|,jinjing,جينجيڠ
|,jinjingan,جينجيڠن
|,jinjit,جينجيت
|,jinsom,جينسوم
|,jintan,جينتن
|,jintih,جينتيه
|,jip,جيڤ
|,jipang (jebang),جيڤڠ
|,jiperak,جيڤرق
|,jiplak,جيڤلق
|,jir (jih),جير
|,jirai,جيراي
|,jirak,جيرق
|,jiran,جيرن
|,jirat,جيرت
|,jirian,جيريان
|,jirim,جيريم
|,jirus,جيروس
|,jisim,جيسيم
|,jitah,جيته
|,jitan,جيتن
|,jitok,جيتوق
|,jitu,جيتو
|,jitung,جيتوڠ
|,jiwa,جيوا
|,jiwa-jiwa,جيوا٢
|,jiwang,جيواڠ
|,jiwat,جيوات
|,jiwit,جيويت
|,jizyah,جزية
|,jobak,جوبق
|,jodoh,جودوه
|,jodong,جودوڠ
|,jogan,جوݢن
|,jogar,جوݢر
|,jogaton,جوݢاتون
|,joget,جوݢيت
|,jogi,جوݢي
|,joging,جوݢيڠ
|,johan,جوهن
|,johanit,جوهانيت
|,johar (juar),جوهر
|,johong,جوهوڠ
|,johor,جوهور
|,jojoba,جوجوبا
|,jojol,جوجول
|,joker,جوکر
|,joki,جوکي
|,jokong (jongkong),جوکوڠ
|,jolak,جولق
|,jolek,جوليق
|,joli,جولي
|,jolok,جولوق
|,jolokan,جولوقن
|,jolong,جولوڠ
|,jolong-jolong,جولوڠ٢
|,jolor,جولور
|,jom,جوم
|,jombak (jompak),جومبق
|,jombang,جومبڠ
|,jompak (dompak),جومڤق
|,jong,جوڠ
|,jongang,جوڠڠ
|,jongek,جوڠيق
|,jonget,جوڠيت
|,jongkah (jongkang),جوڠکه
|,jongkaka,جوڠکاک
|,jongkang,جوڠکڠ
|,jongkang-jangking,جوڠکڠ ـ جڠکيڠ
|,jongkang-jongket,جوڠکڠ ـ جڠکيت
|,jongkar,جوڠکر
|,jongkar-jongkar,جوڠکر&
|,jongkar-jangkir,جوڠکر ـ جڠکير
|,jongket,جوڠکيت
|,jongkir (jongkar),جوڠکير
|,jongkok,جوڠکوق
|,jongkong,جوڠکوڠ
|,jongol,جوڠول
|,jongor,جوڠور
|,jongos,جوڠوس
|,jonjot,جونجوت
|,jontoh,جونتوه
|,joran,جورن
|,joreng,جوريڠ
|,jori,جوري
|,jorok,جوروق
|,jorong,جوروڠ
|,joropo,جوروڤو
|,jose,جوسي
|,jota,جوتا
|,joule,جول
|,jua,جوا
|,juadah,جواده
|,juak,جواق
|,juak-juak,جواق٢
|,jual,جوال
|,jualan,جوالن
|,juala,جوالا
|,juandang,جواندڠ
|,juang,جواڠ
|,juang-juang,جواڠ٢
|,juar,جوار
|,juara,جوارا
|,jubah,جوبه
|,jubal,جوبل
|,jubin,جوبين
|,jubli,جوبلي
|,jubung (jerubung),جوبوڠ
|,jubur (dubur),جوبور
|,judi,جودي
|,judo,جودو
|,judul,جودول
|,juek,جوءيق
|,juek-juek,جوءيق٢
|,juga,جوݢ
|,jugel,جوݢل
|,juih,جوءيه
|,juita,جويتا
|,jujai,جوجاي
|,jujat,جوجت
|,jujitsu,جوجيتسو
|,juju,جوجو
|,jujub,جوجوب
|,jujuh,جوجوه
|,jujuk,جوجوق
|,jujukan,جوجوقن
|,jujur,جوجور
|,jujuran,جوجورن
|,jujut,جوجوت
|,juku,جوکو
|,juku-juku,جوکو٢
|,jukut,جوکوت
|,julah,جوله
|,julai,جولاي
|,julang,جولڠ
|,julangan,جولڠن
|,julap,جولڤ
|,julat,جولت
|,juling,جوليڠ
|,julir,جولير
|,julo,جولو
|,julukan,جولوکن
|,julung,جولوڠ
|,julung-julung,جولوڠ٢
|,julur,جولور
|,julur-julur,جولور٢
|,jumaat,جمعة
|,jumantan,جومنتن
|,jumantara,جومنتارا
|,jumanten,جومنتن
|,jumbai,جومباي
|,jumbai-jumbai,جومباي٢
|,jumbil,جومبيل
|,jumbo,جومبو
|,jumbul,جومبول
|,jumhur,جمهور
|,jumjumah,جمجمه
|,jumlah,جومله
|,jumpa,جومڤا
|,jumpaan,جومڤاءن
|,jumpelang,جومڤلڠ
|,jumpul,جومڤول
|,jumud,جمود
|,jun,جون
|,junam,جونم
|,junaman,جونمن
|,jundai,جونداي
|,jungat,جوڠت
|,junggang,جوڠݢڠ
|,junggang-jungkit,جوڠݢڠ ـ جوڠکيت
|,jungkang-jungkit,جوڠکڠ ـ جوڠکيت
|,jungkar,جوڠکر
|,jungkat,جوڠکت
|,jungkatan,جوڠکتن
|,jungkat-jungkit,جوڠکت ـ جوڠکيت
|,jungkir,جوڠکير
|,jungut,جوڠوت
|,junior,جونيور
|,juniper,جونيڤر
|,junjung,جونجوڠ
|,junjungan,جونجوڠن
|,junta,جونتا
|,juntai,جونتاي
|,juntaian,جونتاين
|,junub,جنب
|,junun (majnun),جنون
|,jura (jurah),جورا
|,juragan,جوراݢن
|,jurah,جوره
|,jurai,جوراي
|,jurai-jurai,جوراي٢
|,jurang,جورڠ
|,juri,جوري
|,juring,جوريڠ
|,juringan,جوريڠن
|,jurisprudens,جوريسڤرودن س
|,jurnal,جورنل
|,jurnalisme,جورناليسمى
|,jurnalistik,جورناليستيک
|,juru,جورو
|,juruacara,جورواچارا
|,juruanalisis,جورواناليسيس
|,juruanimasi,جورواميناسي
|,juruaudit,جورواءوديت
|,juruazan,جورواذان
|,jurubahasa,جوروبهاس
|,jurubang,جوروبڠ
|,jurubank,جوروبڠک
|,jurubatu,جوروباتو
|,juruberita,جوروبريتا
|,jurubicara,جوروبيچارا
|,jurubina,جوروبينا
|,jurucakap,جوروچاکڤ
|,jurucerakin,جوروچراکين
|,jurudalam,جورودالم
|,jurudapur,جوروداڤور
|,juruelektrik,جوروايليکتريک
|,jurufoto,جوروفوتو
|,jurugambar,جوروݢمبر
|,jurugas,جوروݢس
|,jurugegas,جوروݢݢس
|,juruhebah,جوروهيبه
|,juruhias,جوروهياس
|,juruiklan,جورواعلان
|,juruiring,جوروايريڠ
|,jurujual,جوروجوال
|,jurukaki,جوروکاکي
|,jurukamera,جوروکاميرا
|,jurukater,جوروکاتر
|,jurukelat,جوروکلت
|,jurukerah,جوروکره
|,jurukhat,جوروخط
|,jurukira,جوروکيرا
|,jurukunci,جوروکونچي
|,jurulatih,جورولاتيه
|,jurulayar,جورولاير
|,jurulelong,جوروليلوڠ
|,jurulito,جوروليتو
|,jurumasak,جوروماسق
|,jurumesin,جوروميسين
|,jurumudi,جورومودي
|,jurunikah,جورونکاح
|,jurunilai,جورونيلاي
|,jurupulih,جوروڤوليه
|,jururadiografi,جوروراديوݢرافي
|,jururawat,جوروراوت
|,jurureka,جوروريک
|,jururias,جورورياس
|,jurus,جوروس
|,jurusan,جوروسن
|,jurusaji,جوروساجي
|,jurusawat,جوروساوت
|,juruselam,جوروسلم
|,jurusemboyan,جوروسمبوين
|,jurusolek,جوروسوليق
|,jurusurat,جوروسورت
|,jurutafsir,جوروتفسير
|,jurutaip,جوروتاءيڤ
|,jurutanak,جوروتانق
|,juruteknik,جوروتيکنيک
|,jurutera,جوروترا
|,juruterapi,جوروتيراڤي
|,juruterbang,جوروتربڠ
|,jurutinggi,جوروتيڠݢي
|,jurutipografi,جوروتيڤوݢرافي
|,jurutol,جوروتول
|,jurutrengkas,جوروتريڠکس
|,jurutulis,جوروتوليس
|,jurutunjuk,جوروتونجوق
|,juruubat,جورواوبت
|,juruukur,جورواوکور
|,juruulas,جورواولس
|,juruvideo,جوروۏيديو
|,juruwang,جوروواڠ
|,juruwarta,جوروورتا
|,jus,جوس
|,jus soli,جوس سولي
|,justeru,جوسترو
|,justifikasi,جوستيفيکاسي
|,jut,جوت
|,juta,جوتا
|,jutaan,جوتاءن
|,jutawan,جوتاون
|,jutung,جوتوڠ
|,juvana,جوۏانا
|,juvenil,جوۏينيل
|,juz,جزء
|,juzbah,جزبه
|,juzuk,جزوء
|,
