|ra,راء
|,rab,رب
|,raba,راب
|,rabaan,راباءن
|,raba-raba,راب٢
|,raba-rabu,رابا ـ رابو
|,rabab (rebab),ربب
|,rabah,رابه
|,rabak,رابق
|,raban,رابن
|,rabas,رابس
|,rabat,رابت
|,rabbana,ربنا
|,rabbani,رباني
|,rabbi,ربي
|,rabbulalamin,رب العالمين
|,rabbulghafur,رب الغفور
|,rabbulizzati,رب العزة
|,rabbuljalil,رب الجليل
|,rabies,رابيئس
|,rabik,رابيق
|,rabit,رابيت
|,rabitah,رابطة
|,rabitat,رابطة
|,rabu,رابو
|,rabub,رابوب
|,rabuk,رابوق
|,rabun,رابون
|,rabung,رابوڠ
|,rabut,رابوت
|,racau,راچاو
|,racik,راچيق
|,racikan,راچيقن
|,racit (racik),راچيت
|,racun,راچون
|,racut,راچوت
|,rad,رد
|,rada,رادا
|,rada-rada,رادا٢
|,radai,راداي
|,radak,رادق
|,radang,رادڠ
|,radar,رادر
|,radas,رادس
|,raden,رادين
|,rades,راديس
|,radi,رضي
|,radiallahuanhu,رضي الله عنه
|,radian,راديان
|,radiator,رادياتور
|,radiasi,رادياسي
|,radif,راديف
|,radikal,راديکل
|,radikalisme,راديکاليسمى
|,radikel,راديکل
|,radin,رادين
|,radio,راديو
|,radioaktif,راديواکتيف
|,radiobiologi,راديوبيولوݢي
|,radioekologi,راديوايکولوݢي
|,radiofon,راديوفون
|,radiogenik,راديوݢينيک
|,radiograf,راديوݢرف
|,radiografi,راديوݢرافي
|,radiogram,راديوݢرم
|,radioimunologi,راديوايمونولوݢي
|,radiokarbon,راديوکربون
|,radiokardiografi,راديوکرديوݢرافي
|,radiokimia,راديوکيميا
|,radiolisis,راديوليسيس
|,radiologi,راديولوݢي
|,radiokoloid,راديوکولوءيد
|,radiometer,راديوميتر
|,radiometri,راديوميتري
|,radionuklid,راديونوکليد
|,radioskop,راديوسکوڤ
|,radiosond,راديوسوند
|,radiotelefon,راديوتيليفون
|,radiotelegrafi,راديوتيليݢرافي
|,radioteleskop,راديوتيليسکوڤ
|,radioterapi,راديوتيراڤي
|,radiotermi,راديوترمي
|,radiotropisme,راديوتروڤيسمى
|,radium,راديوم
|,radius,راديوس
|,radom,رادوم
|,radon,رادون
|,radu,رادو
|,radung,رادوڠ
|,radup,رادوڤ
|,rafak,رفع
|,rafia,رافيا
|,rafidi,رافضي
|,rafik (mulia),رفيع
|,rafik (sahabat karib),رفيق
|,raga,راݢ
|,raga-raga,راݢ٢
|,ragah,راݢه
|,ragak,راݢق
|,ragam,راݢم
|,ragang,راݢڠ
|,ragangan,راݢڠن
|,ragas,راݢس
|,ragbi,رݢبي
|,ragbol,رݢبول
|,ragem (ragam),راݢم
|,ragi,راݢي
|,raghib,راغيب
|,ragin,راݢين
|,rago,راݢو
|,ragu,راݢو
|,ragu-ragu,راݢو٢
|,ragu-raguan,راݢو ـ راݢوان
|,raguk (reguk),راݢوق
|,ragum,راݢوم
|,ragung (agung),راݢوڠ
|,ragus,راݢوس
|,ragut,راݢوت
|,ragutan,راݢوتن
|,rahab,راهب
|,rahak,راهق
|,raham (rahim),رحم
|,rahang,راهڠ
|,rahap,راهڤ
|,rahat,راحة
|,rahi,راحي
|,rahib,راهب
|,rahim,رحيم
|,rahimahullah,رحمه الله
|,rahmani,رحماني
|,rahmat,رحمة
|,rahmatullah,رحمة الله
|,rahsia,رهسيا
|,rai (bunyi),راي
|,rai (menjamu),راعي
|,raiat (rakyat),رعيت
|,raifal,راءيفل
|,raih,راءيه
|,rairat,رايرت
|,rais,راءيس
|,rait,راءيت
|,raja,راج
|,rajah,راجه
|,rajalela,راجاليلا
|,rajan,راجن
|,rajang,راجڠ
|,rajastali,رجستالي
|,rajau,راجاو
|,rajawali,رجاوالي
|,raji,رجعي
|,rajim,رجيم
|,rajin,راجين
|,rajin-rajin,راجين٢
|,rajok,راجوق
|,rajuk,راجوق
|,rajungan,راجوڠن
|,rajut,راجوت
|,rajutan,راجوتن
|,rak,رق
|,raka,راک
|,rakaat,رکعة
|,rakah,راکه
|,rakak (rangkak),راکق
|,rakam (nombor),رقم
|,rakam (catat),راقم
|,rakaman,راقمن
|,rakan,راکن
|,rakanan,راکنن
|,rakap,راکڤ
|,rakat,راکت
|,rakbi,رقبي
|,raket,راکيت
|,rakit,راکيت
|,rakna (ratna),رقنا
|,raksa,رقسا
|,raksamala,رقسامالا
|,raksasa,رقساس
|,raksasa-raksasaan,رقساسا ـ رقساساءن
|,raksi,رقسي
|,rakuk,راکوق
|,rakun,راکون
|,rakung,راکوڠ
|,rakungan,راکوڠن
|,rakus,راکوس
|,rakut,راکوت
|,rakyat,رعيت
|,ralat,رالت
|,rali,رالي
|,ralip,راليڤ
|,ram,رم
|,rama,راما
|,rama-rama,راما٢
|,ramah,رامه
|,ramah-tamah,رامه ـ تامه
|,ramai,راماي
|,ramal,رامل
|,ramalan,راملن
|,ramanda,رمندا
|,ramas,رامس
|,ramasan,رامسن
|,rambah,رامبه
|,rambahan,رامبهن
|,rambai,رمباي
|,rambaian,رمباين
|,rambak,رمبق
|,ramban,رامبن
|,rambanan,رامبنن
|,rambang,رامبڠ
|,rambang-rambang,رامبڠ٢
|,rambas,رامبس
|,rambat,رمبت
|,rambatan,رمبتن
|,rambih,رامبيه
|,rambu,رمبو
|,rambu-rambu,رمبو٢
|,rambun,رمبون
|,rambung,رمبوڠ
|,rambuni,رمبوني
|,rambustan,رمبوستن
|,rambut,رامبوت
|,rerambut,ررمبوت
|,rambutan,رمبوتن
|,rambuti,رمبوتي
|,rami,رامي
|,ramin,رامين
|,ramis,راميس
|,rampai,رمڤاي
|,rampaian,رمڤاين
|,rampai-rampai,رمڤاي٢
|,rampaiklan,رمڤايئيعلان
|,rampak,رامڤق
|,rampana,رمڤان
|,rampang,رمڤڠ
|,rampas,رمڤس
|,rampasan,رمڤسن
|,rampat,رمڤت
|,ramping,رمڤيڠ
|,rampis,رمڤيس
|,rampok,رمڤوق
|,rampokan,رمڤوقن
|,rampung,رامڤوڠ
|,rampus,رامڤوس
|,ramput,رامڤوت
|,ramsah,رمسه
|,ramu,رامو
|,ramuan,راموان
|,ramunia,رامونيا
|,ramus,راموس
|,ran,رن
|,rana,ران
|,ranah,رانه
|,ranai,راناي
|,ranap,رانڤ
|,ranca,رنچا
|,rancah,رنچه
|,rancak,رنچق
|,rancakan,رنچقن
|,rancang,رانچڠ
|,rancangan,رانچڠن
|,rancap,رنچڤ
|,rancu,رنچو
|,rancung,رنچوڠ
|,rand,رند
|,randa,رندا
|,randah,رنده
|,randai,رنداي
|,randajawa,رنداجاوا
|,randajawan,رنداجاون
|,randau,رنداو
|,randek,رندق
|,randi,رندي
|,randih (rondah),رنديه
|,randu,رندو
|,randuk,رندوق
|,randung,رندوڠ
|,rane,راني
|,raneh,رانيه
|,rang,رڠ
|,rangah,راڠه
|,rangai,راڠاي
|,rangak,راڠق
|,rangam,راڠم
|,rangan,راڠن
|,rangas,راڠس
|,rangga,رڠݢ
|,ranggah,رڠݢه
|,ranggak,رڠݢق
|,ranggas,رڠݢس
|,ranggeh,رڠݢيه
|,ranggi,رڠݢي
|,ranggit,رڠݢيت
|,ranggoi,رڠݢوي
|,ranggu,رڠݢو
|,ranggul,رڠݢول
|,ranggung,رڠݢوڠ
|,rangin,راڠين
|,rangit,راڠيت
|,rangka,راڠک
|,rangkai,رڠکاي
|,rangkaian,رڠکاين
|,rangkak,رڠکق
|,rangkam,رڠکم
|,rangkang,رڠکڠ
|,rangkap,رڠکڤ
|,rangkapan,رڠکڤن
|,rangkas,رڠکس
|,rangkaya,رڠکايا
|,rangkayo,رڠکايو
|,rangkik,رڠکيق
|,rangking,رڠکيڠ
|,rangkit,رڠکيت
|,rangkul,رڠکول
|,rangkulan,رڠکولن
|,rangkum,رڠکوم
|,rangkuman,رڠکومن
|,rangkun,رڠکون
|,rangkung,راڠکوڠ
|,rangkup,رڠکوڤ
|,rangkupan,رڠکوڤن
|,rango,رڠݢو
|,rango-rango,رڠݢو٢
|,rangrang,رڠرڠ
|,rangrangan,رڠراڠن
|,rangsang,رڠسڠ
|,rangsangan,رڠسڠن
|,rangsum,رڠسوم
|,rangu,راڠو
|,rangkuk,رڠکوق
|,rangum,راڠوم
|,rangup,راڠوڤ
|,rani,راني
|,ranjah,رنجه
|,ranjana,رنجان
|,ranjang,رنجڠ
|,ranjau,رنجاو
|,ranjing,رنجيڠ
|,ranju,رنجو
|,ranjuk,رنجوق
|,ranjungan (rajungan),رنجوڠن
|,ranking,رنکيڠ
|,ransel,رنسل
|,rantai,رنتاي
|,rantaian,رنتاين
|,rantaka (rentaka),رنتاک
|,rantam,رنتم
|,rantang,رانتڠ
|,rantas,رانتس
|,rantau,رنتاو
|,rantauan,رنتاوان
|,ranti,رنتي
|,ranting,رنتيڠ
|,rantuk,رنتوق
|,rantus,رنتوس
|,ranum,رانوم
|,ranyah,راپه
|,ranyau,راپاو
|,ranyuk,راپوق
|,rap,رڤ
|,rapah,راڤه
|,rapai,راڤاي
|,rapak,راڤق
|,rapana,رڤان
|,rapang,راڤڠ
|,rapat,راڤت
|,rapat-rapat,راڤت٢
|,rapatan,راڤتن
|,rapel,راڤيل
|,rapi,راڤي
|,rapih,راڤيه
|,rapik,راڤيق
|,rapit,راڤيت
|,rapor,راڤور
|,raporan,راڤورن
|,rapot,راڤوت
|,rapsodi,رڤسودي
|,raptai,رڤتاي
|,rapu,راڤو
|,rapuh,راڤوه
|,rapun,راڤون
|,rapung,راڤوڠ
|,rapus,راڤوس
|,rarai,راراي
|,rarak (lerak),رارق
|,raras,رارس
|,rarau,راراو
|,ras,رس
|,rasa,راس
|,rasakan,راساکن
|,rasa-rasa,راس٢
|,rasai,راساي
|,rasam (sup),راسم
|,rasam (aturan),رسم
|,rasamala (raksamala),رسامالا
|,rasan,راسن
|,rasau,راساو
|,rasau-rasau,راساو٢
|,rasdung (resdung),رسدوڠ
|,rase,راسي
|,rasi,راسي
|,rasialis,راسيليس
|,rasialisme,راسيليسمى
|,rasian,راسيان
|,rasional,راسيونل
|,rasionalis,راسيوناليس
|,rasionalisasi,راسيوناليساسي
|,rasionalisme,راسيوناليسمى
|,rasionalistik,راسيوناليستيک
|,rasis,راسيس
|,rasisme,راسيسمى
|,rasmi,راسمي
|,rasmi-rasmian,راسمي ـ راسمين
|,raspberi,رسبيري
|,rastali,رستالي
|,rasuah,رسواه
|,rasuk,راسوق
|,rasukan,راسوقن
|,rasul,رسول
|,rasuli,رسولي
|,rasulullah,رسول الله
|,rasyid,رشيد
|,rat,رت
|,rata,رات
|,rata-rata,رات٢
|,rataan,رتاءن
|,ratah,راته
|,ratahan,راتهن
|,ratap,راتڤ
|,ratapan,راتڤن
|,ratas,راتس
|,rati,راتي
|,ratib,راتيب
|,ratifikasi,راتيفيکاسي
|,rating,راتيڠ
|,ratna,رتنا
|,ratu,راتو
|,ratus,راتوس
|,ratusan,راتوسن
|,rau,راو
|,raum (meraung),راءوم
|,raun,راءون
|,raung,راءوڠ
|,raungan,راءوڠن
|,raup,راءوڤ
|,raut,راءوت
|,rautan,راءوتن
|,rauvit,راوۏيت
|,rawa,راوا
|,rawah,راوه
|,rawai,راواي
|,rawak,راوق
|,rawan,راون
|,rawang,راوڠ
|,rawat,راوت
|,rawatan,راوتن
|,rawatib,رواتب
|,rawi,راوي
|,rawit,راويت
|,rawitan,راويتن
|,rawon,راوون
|,raya,راي
|,rayah,رايه
|,rayan,راين
|,rayan-rayan,راين٢
|,rayang,رايڠ
|,rayap,رايڤ
|,rayapan,رايڤن
|,rayau,راياو
|,rayon,رايون
|,rayu,رايو
|,rayuan,رايوان
|,rayun,رايون
|,razia,رازيا
|,reaksi,رياکسي
|,reaksioner,رياکسيونير
|,reaksionis,رياکسيونيس
|,reaktif,رياکتيف
|,reaktor,رياکتور
|,realis,رياليس
|,realisasi,رياليساسي
|,realisir,رياليسير
|,realisme,رياليسمى
|,realistik,رياليستيک
|,realitet,رياليتيت
|,realiti,رياليتي
|,realpolitik,ريالڤوليتيک
|,reba,ربا
|,rebab,ربب
|,rebah,ربه
|,rebahan,ربهن
|,rebah-rebah,ربه٢
|,rebah-rebahan,ربه ـ ربهن
|,rebak (meleleh; runtuh),ربق
|,rebak (carik; jalar),ريبق
|,reban (kandang),ربن
|,reban (hempas),ريبن
|,rebana,ربان
|,rebanar,ربانر
|,rebang,ربڠ
|,rebas,ربس
|,rebat (sekat),ربت
|,rebat (potong),ريبت
|,rebeh,ريبيه
|,rebek,ريبيق
|,reben,ريبين
|,rebet,ريبيت
|,rebewes,ريبيويس
|,rebewis,ريبيويس
|,rebon,ربون
|,rebu,ربو
|,rebuk,ربوق
|,rebung,ربوڠ
|,rebus,ربوس
|,rebusan,ربوسن
|,rebut,ربوت
|,rebutan,ربوتن
|,reca,رچا
|,recak,رچق
|,receh,ريچيه
|,recehan,ريچيهن
|,receng,ريچيڠ
|,recik,رچيق
|,recikan,رچيقن
|,recok,ريچوق
|,recup,رچوڤ
|,reda (kurang),ردا
|,reda (rela),رضا
|,redah,رده
|,redai,رداي
|,redak (ledak),ردق
|,redaksi,ريدکسي
|,redam,ردم
|,redam-redam,ردم٢
|,redan,ريدن
|,redang (radang),ردڠ
|,redang (paya),ريدڠ
|,redani,رداني
|,redap,ردڤ
|,redas,ردس
|,redih,رديه
|,redik,ريديق
|,redip,رديڤ
|,redoks,ريدوکس
|,reduksi,ريدوکسي
|,reduksionis,ريدوکسيونيس
|,reduksionisme,ريدوکسيونيسمى
|,redum,ردوم
|,redup,ردوڤ
|,redut,ردوت
|,referendaris,ريفرينداريس
|,referendum,ريفريندوم
|,referi,ريفري
|,reflasi,ريفلاسي
|,refleksi,ريفليکسي
|,refleksologi,ريفليکسولوݢي
|,reflektor,ريفليکتور
|,reformasi,ريفورماسي
|,reformis,ريفورميس
|,rega,رݢا
|,regan,ريݢن
|,regang,رݢڠ
|,regangan,رݢڠن
|,regas,رݢس
|,regat,رݢت
|,regata,ريݢات
|,rege,ريݢي
|,regel,ريݢيل
|,regen,ريݢين
|,reges,ريݢيس
|,reggae (rege),ريݢݢاي
|,regi,رݢي
|,regio,ريݢياو
|,regionalisme,ريݢيوناليسمى
|,regisir,رݢيسير
|,register,ريݢيستر
|,registrasi,ريݢيستراسي
|,reglemen,ريݢليمن
|,regmografi,ريݢموݢرافي
|,regol,ريݢول
|,regresi,ريݢريسي
|,regresif,ريݢريسيف
|,regu,رݢو
|,reguk,رݢوق
|,rehabilitasi,ريهابيليتاسي
|,rehal,ريحل
|,rehat,ريحت
|,reinkarnasi,ريئينکرناسي
|,reja,ريجا
|,rejah,رجه
|,rejam,رجم
|,rejaman,رجمن
|,rejan,رجن
|,rejang,رجڠ
|,rejasa,رجاس
|,rejeh,ريجيه
|,rejeng,رجڠ
|,rejim,ريجيم
|,rejimen,ريجيمن
|,rejuk,رجوق
|,rek,ريق
|,reka,ريک
|,rekaan,ريکاءن
|,reka-reka,ريک٢
|,reka-rekaan,ريکا ـ ريکاءن
|,rekah,رکه
|,rekahan,رکهن
|,rekal,ريکل
|,rekan,رکن
|,rekanan,رکنن
|,rekat,رکت
|,rekata,رکات
|,rekayasa,ريکاياس
|,reke,ريکي
|,reken,ريکن
|,rekenan,ريکنن
|,rekening,ريکنيڠ
|,rekes,ريکيس
|,reklame,ريکلامي
|,reklasering,ريکلاسيريڠ
|,rekod,ريکود
|,rekoder,ريکودر
|,rekomen,ريکومين
|,rekomendasi,ريکومينداسي
|,rekonsiliasi,ريکونسيلياسي
|,rekonstruksi,ريکونستروکسي
|,rekor,ريکور
|,rekot,ريکوت
|,rekreasi,ريکرياسي
|,rekrosis,ريکروسيس
|,rekrut,ريکروت
|,reksa,رقسا
|,rektifier,ريکتيفيار
|,rekto,ريکتو
|,rektor,ريکتور
|,rektum,ريکتوم
|,rel,ريل
|,rela,ريلا
|,relai (pisah),رلاي
|,relai (pancar),ريلاي
|,relaks,ريلکس
|,relaksasi,ريلکساسي
|,relang,رلڠ
|,relap,رلڤ
|,relaps,ريلڤس
|,relas,رلس
|,relasi,ريلاسي
|,relatif,ريلاتيف
|,relativisme,ريلاتيۏيسمى
|,relau,رلاو
|,relbas,ريلبس
|,relevan,ريلۏن
|,relevansi,ريلۏنسي
|,religi,ريليݢي
|,reluh,رلوه
|,relung,رلوڠ
|,relungan,رلوڠن
|,relus,رلوس
|,rem,ريم
|,rema,ريما
|,remah,ريمه
|,remah-remah,ريمه٢
|,remai,رماي
|,remaja,رماج
|,remak,رمق
|,reman (ttg perangkap),رمن
|,reman (penahanan),ريمن
|,remang,رمڠ
|,remang-remang,رمڠ٢
|,remayung,رمايوڠ
|,rembah,رمبه
|,rembah-rembih,رمبه ـ رمبيه
|,rembang,رمبڠ
|,rembas,رمبس
|,rembat,ريمبت
|,rembatan,ريمبتن
|,rembega,رمبيݢ
|,rembes,ريمبيس
|,rembesan,ريمبيسن
|,rembet,ريمبيت
|,rembih,رمبيه
|,rembik,رمبيق
|,rembuk,رمبوق
|,rembukan,رمبوقن
|,rembulan,رمبولن
|,rembunai,رمبوناي
|,rembus,رمبوس
|,rembut,رمبوت
|,remedi,ريميدي
|,remeh,ريميه
|,remeh-temeh,ريميه ـ تيميه
|,remenia,رمنيا
|,remet,ريميت
|,remiak,رمياق
|,riak-remiak,رياق ـ رمياق
|,remis,رميس
|,remisier,ريميسيئر
|,remoh,ريموه
|,remos,ريموس
|,rempa,رمڤا
|,rempah,رمڤه
|,rempah-pawah,رمڤه ـ ڤاوه
|,rempah-perawis,رمڤه ـ ڤراويس
|,rempah-piah,رمڤه ـ ڤياه
|,rempah-ratus,رمڤه ـ راتوس
|,rempah-rempah,رمڤه٢
|,rempak (maju),رمڤق
|,rempak (sumbing),ريمڤق
|,rempang,ريمڤڠ
|,rempang-rempong,ريمڤڠ ـ ريمڤوڠ
|,rempat,ريمڤت
|,rempelas,رمڤلس
|,rempelu,رمڤلو
|,rempenai,رمڤناي
|,rempenang,رمڤنڠ
|,rempeyek,رمڤيييق
|,rempong,ريمڤوڠ
|,rempuh,رمڤوه
|,rempuhan,رمڤوهن
|,rempung,رمڤوڠ
|,rempus,رمڤوس
|,remujung,رموجوڠ
|,remuk,رموق
|,remuk-redam,رموق ـ ردم
|,remung,رموڠ
|,remunggai,رموڠݢاي
|,remut,رموت
|,rena,رنا
|,renai (renyai),رناي
|,renaisans,رينايسنس
|,renal,رينل
|,renang,رنڠ
|,renangan,رنڠن
|,renardit,رينرديت
|,rencah,رنچه
|,rencak,رنچق
|,rencam,رنچم
|,rencaman,رنچمن
|,rencana,رنچان
|,rencang (bunyi),رنچڠ
|,rencang (kawan),رينچڠ
|,rencat,رنچت
|,renceh,رينچيه
|,renceng,رينچيڠ
|,rencengan,رينچيڠن
|,rencet,رينچيت
|,rencik,رنچيق
|,rencing,رنچيڠ
|,rencis,رنچيس
|,rencong,رينچوڠ
|,renda,ريندا
|,rendah,رنده
|,rendahan,رندهن
|,rendam,رندم
|,rendaman,رندمن
|,rendana,رندان
|,rendang (sj makanan),رندڠ
|,rendang (rendah),ريندڠ
|,rendangan,ريندڠن
|,rendeng (musim hujan),رندڠ
|,rendeng (berturut-turut ),رينديڠ
|,rendet,رندت
|,rendidih,رنديديه
|,rendong,ريندوڠ
|,renduh,رندوه
|,reneh,رينيه
|,renehan,رينيهن
|,renek,رينيق
|,renet,رينيت
|,reng (rengrengan),ريڠ
|,renga,رڠا
|,rengah (engah),رڠه
|,rengadean,رڠاديان
|,rengak,رڠق
|,rengan,رڠن
|,rengap,رڠڤ
|,rengas,رڠس
|,rengat,رڠت
|,rengau (perengau),رڠاو
|,rengeh,ريڠيه
|,rengek,ريڠيق
|,rengekan,ريڠيقن
|,rengga,ريڠݢ
|,renggam,رڠݢم
|,renggang,رڠݢڠ
|,renggat,رڠݢت
|,renggek,ريڠݢيق
|,rengges (ranggas),ريڠݢيس
|,renggut,رڠݢوت
|,renggutan,رڠݢوتن
|,rengit,رڠيت
|,rengka,رڠک
|,rengkah,رڠکه
|,rengkahan,رڠکهن
|,rengkam,رڠکم
|,rengkeh,ريڠکيه
|,rengkek,ريڠکيق
|,rengkel,ريڠکيل
|,rengkiang,رڠکياڠ
|,rengkinang,رڠکينڠ
|,rengkit,رڠکيت
|,rengkuh,رڠکوه
|,rengkuhan,رڠکوهن
|,rengkuk,رڠکوق
|,rengkung,رڠکوڠ
|,rengrengan,ريڠريڠن
|,rengsa,ريڠسا
|,renguh,رڠوه
|,rengus,رڠوس
|,rengut,رڠوت
|,renik,رنيق
|,renin,رنين
|,rening,رنيڠ
|,rening-rening,رنيڠ٢
|,renium,رينيوم
|,renjana,رنجان
|,renjas,رنجس
|,renjat,رنجت
|,renjatan,رنجتن
|,renjer,رينجر
|,renjis,رنجيس
|,renjisan,رنجيسن
|,renjong,رينجوڠ
|,renminbi,رينمينبي
|,renta (bentak),رنتا
|,renta (sangat tua),رينتا
|,rentak (hentak),رنتق
|,rentak (sentak),رينتق
|,rentaka,رنتاک
|,rentan,رنتن
|,rentang (hulur),رنتڠ
|,rentang (tengking),رينتڠ
|,rentap,رنتڤ
|,rentapan,رنتڤن
|,rentas,رنتس
|,rentasan,رنتسن
|,rente (renten),رينتى
|,renten,رينتين
|,renteng,رينتيڠ
|,rentenir,رنتنير
|,rentet,رينتيت
|,rentetan,رينتيتن
|,renti,رنتي
|,rentik,رنتيق
|,rentung,رنتوڠ
|,renung,رنوڠ
|,renungan,رنوڠن
|,renut,رنوت
|,renyah,رپه
|,renyai,رپاي
|,renyai-renyai,رپاي٢
|,renyak,رپق
|,renyam,رپم
|,renyang,رپڠ
|,renyap,رپڤ
|,renyau,رپاو
|,renyeh,ريپيه
|,renyek,ريپيه
|,renyik,رپيق
|,renyuh,ريوه
|,renyuk,رپوق
|,renyut,رپوت
|,reofit,ريوفيت
|,reok,ريوق
|,reologi,ريولوݢي
|,reorganisasi,ريئورݢانيساسي
|,reorganisir,ريئورݢانيسير
|,reorientasi,ريئوريئينتاسي
|,reostat,ريوستت
|,reot (reyot),ريوت
|,rep,ريڤ
|,repak,رڤق
|,repang,رڤڠ
|,reparasi,ريڤاراسي
|,repas,رڤس
|,repatriasi,ريڤاترياسي
|,repek,ريڤيق
|,repertoir,ريڤرتوءير
|,repertori,ريڤرتوري
|,repes,ريڤيس
|,repet,ريڤيت
|,repeten,ريڤتين
|,repetir,رڤتير
|,repetisi,ريڤتيسي
|,repih,رڤيه
|,repihan,رڤيهن
|,repis (repih),رڤيس
|,replika,ريڤليکا
|,repolper,رڤولڤر
|,repot,ريڤوت
|,repotan,ريڤوتن
|,representasi,ريڤريسينتاسي
|,representatif,ريڤريسينتاتيف
|,represif,ريڤريسيف
|,reproduksi,ريڤرودوکسي
|,reproduktif,ريڤرودوکتيف
|,reprografi,ريڤروݢرافي
|,reptilia,ريڤتيليا
|,repu,رڤو
|,republik,ريڤوبليک
|,republikan,ريڤوبليکن
|,republikanisme,ريڤوبليکانيسمى
|,repuh,رڤوه
|,repuhan,رڤوهن
|,repuh-repuh,رڤوه٢
|,repui,رڤوي
|,reput,رڤوت
|,reputan,رڤوتن
|,reputasi,ريڤوتاسي
|,rerak,ررق
|,rerambut,ررمبوت
|,reras,ررس
|,reriang,ررياڠ
|,reribu,رريبو
|,rerot,ريروت
|,rerotan,ريروتن
|,reruku,رروکو
|,reruntuh,ررونتوه
|,reruntuk,ررونتوق
|,resa,رسا
|,resah,رسه
|,resai,رساي
|,resak,رسق
|,resam,رسم
|,resaman,رسمن
|,resan,رسن
|,resap,رسڤ
|,resapan,رسڤن
|,resbang,رسبڠ
|,resdung,رسدوڠ
|,resek (risik),ريسيق
|,resen,ريسين
|,resensi,رسينسي
|,reseptif,ريسيڤتيف
|,reseptor,ريسيڤتور
|,reserse,رسيرسي
|,resesi,ريسيسي
|,resesif,ريسيسيف
|,resi,رسي
|,residen,ريسيدن
|,residu,ريسيدو
|,resik,رسيق
|,resimen,رسيمين
|,resin,ريسين
|,resipi,رسيڤي
|,resistensi,ريسيستينسي
|,resit,رسيت
|,resital,ريسيتل
|,resmi,رسمي
|,resolusi,ريسولوسي
|,respek,ريسڤيک
|,respirasi,ريسڤيراسي
|,respirator,ريسڤيراتور
|,responden,ريسڤوندن
|,respons,ريسڤون س
|,responsif,ريسڤونسيف
|,restan,ريستن
|,reston,ريستون
|,restoran,ريستورن
|,restorasi,ريستوراسي
|,restriksi,ريستريکسي
|,restu,رستو
|,restung,رستوڠ
|,resuk,رسوق
|,resume,ريسومي
|,resusitasi,ريسوسيتاسي
|,reta,ريتا
|,retai (retak),رتاي
|,retak,رتق
|,retakan,رتقن
|,retak-retai,رتق ـ رتاي
|,retas,رتس
|,retek,ريتيق
|,retet,ريتيت
|,reti (erti),رتي
|,retih,رتيه
|,retikulasi,ريتيکولاسي
|,retikulum,ريتيکولوم
|,retin,رتين
|,retina,ريتينا
|,retok,ريتوق
|,retorik,ريتوريک
|,retorsi,ريتورسي
|,retort,ريتورت
|,retribusi,ريتريبوسي
|,retroaktif,ريترواکتيف
|,retrogresif,ريتروݢريسيف
|,retrospeksi,ريتروسڤيکسي
|,retrospektif,ريتروسڤيکتيف
|,retur,رتور
|,reumatik,ريوماتيک
|,reumatisme,ريوماتيسمى
|,reumatologi,ريوماتولوݢي
|,reverend,رۏرند
|,revivalisme,ريۏيۏاليسمى
|,revolusi,ريۏولوسي
|,revolusioner,ريۏولوسيونير
|,revolver,ريۏولۏر
|,rewak,ريواق
|,rewan,ريوان
|,rewang,ريواڠ
|,rewel,ريويل
|,rewet,ريويت
|,reyot,ريوت
|,rezeki,رزقي
|,ria,ريا
|,riadah,رياضه
|,riah (ria),رياه
|,riak,رياق
|,rial,ريال
|,riam,ريام
|,rian,ريان
|,riang,رياڠ
|,riang-riang,رياڠ٢
|,riap,رياڤ
|,rias,رياس
|,riasan,رياسن
|,riayah,رعايه
|,riba (pangkuan),ريبا
|,ribaan,ريباءن
|,riba (faedah),رباء
|,ribang,ريبڠ
|,ribatat,رباطة
|,riboflavin,ريبوفلاۏين
|,ribu,ريبو
|,ribuan,ريبوان
|,ribu-ribu,ريبو٢
|,ribut,ريبوت
|,ricau,ريچاو
|,ricetit,ريچيتيت
|,ricih (rincih),ريچيه
|,ricis (rincis),ريچيس
|,ricu,ريچو
|,ridan,ريدن
|,ridap,ريدڤ
|,riddah,ردة
|,ridi,ريدي
|,riding,ريديڠ
|,ridip,ريديڤ
|,ridwan,رضوان
|,riel,ريئل
|,rigai,ريݢاي
|,rigi,ريݢي
|,rigi-rigi,ريݢي٢
|,rih,ريه
|,rihal (rehal),ريحل
|,rijalulghaib,رجال الغيب
|,rijalullah,رجال الله
|,rijil,ريجيل
|,rikaz,رکاز
|,riket,ريکيت
|,riketsia,ريکيتسيا
|,rikuh,ريکوه
|,rim,ريم
|,rima,ريما
|,rimas,ريمس
|,rimau,ريماو
|,rimba,ريمبا
|,rimbas,ريمبس
|,rimbat,ريمبت
|,rimbu,ريمبو
|,rimbun,ريمبون
|,rimbunan,ريمبونن
|,rimis,ريميس
|,rimpai,ريمڤاي
|,rimpang,ريمڤڠ
|,rimpi,ريمڤي
|,rimping,ريمڤيڠ
|,rimpuh,ريمڤوه
|,rimpung,ريمڤوڠ
|,rinai,ريناي
|,rinci,رينچي
|,rincih,رينچيه
|,rincik,رينچيق
|,rincin (rincih),رينچين
|,rincis,رينچيس
|,rinding,رينديڠ
|,rindu,ريندو
|,rinduan,ريندوان
|,rindu-merindui,ريندو ـ مريندوءي
|,rindu-rinduan,ريندو ـ ريندوان
|,ring,ريڠ
|,ringan,ريڠن
|,ringankan,ريڠنکن
|,ringga (rengga),ريڠݢ
|,ringgi,ريڠݢي
|,ringgin,ريڠݢين
|,ringgis,ريڠݢيس
|,ringgit,ريڠݢيت
|,ringgih,ريڠݢيه
|,ringin,ريڠين
|,ringis,ريڠيس
|,ringkai,ريڠکاي
|,ringkas,ريڠکس
|,ringkasan,ريڠکسن
|,ringkat,ريڠکت
|,ringkik,ريڠکيق
|,ringkikan,ريڠکيقن
|,ringking,ريڠکيڠ
|,ringkuk,ريڠکوق
|,ringkukan,ريڠکوقن
|,ringkus,ريڠکوس
|,ringsek,ريڠسيق
|,ringsing,ريڠسيڠ
|,rini,ريني
|,rinitis,رينيتيس
|,rinjing,رينجيڠ
|,rinologi,رينولوݢي
|,rinoplasti,رينوڤلستي
|,rinorea,رينوريا
|,rinoskop,رينوسکوڤ
|,rinoskopi,رينوسکوڤي
|,rinovirus,رينوۏيروس
|,rintang,رينتڠ
|,rintangan,رينتڠن
|,rintas,رينتس
|,rintih,رينتيه
|,rintihan,رينتيهن
|,rintih-rintihan,رينتيه ـ رينتيهن
|,rintik,رينتيق
|,rintik-rintik,رينتيق٢
|,rinting,رينتيڠ
|,rintis,رينتيس
|,rintisan,رينتيسن
|,rinyai,ريپاي
|,ripai,ريڤاي
|,riparian,ريڤاريان
|,ripau,ريڤاو
|,ripit,ريڤيت
|,ripu,ريڤو
|,ripuh,ريڤوه
|,ripuk,ريڤوق
|,riri,ريري
|,ririt,ريريت
|,risa,ريسا
|,risak,ريسق
|,risalah,رساله
|,risau,ريساو
|,risauan,ريساوان
|,risi,ريسي
|,risik,ريسيق
|,risikan,ريسيقن
|,risik-merisik,ريسيق ـ مريسيق
|,risiko,ريسيکو
|,risoto,ريسوتو
|,ritau,ريتاو
|,ritma,ريتما
|,ritual,ريتوال
|,ritualisme,ريتواليسمى
|,ritul,ريتول
|,ritus,ريتوس
|,riu,ريو
|,riu-riu,ريو٢
|,riuh,ريوه
|,riuh-rendah,ريوه ـ رنده
|,riuk,ريوق
|,riung,ريوڠ
|,rivet,ريۏيت
|,riwayat,ريوايت
|,riyak,رياء
|,riyal,ريال
|,rizab,ريزب
|,rizoid,ريزويد
|,rizom,ريزوم
|,rizosfera,ريزوسفيرا
|,roba (pancaroba),روبا
|,robah (ubah),روبه
|,robak,روبق
|,robak-rabik,روبق ـ رابيق
|,robat,روبت
|,robat-rabit,روبت ـ رابيت
|,robek,روبيق
|,roboh,روبوه
|,robohan,روبوهن
|,robok,روبوق
|,robot,روبوت
|,robotik,روبوتيک
|,rocah,روچه
|,rock (rok),روک
|,rocker,روکر
|,rocoh,روچوه
|,rod,رود
|,roda,رودا
|,rodak,رودق
|,rodan,رودن
|,rodat,رودت
|,rodensia,رودينسيا
|,rodeo,روديو
|,rodi,رودي
|,rodium,روديوم
|,rodok,رودوق
|,rodong,رودوڠ
|,rodopsin,رودوڤسين
|,roentgenografi,روئنتݢينوݢرافي
|,rogo,روݢو
|,rogoh,روݢوه
|,rogok,روݢوق
|,rogol,روݢول
|,roh,روح
|,rohani,روحاني
|,rohaniah,روحانيه
|,rohaniwan,روحانيون
|,rohmat (rahmat),رحمة
|,roi,روي
|,rojak,روجق
|,rojol,روجول
|,rok,روک
|,roket,روکيت
|,roki,روکي
|,rokok,روکوق
|,rol,رول
|,rolet,روليت
|,roma,روما
|,roman,رومن
|,romantik,رومنتيک
|,romantikus,رومنتيکوس
|,romantis,رومنتيس
|,romantisisme,رومنتيسيسمى
|,romba,رومبا
|,rombak,رومبق
|,rombakan,رومبقن
|,rombang,رومبڠ
|,rombang-rambing,رومبڠ ـ رمبيڠ
|,romben (rombin),رومبين
|,rombeng,رومبيڠ
|,rombengan,رومبيڠن
|,rombin,رومبين
|,rombok,رومبوق
|,rombong,رومبوڠ
|,rombongan,رومبوڠن
|,rombus,رومبوس
|,romen,رومين
|,romeo,روميو
|,romok,روموق
|,romong,روموڠ
|,rompak,رومڤق
|,rompakan,رومڤقن
|,rompang,رومڤڠ
|,rompang-ramping,رومڤڠ ـ رمڤيڠ
|,rompeng,رومڤيڠ
|,rompes,رومڤيس
|,rompi,رومڤي
|,rompok,رومڤوق
|,rompong,رومڤوڠ
|,romusa,روموسا
|,romusya,روموشا
|,rona,رونا
|,ronce,رونچي
|,roncet (runcit),رونچيت
|,ronda,روندا
|,rondaan,رونداءن
|,rondah,رونده
|,rondah-randih,رونده ـ رنديه
|,rondas,روندس
|,rondo,روندو
|,rondok,روندوق
|,roneo,رونيو
|,rong,روڠ
|,rongak,روڠق
|,rongga,روڠݢ
|,ronggang,روڠݢڠ
|,ronggeng,روڠݢيڠ
|,ronggok,روڠݢوق
|,rongkok,روڠکوق
|,rongkol,روڠکول
|,rongkong,روڠکوڠ
|,rerongkongan,رروڠکوڠن
|,rongkongan,روڠکوڠن
|,rongoh,روڠوه
|,rongok,روڠوق
|,rongong,روڠوڠ
|,rongos,روڠوس
|,rongrong,روڠروڠ
|,rongsok,روڠسوق
|,rongsokan,روڠسوقن
|,ronta,رونتا
|,rontaan,رونتاءن
|,rontek,رونتيق
|,rontok,رونتوق
|,ronyeh,روپيه
|,ronyoh,روپوه
|,ronyok,روپوق
|,ropak,روڤق
|,ropak-rapik,روڤق ـ راڤيق
|,ropol,روڤول
|,ros,روس
|,rosak,روسق
|,rosan,روسن
|,rosario,روساريو
|,rosbang (resbang),روسبڠ
|,roset,روسيت
|,rosok,روسوق
|,rosokan,روسوقن
|,rosot,روسوت
|,rosotan,روسوتن
|,rostrum,روستروم
|,rota,روتا
|,rotameter,روتاميتر
|,rotan,روتن
|,rotari,روتاري
|,roti,روتي
|,rotogravur,روتوݢراۏور
|,rotok,روتوق
|,rotor,روتور
|,rotorkraf,روتورکرف
|,rotunda,روتوندا
|,rouble,روبل
|,royak,رويق
|,royal,رويل
|,royalti,رويلتي
|,royan,روين
|,royong,رويوڠ
|,ru,رو
|,rua,روا
|,ruadat,روادة
|,ruah,رواه
|,ruah-ruah,رواه٢
|,ruai,رواي
|,ruak,رواق
|,ruak-ruak,رواق٢
|,ruam,روام
|,ruan,روان
|,ruang,رواڠ
|,ruangan,رواڠن
|,ruap,رواڤ
|,ruas,رواس
|,ruas-ruas,رواس٢
|,ruat,روات
|,ruatan,رواتن
|,ruba,روبا
|,ruba-ruba,روبا٢
|,rubah,روبه
|,rubai (sj tumbuhan),روباي
|,rubai (sj sajak),رباعي
|,rubait,روباءيت
|,ruban,روبن
|,rubarb,روبارب
|,rubela,روبيلا
|,rubiah,روبياه
|,rubidium,روبيديوم
|,rubik,روبيق
|,rubin,روبين
|,rubing,روبيڠ
|,rubrik,روبريق
|,ruble,روبل
|,rubu,روبو
|,rubu-raba,روبو ـ راب
|,rubung,روبوڠ
|,rucah (lucah),روچه
|,rudah (ruadat),روده
|,rudi,رودي
|,rudimen,روديمن
|,rudin,رودين
|,rudu,رودو
|,rudum,رودوم
|,rudus,رودوس
|,rugat,روݢت
|,rugi,روݢي
|,ruhban,رهبان
|,ruhbanat,رهبانة
|,ruhulkudus,روح القدس
|,ruing,روءيڠ
|,ruit,روءيت
|,rujah,روجه
|,ruji,روجي
|,ruji-ruji,روجي٢
|,rujuk,روجوع
|,rujukan,روجوعن
|,rukam,روکم
|,rukhsah,رخصة
|,rukiah,رقية
|,rukiat,رقية
|,ruku,روکو
|,ruku-ruku,روکو٢
|,rukuk,رکوع
|,rukun,روکون
|,rukyah,روءية
|,rukyatulhilal,روءية الهلال
|,rul,رول
|,rulus,رولوس
|,rum,روم
|,rumah,رومه
|,rumah-rumah,رومه٢
|,rumah-rumahan,رومه ـ رومهن
|,rumal,رومل
|,rumba,رومبا
|,rumbah,رومبه
|,rumbai,رومباي
|,rumbia,رومبيا
|,rumbing,رومبيڠ
|,rumbu,رومبو
|,rumbun,رومبون
|,rumbung,رومبوڠ
|,rumbung-rumbung,رومبوڠ٢
|,rumen,رومين
|,rumenia (rumia),رومنيا
|,rumi-rumi,رومي٢
|,rumia,روميا
|,rumiah (rumia),رومياه
|,ruminan,رومينن
|,rumit,روميت
|,rumpai,رومڤاي
|,rumpair,رومڤاءير
|,rumpang,رومڤڠ
|,rumpil,رومڤيل
|,rumpun,رومڤون
|,rumput,رومڤوت
|,rerumputan,ررومڤوتن
|,rumputan,رومڤوتن
|,rumput-rampai,رومڤوت ـ رمڤاي
|,rumput-rumputan,رومڤوت ـ رومڤوتن
|,rumrum,رومروم
|,rumung,روموڠ
|,rumus,روموس
|,rumusan,روموسن
|,runcing,رونچيڠ
|,runcit,رونچيت
|,runding,رونديڠ
|,rundingan,رونديڠن
|,rundu,روندو
|,runduk,روندوق
|,rundung,روندوڠ
|,rung,روڠ
|,rungas,روڠس
|,runggas,روڠݢس
|,runggau,روڠݢاو
|,runggu,روڠݢو
|,runggu-rangga,روڠݢو ـ رڠݢ
|,rungguh,روڠݢوه
|,rungguhan,روڠݢوهن
|,runggun,روڠݢون
|,rungkai,روڠکاي
|,rungkap,روڠکڤ
|,rungkas,روڠکس
|,rungkau,روڠکاو
|,rungkuh,روڠکوه
|,rungkun,روڠکون
|,rungkup,روڠکوڤ
|,rungrum (rumrum),روڠروم
|,rungus,روڠوس
|,rungut,روڠوت
|,rungutan,روڠوتن
|,runjam (hunjam),رونجم
|,runjang,رونجڠ
|,runjau,رونجاو
|,runjun,رونجون
|,runjung,رونجوڠ
|,runsing,رونسيڠ
|,runtai (untai),رونتاي
|,runtas,رونتس
|,runti,رونتي
|,runtih,رونتيه
|,runtuh,رونتوه
|,reruntuhan,ررونتوهن
|,runtuhan,رونتوهن
|,runtuk (reruntuk),رونتوق
|,runtun,رونتون
|,runtunan,رونتونن
|,runtut,رونتوت
|,runtutan,رونتوتن
|,runut,رونوت
|,runyam,روپم
|,runyas,روپس
|,runyut,روپوت
|,ruok (ruap),رووق
|,rupa,روڤا
|,rupa-rupa,روڤا٢
|,rupa-rupaan,روڤا ـ روڤاءن
|,rupawan,روڤاون
|,rupal,روڤل
|,rupi,روڤي
|,rupiah,روڤياه
|,rupuh,روڤوه
|,rupung,روڤوڠ
|,ruruh,روروه
|,rurut,روروت
|,rusa,روسا
|,rusa-rusa,روسا٢
|,rusam,روسم
|,rusih,روسيه
|,rusuh,روسوه
|,rusuhan,روسوهن
|,rusuk,روسوق
|,rut,روت
|,rutai,روتاي
|,rutbir,روتبير
|,rutenium,روتينيوم
|,ruterfordium,روترفورديوم
|,rutin,روتين
|,rutu (rutuk),روتو
|,rutuk,روتوق
|,rutup,روتوڤ
|,ruwat,رووات
|,ruwet (ruwat),رووت
|,ruwin,رووين
|,ruyung,رويوڠ
|,ruyup,رويوڤ
|,
