|,syiwaratri,شيوارتري
|,syamanisme,شامنيسمى
|,sweepstake,سويايڤستاك
|,swastiastu,سواستياستو
|,swasembada,سواسمباد
|,swarabakti,سوارابقتي
|,swap,سواڤ
|,swakendali,سواكندالي
|,swadistribusi,سواديثتريبوسي
|,suwandi,سوواندي
|,sutra,سوترا
|,susubundar,سوسوبوندر
|,suryasengkala,سورياسڠكالا
|,surya,سوريا
|,surveilans,سورۏيالنس
|,surung,سوروڠ
|,suruk-surukan,سوروق-سوروكن
|,sura,سور
|,suprasasti,سوڤراسستي
|,suprarenal,سوڤرارينل
|,supraalami,سوڤراعالمي
|,supra,سوڤرا
|,supervisor,سوڤرۏيسور
|,supersensitif,سوڤرسينسيتيف
|,supersemar,سوڤرسمار
|,supersaturasi,سوڤرساتوراسي
|,supermewah,سوڤرميواه
|,superlunar,سوڤرلونر
|,superintensif,سوڤراينتنسيف
|,superdamai,سوڤرداماي
|,supercepat,سوڤرچڤت
|,superbenua,سوڤربنوا
|,super,سوڤر
|,sundul,سوندول
|,sunda,سوندا
|,sunatullah,سنةالله
|,summa,سومم
|,sumilangen,سوميلڠين
|,sumedang,سومدڠ
|,sumbawa,سومباوا
|,sumatra,سومترا
|,sumarum,سومروم
|,sulforafan,سولفورافن
|,sulfolipid,سولفوليڤيد
|,sulfhidril,سولفهيدريل
|,sulfanilamida,سولفنالميدا
|,suklapaksa,سوكلاڤك سا
|,sujan,سوجن
|,sufah,سوفه
|,subyektivisme,سوبييكتيۏيسمى
|,substitusi,سوبستيتوسي
|,substituen,سوبستيتوان
|,substandar,سوبستندر
|,subsosialitas,سوبسوسيعليتس
|,suborganisasi,سوبورڬانيساسي
|,subluksasi,سوبلوقساسي
|,subjektivitas,سوبجيكتيۏيتس
|,subjektivisme,سوبجيكتيۏيسمى
|,subirigasi,سوبيريڬسي
|,subduksi,سوبدوكسي
|,subdirektorat,سوبديريكتورات
|,sub,سوب
|,stringendo,ستريڠندو
|,stratovolkano,ستراتوۏولكانو
|,stratosfer,ستراتوسفير
|,stratokumulus,ستراتوكومولوس
|,strabotomi,سترابوتومي
|,stoliditas,ستوليديتس
|,stoikiometrik,ستوايكياوميتريك
|,stipendium,ستيڤندياوم
|,stimulator,ستيمولاتور
|,stimulatif,ستيمولاتيف
|,stimulan,ستيمولن
|,stilistika,ستيليستيكا
|,stigmatofilia,ستيڬماتوفيليا
|,steviosida,ستيۏيوسيدا
|,sterilitas,ستيريليتس
|,stereotipikal,ستيريوتيڤيكل
|,stereomorf,ستيريوموف
|,stereograf,ستيريوڬرف
|,stereofoni,ستيريوفوني
|,stenotopik,ستينوتوڤيك
|,stenoid,ستينواد
|,stenohalin,ستينوهلين
|,stenofobia,ستينوفوبيا
|,stegofilia,ستيڬوفيليا
|,stauroskop,ستااوروسكوڤ
|,statistika,ستاتيستيكا
|,station,ستاتياون
|,stasiun,ستاسيون
|,stasioneri,ستاسيونارا
|,standar,ستندر
|,stalinisme,ستالينيسمى
|,stalagmometri,ستالاڬموميتري
|,stafilitis,ستافيليتيس
|,stabilitas,ستابيليتس
|,srikaya,سريكيا
|,srigunting,سريڬونتيڠ
|,spot,سڤوت
|,sporosista,سڤوروسيستا
|,sponsor,سڤونسور
|,spons,سڤونس
|,spirometri,سڤيروميتري
|,spiritualitas,سڤيريتوعليتس
|,spiral,سڤيرال
|,spermisida,سڤيرميسيدا
|,spermatofobia,سڤيرماتوفوبيا
|,spermasida,سڤيرماسيدا
|,spermaseti,سڤيرماسيتي
|,spektogram,سڤيكتوڬرام
|,spektograf,سڤيكتوڬرف
|,spedometer,سڤيدوميتر
|,specie,سڤيچياي
|,spasefobia,سڤسيفوبيا
|,spaning,سڤنيڠ
|,spagetifikasi,سڤاڬيتيفيكسي
|,soul,سوال
|,souci,سواوچي
|,sotto,سوتتو
|,sosionasional,سوسيوناسيونل
|,sosiokultural,سوسيوكولتورل
|,sosiofobia,سوسيوفوبيا
|,sonokeling,سونوكليڠ
|,sonok,سونوق
|,sonde,سوند
|,somnifobia,سومنيفوبيا
|,somatologi,سومتولوڬي
|,somatogenesis,سومتوڬينيسيس
|,somatis,سومتيس
|,somatik,سومتيق
|,sollen,سوللن
|,solarigraf,سولريڬرف
|,sodomasosisme,سودومساوسيسم
|,sodok-sodokan,سودوق-سودوكن
|,sobek-sobekan,سوبيق-سوبيكن
|,snellen,سنيللن
|,smes,سمىس
|,sluri,سلوري
|,slamet,سلمايت
|,skorpion,سكورڤيون
|,skopometer,سكوڤاوميتر
|,skopofobia,سكوڤاوفوبيا
|,skolastisi,سكولستيسي
|,skenografi,سكينوڬرافي
|,skeneri,سكينيري
|,sivilisasi,سيۏيليساسي
|,sitrometer,سيتروميتر
|,sitotoksin,سيتوتوكسين
|,sitotoksik,سيتوتوكسيك
|,sitosterol,سيتوستيرول
|,sitasi,سيتسي
|,sitae,سيتاي
|,sistostomi,سيستوستومي
|,sistematisasi,سيستيماتيسسي
|,siskamling,سيسكمليڠ
|,sirus,سيروس
|,sirop,سيروڤ
|,sirkusitas,سيركوسيتس
|,sirkumsisi,سيركومسيسي
|,sirkumfiks,سيركومفيكس
|,siringitis,سيريڠاتيس
|,sirai,سيراي
|,sipit,سيڤيت
|,siperaseae,سيڤراساي
|,sinyokolas,سيڽوكولس
|,sinyalemen,سيڽليمين
|,sinterklas,سينتركلاس
|,sintaks,سينتكس
|,sinsepalus,سينسيڤلوس
|,sinse,سينس
|,sinoptis,سينوڤتيس
|,sinografer,سينوڬرافير
|,sinoesisme,سينوايسيسمى
|,sinistrofobia,سينيستروفوبيا
|,singularis,سيڠولاريس
|,singkawang,سيڠكاوڠ
|,singkal,سيڠكل
|,singgasana,سيڠڬسان
|,singapura,سيڠاڤورا
|,sinetron,سينترون
|,sinestesia,سينستيسيا
|,sinergetik,سينرڬيتيق
|,sinemaskop,سينمسكوڤ
|,sindikat,سينديكت
|,sinar-suminar,سينر-سومينر
|,simtomatologi,سيمتوماتولوڬي
|,simtomatis,سيمتوماتيس
|,simtomatik,سيمتوماتيق
|,simpur,سيمڤور
|,simplistis,سيمڤليستيس
|,simplikasi,سيمڤليكسي
|,simalungun,سيمالوڠون
|,simalakama,سيمالاكم
|,silvi,سيلۏي
|,silir-semilir,سيلير-سميلير
|,silindroid,سيليندرواد
|,silempukau,سيليمڤوكاو
|,silampukau,سيلمڤوكاو
|,silabogram,سيلابوڬرام
|,sikut-sikutan,سيكوت-سيكوتن
|,siksaan,سيكسأن
|,siklus,سيكلوس
|,siklositik,سيكلوسيتيق
|,siklolisis,سيكلوليسيس
|,siklofobia,سيكلوفوبيا
|,siketumbak,سيكيتومبق
|,signoid,سيڬنواد
|,sigmund,سيڬموند
|,sidik,صدق
|,sideroblas,سيدروبلس
|,sideris,سيدريس
|,sic,سيچ
|,sibela,سيبلا
|,siarkan,سياركن
|,sianometer,سيناوميتر
|,sianok,سيناوق
|,sianofobia,سيناوفوبيا
|,siagha,سياغا
|,shitake,شيتقاي
|,sfingosina,سفيڠوسينا
|,sfingofili,سفيڠوفيلي
|,sfigmograf,سفيڬموڬرف
|,seyogianya,سيوڬيانيا
|,sewot-sewotan,سووت-سووتن
|,setungging,ستوڠڬيڠ
|,setumpu,ستومڤو
|,setrika,سيتريك
|,setormking,ستورمكيڠ
|,setoking,ستوكيڠ
|,setidaknya,ستيدقڽ
|,seterusnya,ستروسڽ
|,seterpuruk,سترڤوروق
|,setanjakan,ستانجكن
|,setanda,ستاندا
|,sesuang-suang,سسواڠ-سواڠ
|,sesebentar,سسبنتر
|,sesayup-sayup,سسيوڤ-سايوڤ
|,sesatif,سستيف
|,servisitis,سرۏيسيتيس
|,seruloplasmin,سرولوڤلسمين
|,sertifikat,سرتيفيكات
|,serpentina,سرڤنتينا
|,serotong,سروتوڠ
|,serosum,سروسوم
|,serikat,سريكت
|,seri,سري
|,serentetan,سرنتتن
|,seremonial,سرمونيال
|,serebrospinal,سربروسڤينل
|,serebri,سربري
|,serbausaha,سرباوسها
|,serbasusah,سرباسوسه
|,serbasalah,سرباسله
|,serbarumah,سربارومه
|,serbaputih,سرباڤوتيه
|,serbamacam,سربامچم
|,serbakeemasan,سرباكيامسان
|,serbaindah,سرباينداه
|,serbaguna,سرباڬونا
|,serba-sedikit,سربا-سديكيت
|,serap,سراڤ
|,serani,سراني
|,serang,سراڠ
|,septik,سيڤتيق
|,sepinggang,سڤيڠڬڠ
|,sepertinya,سڤرتيڽ
|,sepertanak,سيڤيرتانق
|,seperlunya,سيڤيرلوڽ
|,sepengetahuan,سڤڠتاهوان
|,sepatutnya,سڤاتوتڽ
|,sepata,سڤات
|,sepak,سيڤق
|,sepah,سيڤه
|,sentani,سنتني
|,sentakan,سنتكن
|,sentak,سنتق
|,senioritas,سنياوريتس
|,sengkulun,سڠكولون
|,senggiling,سڠڬيليڠ
|,senget-menget,سيڠيت-مڠت
|,sengar-sengir,سڠر-سڠير
|,sengangkar,سڠڠكر
|,sendratari,سيندراتاري
|,sende,سيندي
|,senapan,سناڤن
|,sempana,سمڤان
|,semitablet,سميتبليت
|,semipermeabel,سميڤرمابيل
|,semiovipar,سمياوۏيڤر
|,seminau,سمينااو
|,semilih,سميليه
|,semestinya,سمستيڽ
|,semesteran,سمستيرن
|,semeru,سمرو
|,semerta-merta,سمرتا-مرتا
|,semerawang,سمراوڠ
|,sembur-sembur,سمبور-سمبور
|,sembrani,سمبراني
|,semanis-manis,سمناس-مانيس
|,semang-semang,سمڠ-سمڠ
|,semalakama,سمالكام
|,semaksimalnya,سمكسيمالڽ
|,semak,سيمق
|,selurusnya,سلوروسڽ
|,selungkang,سلوڠكڠ
|,selundupan,سلوندوڤن
|,seluncuran,سلونچورن
|,seluk-semeluk,سلوق-سملوق
|,selot,سلوت
|,selonjoran,سلونجورن
|,selesma,سلسما
|,selenosistein,سلنوسيستيئن
|,selenoprotein,سلنوڤروتيئن
|,selempang,سليمڤڠ
|,selekasnya,سليكسڽ
|,selebritis,سلبريتيس
|,selebritas,سلبريتس
|,selebihnya,سلبيهڽ
|,selayaknya,سلايقڽ
|,selang-seling,سلاڠ-سليڠ
|,sekuler,سكولر
|,sekuasanya,سكواساڽ
|,sekstiliun,سيك ستيلياون
|,seksologis,سيكسولوڬيس
|,seksofobia,سيكسوفوبيا
|,seksmaniak,سيك سمانياق
|,sekrup,سكروڤ
|,sekket,سككيت
|,sekertaris,سكرتاريس
|,sekerindangan,سكرينداڠن
|,sekengkeng,سكڠكڠ
|,sekaya,سكايا
|,sekar,سكر
|,sekadau,سكاداو
|,sejamaknya,سجمعڽ
|,seismologiwan,سإيسمولوڬيوان
|,seismik,سإيسميق
|,sein,سإين
|,sehat,سهات
|,seharusnya,سهاروسڽ
|,segregatif,سيڬريڬتيف
|,segmentasi,سيڬمنتاسي
|,segamblang,سڬامبلڠ
|,sefrustasi,سيفروستاسي
|,sefalopoda,سيفلوڤودا
|,seekonomis,سايكونوميس
|,sedisiplin,سديسيڤلين
|,sedirus,سديروس
|,sedimentologi,سديمينتولاوڬي
|,sedimenter,سديمنتر
|,sediktator,سديقتاتور
|,sedikitnya,سديكيتڽ
|,sedermawan,سدرماوان
|,sederiah,سدريه
|,sedelegasi,سدلڬسي
|,sedan,سدان
|,secukupnya,سچوكوڤڽ
|,secercah,سچرچاه
|,secepatnya,سچڤتڽ
|,secendekia,سچندكيا
|,secanggung,سچاڠڬوڠ
|,seblat,سبلت
|,seblang,سبلڠ
|,sebetulnya,سبتولڽ
|,sebenarnya,سبنرڽ
|,sebayau,سباياو
|,sebaruk,سباروك
|,sebar,سبار
|,sebaliknya,سباليقڽ
|,sebaju,سباجو
|,seasosiasi,سأسوسياسي
|,seartistik,سأرتيستيك
|,seangkring,سأڠكريڠ
|,seandainya,سأندايڽ
|,seafiliasi,سأفيلياسي
|,schutzstaffel,سچوتزستاففيل
|,sawahlunto,ساوهلونتو
|,savante,ساۏانت
|,sauvinisme,ساءوۏينيسمى
|,satyagraha,ستياڬرحا
|,satire,ساتيري
|,satanologi,ستناولوڬي
|,satai,ساتا
|,sastra,سسترا
|,sasirangan,ساسيراڠن
|,sasarannya,ساسرنڽ
|,sasana,ساسنا
|,sarolangun,سارولاڠون
|,sarkotesta,سركوتيستا
|,sarkopenia,سركوڤينيا
|,sarkokauli,سركوكااولي
|,sarkofilia,سركوفيليا
|,sarkofagus,سركوفڬوس
|,sarkoderma,سركوديرم
|,sarigunung,ساريڬونوڠ
|,saraf,ساراف
|,saputangan,ساڤوتاڠن
|,santriwati,سنتريواتي
|,sansekerta,سنسكرتا
|,sans,سنس
|,sani,سني
|,sanguinis,ساڠواينس
|,sanguikola,ساڠوايكولا
|,sangsangluang,سڠسڠلواڠ
|,sandai,سانداي
|,sanang,سننڬ
|,samudra,سامودرا
|,sampurasun,سمڤوراسون
|,sampling,سمڤليڠ
|,sambao,سمبااو
|,salto,سلتو
|,salinisasi,سالينيسسي
|,salik,ساليق
|,saleh,صالح
|,salat,صلاة
|,saksofonis,سقسوفونيس
|,sakramentalia,سقرامينتلاي
|,sakralitas,سقراليتاس
|,sakit-sakitan,ساكيت-ساكيتن
|,sakelar,ساكيلر
|,sajadah,ساجده
|,sagitarius,ساڬيتاريوس
|,sagir,ساڬير
|,safir,صفير
|,safinatunajah,صفيناتوناجاه
|,safar,صفر
|,sadomasokisme,سادومساوكيسم
|,sadarkan,سادركن
|,sabrina,صبرينا
|,sabit,سابيت
|,sabilillah,سبيلاله
seperadian,سڤرادين
|,seadil-adil,سعاديل ـ عاديل
|,seperaduan,سڤرادوان
|,seadunan,سأدونن
|,seagak,سأݢق
|,seagak-agak,سأݢق ـ اݢق
|,seagama,سأݢام
|,seagenda,سأݢيندا
|,seagung,سأݢوڠ
|,sepengairan,سڤڠاءيرن
|,sepengajaran,سڤڠاجرن
|,seakal,سعقل
|,seakal-akal,سعقل ـ عقل
|,seakan-akan,سأکن ـ اکن
|,seaktif,سأکتيف
|,sealak-alak,سألق ـ الق
|,sealam,سعالم
|,sealaman,سعالمن
|,sepengalaman,سڤڠالمن
|,sealamat,سعلامت
|,sealiran,سأليرن
|,sealunan,سألونن
|,sealur,سألور
|,sealuran,سألورن
|,seaman,سأمان
|,seamanah,سأمانه
|,seambilan,سأمبيلن
|,seangin,سأڠين
|,seangka,سأڠک
|,seangkatan,سأڠکتن
|,seperangkat,سڤراڠکت
|,seperangkatan,سڤراڠکتن
|,seantero,سأنتيرو
|,searah,سأره
|,seasal,سأصل
|,seayah,سأيه
|,seayapan,سأيڤن
|,sebabak,سبابق
|,sebabat,سبابت
|,sebagai,سباݢاي
|,sebagaimana,سباݢايمان
|,sebahagian,سبهاݢين
|,sebahawa,سبهاوا
|,sebaik,سباءيق
|,sebaik-baik,سباءيق ـ باءيق
|,saki-baki,ساقي ـ باقي
|,sebakul,سباکول
|,sebalai,سبالاي
|,sebalik,سباليق
|,sebanding,سبنديڠ
|,sebandung,سباندوڠ
|,sebangsa,سبڠسا
|,sebanjar,سبنجر
|,sebantal,سبنتل
|,sebantun,سبنتون
|,sebanyak,سباپق
|,sebapa,سباڤ
|,sebarangan,سبارڠن
|,sembarang,سمبارڠ
|,sembarangan,سمبارڠن
|,sebaris,سباريس
|,sebatang,سباتڠ
|,sebati,سباتي
|,sebatian,سباتين
|,sebau,سباءو
|,sebauran,سباءورن
|,sepembawa,سڤمباوا
|,sepembawaan,سڤمباواءن
|,sebawah,سباوه
|,sebawahan,سباوهن
|,sebaya,سباي
|,sebebal,سببل
|,sebebal-bebal,سببل ـ ببل
|,sebeca,سبيچا
|,sebecak,سبيچق
|,sepembedil,سڤمبديل
|,sebegini,سبݢيني
|,sebegitu,سبݢيتو
|,sebekas,سبکس
|,sebelah,سبله
|,sebelah-menyebelah,سبله ـ مپبله
|,sebelas,سبلس
|,sebelum,سبلوم
|,sebenar,سبنر
|,sebenar-benar,سبنر ـ بنر
|,sebentar,سبنتر
|,sebentar-sebentar,سبنتر٢
|,sebentuk,سبنتوق
|,seberapa,سبراڤ
|,seberat,سبرت
|,seberinda,سبريندا
|,seberkas,سبرکس
|,sebesar,سبسر
|,sebetul,سبتول
|,sebidang,سبيدڠ
|,sebijak,سبيجق
|,sebiji,سبيجي
|,sebilah,سبيله
|,sebilang,سبيلڠ
|,sebilangan,سبيلڠن
|,sebilik,سبيليق
|,sebintang,سبينتڠ
|,sebodoh-bodoh,سبودوه ـ بودوه
|,seboleh-boleh,سبوليه ـ بوليه
|,sebuah,سبواه
|,sesebuah,سسبواه
|,sebudi,سبودي
|,sebukan,سبوکن
|,sebuku,سبوکو
|,sebulan,سبولن
|,sebulat,سبولت
|,sebulu,سبولو
|,sebungkal,سبوڠکل
|,sebungkus,سبوڠکوس
|,sebunyi,سبوپي
|,seburuk,سبوروق
|,sebusuk,سبوسوق
|,sebutir,سبوتير
|,secampin,سچمڤين
|,secanggih,سچڠݢيه
|,secantik,سچنتيق
|,sepencapai,سڤنچاڤاي
|,secara,سچارا
|,sepencarian,سڤنچارين
|,secebir,سچبير
|,secebis,سچبيس
|,sececah,سچچه
|,secekak,سچکق
|,secekap,سچکڤ
|,secekut,سچکوت
|,secepat,سچڤت
|,secocok,سچوچوق
|,secolek,سچوليق
|,secomel,سچوميل
|,secubit,سچوبيت
|,secucuk,سچوچوق
|,secuil,سچوءيل
|,secukup,سچوکوڤ
|,sedaerah,سداءيره
|,sedaging,سداݢيڠ
|,sedahan,سداهن
|,sependakap,سڤندکڤ
|,sedalam,سدالم
|,sedamping,سدمڤيڠ
|,sedangkal,سدڠکل
|,sedapat,سداڤت
|,sependapat,سڤنداڤت
|,sedarah,سداره
|,sedari,سدري
|,sedarjah,سدرجه
|,sedarjat,سدرجت
|,sedarun,سدارون
|,sedas,سدس
|,sedatar,سداتر
|,sedaya,سداي
|,sependekap,سڤندکڤ
|,sedemikian,سدمکين
|,sedening,سدنيڠ
|,sederam,سدرم
|,sederap,سدرڤ
|,sederas,سدرس
|,sederet,سديريت
|,sederum,سدروم
|,sediam,سديام
|,sedikit-sedikit,سديکيت٢
|,sedingin,سديڠين
|,sependiri,سڤنديري
|,sependirian,سڤنديرين
|,sedondon,سدوندون
|,seperdua,سڤردوا
|,sekedudukan,سکدودوقن
|,seduit,سدوءيت
|,sedunia,سدنيا
|,seekar,سأيکر
|,seekor,سأيکور
|,seelok,سأيلوق
|,seelok-elok,سأيلوق ـ ايلوق
|,seperempat,سڤرامڤت
|,seenak,سأينق
|,seperenam,سڤرانم
|,seerti,سأرتي
|,sefaham,سفهم
|,sefahaman,سفهمن
|,sefikiran,سفيکيرن
|,segagah,سݢاݢه
|,segagau,سݢاݢاو
|,segala-gala,سݢالا ـ ݢالا
|,sepenggalah,سڤڠݢاله
|,seganas,سݢانس
|,seganding,سݢانديڠ
|,segantang,سݢنتاڠ
|,segarang,سݢارڠ
|,segatal,سݢاتل
|,segawat,سݢاوت
|,segeblok,سݢبلوق
|,segelap,سݢلڤ
|,segelas,سݢلس
|,segelintir,سݢلينتير
|,segenap,سݢنڤ
|,segendang,سݢندڠ
|,segenggam,سݢڠݢم
|,segenting,سݢنتيڠ
|,segepuk,سݢڤوق
|,segerak,سݢرق
|,segiat,سݢيات
|,segigih,سݢيݢيه
|,segila,سݢيلا
|,segirang,سݢيرڠ
|,segombang,سݢومبڠ
|,segugup,سݢوݢوڤ
|,segugus,سݢوݢوس
|,seguna,سݢونا
|,seguni,سݢوني
|,sehabis,سهابيس
|,sehabis-habis,سهابيس ـ هابيس
|,sehala,سهالا
|,sehaluan,سهلوان
|,sehalus,سهالوس
|,sehamparan,سهمڤرن
|,sehancing,سهنچيڠ
|,sehancur,سهنچور
|,sehandal,سهندل
|,sehangat,سهاڠت
|,sehangit,سهاڠيت
|,sehanyir,سهاپير
|,seharga,سهرݢ
|,sehari,سهاري
|,seharian,سهارين
|,sehari-hari,سهاري ـ هاري
|,sehari-harian,سهاري ـ هارين
|,seharum,سهاروم
|,sehasta,سهستا
|,sehati,سهاتي
|,sehebat,سهيبت
|,sehektar,سهيکتر
|,sehelai,سهلاي
|,sekehendak,سکهندق
|,sehening,سهنيڠ
|,sehenti,سهنتي
|,sehidangan,سهيدڠن
|,sehidup,سهيدوڤ
|,sehilir,سهيلير
|,sehina,سهينا
|,sehingga,سهيڠݢ
|,sehinggakan,سهيڠݢاکن
|,sehiris,سهيريس
|,sehitam,سهيتم
|,sehodoh,سهودوه
|,sehubungan,سهوبوڠن
|,sehujan,سهوجن
|,seia,سأيا
|,seibu,سأيبو
|,seikhwan,سأخوان
|,seiklim,سأقليم
|,seimbang,سأيمبڠ
|,seimbas,سأيمبس
|,seinci,سأينچي
|,seperinduk,سڤرايندوق
|,seingat,سأيڠت
|,seingat-ingat,سأيڠت ـ ايڠت
|,seirama,سأيراما
|,seiras,سأيرس
|,seiring,سأيريڠ
|,seizin,سأيذين
|,sejabat,سجابت
|,sejabatan,سجابتن
|,sepejabat,سڤجابت
|,sejadi-jadi,سجادي ـ جادي
|,sejagat,سجاݢت
|,sejahat-jahat,سجاهت ـ جاهت
|,sejahil,سجاهيل
|,sejahil-jahil,سجاهيل ـ جاهيل
|,sejajar,سجاجر
|,sejalan,سجالن
|,sejalur,سجالور
|,sejam,سجم
|,sejamang,سجامڠ
|,sejambak,سجامبق
|,sejambar,سجمبر
|,sejangkauan,سجاڠکاوان
|,sepenjangkauan,سڤنجاڠکاوان
|,sejantina,سجنتينا
|,sejarak,سجارق
|,sejarang,سجارڠ
|,sejari,سجاري
|,sejaring,سجاريڠ
|,sejarum,سجاروم
|,sejati,سجاتي
|,sejauh,سجاءوه
|,sejawat,سجاوت
|,sejawatan,سجاوتن
|,sejaya,سجاي
|,sejemba,سجمبا
|,sejemput,سجمڤوت
|,sejenak,سجنق
|,sejenama,سجنام
|,sejenang,سجنڠ
|,sejengkal,سجڠکل
|,sejenis,سجنيس
|,sejentik,سجنتيق
|,sejeput,سجڤوت
|,sejerat,سجرت
|,sejernih,سجرنيه
|,sejilid,سجيليد
|,sejinak,سجينق
|,sejiwa,سجيوا
|,sejodoh,سجودوه
|,sejoli,سجولي
|,sejonjot,سجونجوت
|,sejoran,سجورن
|,sejoreng,سجوريڠ
|,seperjuangan,سڤرجواڠن
|,sejujur,سجوجور
|,sejujur-jujur,سجوجور ـ جوجور
|,sepenjulat,سڤنجولت
|,sejumlah,سجومله
|,sijundai,سيجونداي
|,sejuring,سجوريڠ
|,sejurus,سجوروس
|,sejuta,سجوتا
|,sejuz,سجزء
|,sejuzuk,سجزوء
|,sekacak,سکاچق
|,sekacukan,سکاچوقن
|,sekad,سکد
|,sekadar,سقدر
|,sekadar-kadaran,سقدر ـ قدرن
|,sekadarkan,سقدرکن
|,sekadim,سکاديم
|,sekail,سکاءيل
|,sekain,سکاءين
|,sekajang,سکاجڠ
|,sepengajian,سڤڠاجين
|,sekaki,سکاکي
|,sekal,سکل
|,sekala,سکالا
|,sekali,سکالي
|,sekalian,سکالين
|,sekali-kali,سکالي ـ کالي
|,sekalipun,سکاليڤون
|,sekali-sekala,سکالي ـ سکالا
|,sekali-sekali,سکالي٢
|,sesekali,سسکالي
|,sekalori,سکالوري
|,sekalung,سکالوڠ
|,sekamar,سکامر
|,sekambut,سکامبوت
|,sekampil,سکمڤيل
|,sekampit,سکامڤيت
|,sekampung,سکامڤوڠ
|,seperkampungan,سڤرکامڤوڠن
|,sekandang,سکاندڠ
|,sekandar,سکندر
|,sekandung,سکاندوڠ
|,sekangkang,سکڠکڠ
|,sekapal,سکاڤل
|,sekapur,سکاڤور
|,sekarangan,سکارڠن
|,sekata,سکات
|,sekatil,سکاتيل
|,sekaum,سقوم
|,sekawan,سکاون
|,sekayu,سکايو
|,sekebal,سکبل
|,sekebat,سکبت
|,sekeceng,سکيچيڠ
|,sekecil,سکچيل
|,sekecil-kecil,سکچيل ـ کچيل
|,sekedai,سکداي
|,sekejam,سکجم
|,sekejaman,سکجمن
|,sekejap,سکجڤ
|,sekeji,سکجي
|,sekelambu,سکلمبو
|,sekelamin,سکلامين
|,sekelap,سکلڤ
|,sekelas,سکلس
|,sekelebat,سکليبت
|,sekelebatan,سکليبتن
|,sekelibat,سکليبت
|,sekeliling,سکليليڠ
|,sekelip,سکليڤ
|,sekelompok,سکلومڤوق
|,sekelonet,سکلونيت
|,sekelopak,سکلوڤق
|,sekeluarga,سکلوارݢ
|,sekelumit,سکلوميت
|,sekemas,سکمس
|,sekembali,سکمبالي
|,sekembang,سکمبڠ
|,sekencang,سکنچڠ
|,sekendang,سکندڠ
|,sekenyang,سکپڠ
|,sekepal,سکڤل
|,sekeras,سکرس
|,sekeras-keras,سکرس ـ کرس
|,sekerat,سکرت
|,sekerja,سکرجا
|,sepekerjaan,سڤکرجاءن
|,sekerlip,سکرليڤ
|,seketeng,سکيتيڠ
|,seketika,سکتيک
|,seketil,سکتيل
|,seketul,سکتول
|,sekhemah,سخيمه
|,seperkhemahan,سڤرخيمهن
|,sekian,سکيان
|,sekian-sekian,سکيان٢
|,sekilap,سکيلڤ
|,sekilas,سکيلس
|,sekilat,سکيلت
|,sekilo,سکيلو
|,sekira,سکيرا
|,sekira-kira,سکيرا ـ کيرا
|,sekitar,سکيتر
|,sekitaran,سکيترن
|,sekiting,سکيتيڠ
|,sekolej,سکوليج
|,sekomeng,سکوميڠ
|,seperkongsian,سڤرکوڠسين
|,sekonyong-konyong,سکوپوڠ ـ کوپوڠ
|,sekotah,سکوته
|,sekotes,سکوتيس
|,sekuasa,سکواس
|,sekuat,سقوات
|,sekubit,سکوبيت
|,sekudung,سکودوڠ
|,sekufu,سکوفو
|,sekujur,سکوجور
|,sekujut,ڤڠوجوت
|,sekuku,سکوکو
|,sekukuh,سکوکوه
|,sekulit,سکوليت
|,sekumin,سکومين
|,sekumit,سکوميت
|,sekumpul,سکومڤول
|,sekumpulan,سکومڤولن
|,sekupu,سکوڤو
|,sekutil,سکوتيل
|,selagi,سلاݢي
|,selain,سلاءين
|,selaju-laju,سلاجو ـ لاجو
|,selaku,سلاکو
|,selama,سلاما
|,sepelambai,سڤلمباي
|,selambak,سلمبق
|,selambang,سلامبڠ
|,selancar,سلنچر
|,selangkah,سلڠکه
|,selangkas,سلڠکس
|,selanjar,سلنجر
|,selapik,سلاڤيق
|,selapisan,سلاڤيسن
|,selaras,سلارس
|,selari,سلاري
|,selarian,سلارين
|,sepelarian,سڤلارين
|,sepelaung,سڤلاءوڠ
|,sepelaungan,سڤلاءوڠن
|,selaur,سلاءور
|,selawa-lawa,سلاوا ـ لاوا
|,selayang,سلايڠ
|,sepelayaran,سڤلايرن
|,selazat-lazat,سلاذت ـ لاذت
|,selebar,سليبر
|,selebar-lebar,سليبر ـ ليبر
|,selebat-lebat,سلبت ـ لبت
|,selejang,سلجڠ
|,selekas,سلکس
|,selemak,سلمق
|,selembar,سلمبر
|,selembut,سلمبوت
|,sepelempar,سڤليمڤر
|,sepelemparan,سڤليمڤرن
|,selengkap,سلڠکڤ
|,selepas,سلڤس
|,selepas-lepas,سلڤس ـ لڤس
|,seliang,سلياڠ
|,selikur,سليکور
|,selilit,سليليت
|,seperlima,سڤرليم
|,selingkar,سليڠکر
|,selingkung,سليڠکوڠ
|,selingkungan,سليڠکوڠن
|,selintas,سلينتس
|,selipatan,سليڤتن
|,selirik,سليريق
|,sepeliuk,سڤليوق
|,selokap,سلوکڤ
|,selokek-lokek,سلوکيق ـ لوکيق
|,sepelompat,سڤلومڤت
|,sepelompatan,سڤلومڤتن
|,sepelontar,سڤلونتر
|,sepelontaran,سڤلونترن
|,selorong,سلوروڠ
|,selulus,سلولوس
|,selulusan,سلولوسن
|,selurus,سلوروس
|,selurusan,سلوروسن
|,semacam,سماچم
|,semahal,سماهل
|,semahu-mahu,سماهو ـ ماهو
|,sepermainan,سڤرماءينن
|,semajikan,سمجيکن
|,semaju,سماجو
|,semakin,سماکين
|,semaksud,سمقصود
|,semalam,سمالم
|,semalaman,سمالمن
|,semalam-malaman,سمالم ـ مالمن
|,semalu,سمالو
|,semarak,سمارق
|,semasa,سماس
|,semasa-masa,سماسا ـ ماس
|,semasak,سماسق
|,semasak-masak,سماسق ـ ماسق
|,semasih,سماسيه
|,semata,سمات
|,semata-mata,سماتا ـ مات
|,semati,سماتي
|,semeja,سميجا
|,semekar,سمکر
|,semena-mena,سمنا ـ منا
|,sementang,سمنتڠ
|,sementangkan,سمنتڠکن
|,sementang-mentang,سمنتڠ ـ منتڠ
|,semerah,سميره
|,semerdu,سمردو
|,semeriah,سمرياه
|,seminat,سمينت
|,seminggu-mingguan,سميڠݢو ـ ميڠݢوان
|,semisal,سميثل
|,semiskin-miskin,سميسکين ـ ميسکين
|,semodal,سمودل
|,semoga,سموݢ
|,semuafakat,سموافقت
|,semuat-muat,سموات ـ موات
|,semuka,سموک
|,sebermula,سبرمولا
|,semula,سمولا
|,semulut,سمولوت
|,semurah,سموره
|,semusim,سموسيم
|,senada,سنادا
|,senafas,سنفس
|,senama,سنام
|,senasib,سنصيب
|,senaskhah,سنسخه
|,senilai,سنيلاي
|,se-Nusantara,سنوسنتارا
|,senyawa,سپاوا
|,seolah-olah,سأوله ـ اوله
|,seorang,سأورڠ
|,seseorang,سسأورڠ
|,sepadan,سڤادن
|,sepadi,سڤادي
|,sepadu,سڤادو
|,sepagar,سڤاݢر
|,sepagi,سڤاݢي
|,sepagian,سڤاݢين
|,sepemagutan,سڤماݢوتن
|,sepahit,سڤاهيت
|,sepemakaian,سڤماکاين
|,sepakat,سڤاکت
|,sepala,سڤالا
|,sepala-pala,سڤالا ـ ڤالا
|,sepaling,سڤاليڠ
|,sepemanah,سڤمانه
|,sepanas,سڤانس
|,sepancar,سڤانچر
|,sepandai-pandai,سڤنداي ـ ڤنداي
|,sepemandangan,سڤمندڠن
|,sepandir,سڤندير
|,sepemanggil,سڤمڠݢيل
|,sepangkalan,سڤڠکلن
|,sepangkat,سڤڠکت
|,sepangkuan,سڤڠکوان
|,sepangsa,سڤڠسا
|,sepanjang,سڤنجڠ
|,sepanjang-panjang,سڤنجڠ ـ ڤنجڠ
|,sepantaran,سڤنتارن
|,sepantas-pantas,سڤانتس ـ ڤانتس
|,sepantun,سڤنتون
|,sepapan,سڤاڤن
|,separas,سڤارس
|,separuh,سڤاروه
|,sepasang,سڤاسڠ
|,sepasukan,سڤاسوقن
|,sepatah,سڤاته
|,sepayah-payah,سڤايه ـ ڤايه
|,sepedas,سڤدس
|,sepedih-pedih,سڤديه ـ ڤديه
|,sepekan,سڤکن
|,sepelempap,سڤلمڤڤ
|,sepemeluk,سڤملوق
|,sependek,سڤينديق
|,sepenggal,سڤڠݢل
|,sepenjara,سڤنجارا
|,sepenuh,سڤنوه
|,sepepak,سڤڤق
|,seperanan,سڤرانن
|,seperanggu,سڤرڠݢو
|,seperangguan,سڤرڠݢوان
|,seperangkat,سڤرڠکت
|,seperi-peri,سڤري ـ ڤري
|,seperintah,سڤرينته
|,seperkara,سڤرکارا
|,seperunjung,سڤرونجوڠ
|,seperunjungan,سڤرونجوڠن
|,seperut,سڤروت
|,sepeser,سڤيسير
|,sepetang-petangan,سڤتڠ ـ ڤتڠن
|,sepicing,سڤيچيڠ
|,sepicis,سڤيچيس
|,sepihak,سڤيهق
|,sepincang,سڤينچڠ
|,sepintar,سڤينتر
|,sepintas,سڤينتس
|,sepocong,سڤوچوڠ
|,sepokok,سڤوکوق
|,sepuas-puas,سڤواس ـ ڤواس
|,sepukal,سڤوکل
|,sepulang,سڤولڠ
|,sepuluh,سڤولوه
|,sepunya,سڤوپا
|,sepupu,سڤوڤو
|,sepusar,سڤوسر
|,sepusat,سڤوست
|,seputar,سڤوتر
|,seragam,سراݢم
|,seramai,سراماي
|,serambut,سرامبوت
|,serampak,سرمڤق
|,serancak,سرنچق
|,serangkai,سرڠکاي
|,serangkap,سرڠکڤ
|,seperangkul,سڤرڠکول
|,serangkum,سرڠکوم
|,serantau,سرنتاو
|,serasa,سراس
|,serasa-rasa,سراس ـ راس
|,serasi,سراسي
|,serata,سرات
|,seperatus,سڤراتوس
|,seratus,سراتوس
|,seraup,سراءوڤ
|,seraut,سراءوت
|,seredup,سردوڤ
|,serejang,سرجڠ
|,serempak,سرمڤق
|,serempung,سرمڤوڠ
|,serenceng,سرينچيڠ
|,serencengan,سرينچيڠن
|,serendah,سرنده
|,serentak,سرنتق
|,serenteng,سرينتيڠ
|,serenti,سرنتي
|,serenyuk,سرپوق
|,seresam,سرسم
|,seribu,سريبو
|,serima,سريما
|,serimis,سريميس
|,seringan,سريڠن
|,seringkas,سريڠکس
|,seriuh,سريوه
|,seriwayat,سريوايت
|,seroma,سروما
|,seroman,سرومن
|,serombongan,سرومبوڠن
|,serona,سرونا
|,serongkol,سروڠکول
|,serosak,سروسق
|,seperuah,سڤرواه
|,seruah,سرواه
|,seruas,سرواس
|,serugi,سروݢي
|,serumah,سرومه
|,serumpun,سرومڤون
|,seruntai,سرونتاي
|,serupa,سروڤا
|,serupaan,سروڤاءن
|,serupiah,سروڤياه
|,sa,سا
|,saadah,سعادة
|,saadat,سعادة
|,saat,ساعت
|,sesaat,سساعت
|,saba,ساب
|,sabah (syabah),سابه
|,sabak,سابق
|,saban,سابن
|,saban-saban,سابن٢
|,sabang,سابڠ
|,sabar,صبر
|,sabasani,ساباساني
|,sabat (pukul),سابت
|,sabayon,سبايون
|,sabatikal,ساباتيکل
|,sabda,سبدا
|,sabdu,سبدو
|,sabel,سابل
|,saben,سابن
|,sabet,سابت
|,sabi,سابي
|,sabil,سبيل
|,sabit (sj pisau),سابيت
|,sabit (nyata),ثابت
|,sabitan,ثابتن
|,sabitah,ثابتة
|,sabot,سابوت
|,sabotaj,سابوتج
|,sabotir,سابوتير
|,sabra,سبرا
|,sabugalit,سابوݢاليت
|,sabuk,سابوق
|,sabun,سابون
|,sabung,سابوڠ
|,sabungan,سابوڠن
|,sabung-menyabung,سابوڠ ـ مپابوڠ
|,sabur,سابور
|,sabur-menyabur,سابور ـ مپابور
|,sabut,سابوت
|,sad,صاد
|,sadah,ساده
|,sadai,ساداي
|,sadak,سادق
|,sadal (sadel),سادل
|,sadang,سادڠ
|,sadang-sading,سادڠ ـ ساديڠ
|,sadap,سادڤ
|,sadapan,سادڤن
|,sadar,صدر
|,sadariah,صدرية
|,sadarulkalam,صدر الکلام
|,sadau,ساداو
|,sadaya,سداي
|,sadel,سادل
|,saderi,سدري
|,sadik,صدق
|,sadin,سادين
|,sading,ساديڠ
|,sadir,سادير
|,sadis,ساديس
|,sadisme,ساديسمى
|,sado,سادو
|,sadu,سادو
|,sadung,سادوڠ
|,sadur,سادور
|,saduran,سادورن
|,saf,صف
|,safa,صفا
|,safan,صفا
|,safan-safa,صفا ـ صفا
|,safari,سافاري
|,safi,صفي
|,safih,سفيه
|,safil,سافيل
|,safilin,سافيلين
|,safron,سفرون
|,safsaf,صفصف
|,saga,ساݢ
|,sagai,ساݢاي
|,sagang,ساݢڠ
|,sagar,ساݢر
|,sagat,ساݢت
|,sage (sej),ساݢى
|,saghir,صغير
|,sagi (segi),ساݢي
|,saging,ساݢيڠ
|,sagu,ساݢو
|,saguir,ساݢوءير
|,sagun,ساݢون
|,sagun-sagun,ساݢون٢
|,sagur,ساݢور
|,sah,صح
|,sahabat,صحابت
|,sahaja,سهاج
|,saham,ساهم
|,sahan,ساهن
|,sahang,ساهڠ
|,sahap,ساهڤ
|,sahara,صحراء
|,saharah,سحاره
|,sahat,ساهت
|,sahaya,سهاي
|,sahayanda,سهايندا
|,sahi,ساهي
|,sahib,صاحب
|,sahibulfadilah,صاحب الفضيلة
|,sahibulhikayat,صاحب الحکاية
|,sahifah,صحيفة
|,sahih,صحيح
|,sahir,ساحر
|,sahmura,سهمورا
|,sahsiah,شخصية
|,sahur,سحور
|,sahut,ساهوت
|,sahutan,ساهوتن
|,sahut-menyahut,ساهوت ـ مپاهوت
|,sahwi,سهوي
|,sai,سعي
|,said,ساءيد
|,saidani,سيداني
|,saidi,سيدي
|,saif,سيف
|,saikad,سايکد
|,sain,ساءين
|,saing,ساءيڠ
|,saingan,ساءيڠن
|,saing-menyaing,ساءيڠ ـ مپاءيڠ
|,saing-menyaingi,ساءيڠ ـ مپاءيڠي
|,sesaing,سساءيڠ
|,sains,ساءينس
|,saintifik,ساءينتيفيک
|,saintis,ساءينتيس
|,sair,سعير
|,sais,ساءيس
|,sait,ساءيت
|,saiz,ساءيز
|,saja,ساج
|,sajak,ساجق
|,sajang,ساجڠ
|,sajen,ساجين
|,saji,ساجي
|,sajian,ساجين
|,sajid,ساجد
|,sajidun,ساجدون
|,sak,سق
|,saka,ساک
|,sakal,ساکل
|,sakan,ساکن
|,sakar,ساکر
|,sakarat,سکرة
|,sakaratulmaut,سکرة الموت
|,sakarida,ساکاريدا
|,sakarin,ساکارين
|,sakat,ساکت
|,sake,ساکي
|,sakhawat,سخاوة
|,sakhi,سخي
|,sakhlat,سخلت
|,sakhrat,صخرة
|,sakhsi (syakhsi),شخصي
|,saki,ساقي
|,saki-baki,ساقي ـ باقي
|,sakinah,سکينة
|,sakinat,سکينة
|,saking,ساکيڠ
|,sakit,ساکيت
|,sakral,سکرل
|,sakratulmaut,سکرة الموت
|,saksama,سقسام
|,saksi,سقسي
|,saksofon,سکسوفون
|,saktah,سکتة
|,sakti,سقتي
|,saku,ساکو
|,sakulus,ساکولوس
|,sakur,ساکور
|,sakura,ساکورا
|,sal,سل
|,sala,سالا
|,salad,سالد
|,salaf,سلف
|,salafiah,سلفية
|,salah,ساله
|,salah-salah,ساله٢
|,salai,سالاي
|,salaian,سالاين
|,salajur,سالاجور
|,salak,سالق
|,salakan,سالقن
|,salam,سلام
|,salamander,سلامندر
|,salambau,سالمباو
|,salami,سلامي
|,salang,سالڠ
|,salangkan,سالڠکن
|,salangkir,سلڠکير
|,salap,سالڤ
|,salasal,سلسل
|,salasilah,سلسيله
|,salat (solat),صلاة
|,salatin,سلاطين
|,salbi,صلبي
|,salbu (selebu),سلبو
|,saldo,سلدو
|,saleit,سالييت
|,sali,سالي
|,salib,صليب
|,salidak,ساليدق
|,salih,صالح
|,salihin,صالحين
|,salin,سالين
|,salinan,سالينن
|,sesalin,سسالين
|,saling,ساليڠ
|,salinometer,سالينوميتر
|,salip,ساليڤ
|,salir,سالير
|,saliran,ساليرن
|,sesaliran,سساليرن
|,salji,ثلجي
|,salju,ثلجو
|,sallallahualaihiwasallam,صلى الله عليه وسلم
|,salmon,سلمون
|,salmonela,سلمونيلا
|,salon,سالون
|,saluir,سالوءير
|,saluk,سالوق
|,salun,سالون
|,salung,سالوڠ
|,salur,سالور
|,saluran,سالورن
|,saluru,سلورو
|,salut,سالوت
|,salutan,سالوتن
|,salvo,سلۏو
|,sama,سام
|,sama-sama,سام٢
|,sesama,سسام
|,samad,صمد
|,samah,سامه
|,samah-samai,سامه ـ ساماي
|,samak,سامق
|,samampai,سممڤاي
|,saman,سامن
|,samar,سامر
|,samaran,سامرن
|,samar-samar,سامر٢
|,samara,سامارا
|,samarium,ساماريوم
|,samarskit,سامرسکيت
|,samas,سامس
|,samawi,سماوي
|,samba,سمبا
|,sambah,سمبه
|,sambah-sambah,سمبه٢
|,sambal,سمبل
|,sambal-sambalan,سمبل ـ سمبلن
|,sambalan,سمبلن
|,sambalewa,سمباليوا
|,sambang,سامبڠ
|,sambangan,سمبڠن
|,sambar,سامبر
|,sambaran,سمبرن
|,sambar-menyambar,سامبر ـ مپامبر
|,sambarana,سمباران
|,sambat,سمبت
|,sambatan,سمبتن
|,sambau,سمباو
|,samben,سمبين
|,samber,سمبر
|,sambet,سمبت
|,sambil,سمبيل
|,sambilan,سمبيلن
|,sambil-sambil,سمبيل٢
|,sambit,سمبيت
|,sambuk,سمبوق
|,sambung,سامبوڠ
|,sambungan,سامبوڠن
|,sambung-bersambung,سامبوڠ ـ برسامبوڠ
|,sambung-menyambung,سامبوڠ ـ مپامبوڠ
|,sesambungan,سسامبوڠن
|,sambur,سامبور
|,sambur-limbur,سامبور ـ ليمبور
|,sambut,سمبوت
|,sambutan,سمبوتن
|,sambut-menyambut,سمبوت ـ مپمبوت
|,samfu,سمفو
|,sami,سامي
|,samin,سامين
|,samir,سامير
|,samosa,ساموسا
|,sampa,سمڤا
|,sampah,سمڤه
|,sampah-sarap,سمڤه ـ سارڤ
|,sampai,سمڤاي
|,sampaian,سمڤاين
|,sampai-sampai,سمڤاي٢
|,sesampai,سسمڤاي
|,sesampainya,سسمڤايڽ
|,sampak,سامڤق
|,sampan,سمڤن
|,sampang,سامڤڠ
|,sampanyi,سمڤاپي
|,sampar,سمڤار
|,sampat,سامڤت
|,sampean,سمڤيان
|,sampel,سمڤل
|,samper,سمڤر
|,sampi,سامڤي
|,sampil,سامڤيل
|,samping,سمڤيڠ
|,sampingan,سمڤيڠن
|,sampir,سمڤير
|,sampiran,سمڤيرن
|,sampu,سمڤو
|,sampuk,سمڤوق
|,sampukan,سمڤوقن
|,sampul,سامڤول
|,sampun,سمڤون
|,sampur,سمڤور
|,samsam,سمسم
|,samseng,سمسيڠ
|,samsir,سمسير
|,samsu,سمسو
|,samudera,سمودرا
|,samukur,سموکور
|,samum,سموم
|,samun,سامون
|,samunan,سامونن
|,samurai,ساموراي
|,sana,سان
|,sanad,سند
|,sanak,سانق
|,sanan,سانن
|,sanat,سنة
|,sanatorium,ساناتوريوم
|,sanatu,سناتو
|,sanatulhujrah,سنة الهجرة
|,sanawi,ثانوي
|,sanbal,سنبل
|,sanca,سنچا
|,sanda,ساندا
|,sandak,ساندق
|,sandal,ساندل
|,sandang,ساندڠ
|,sandar,ساندر
|,sandaran,ساندرن
|,sandar-menyandar,ساندر ـ مپاندر
|,sandel,سندل
|,sandera,سندرا
|,sandi,ساندي
|,sanding,سنديڠ
|,sandingan,سنديڠن
|,sandiwara,سنديوارا
|,sando,ساندو
|,sandung,سندوڠ
|,sandungan,سندوڠن
|,sandwic,سندويچ
|,sang,سڠ
|,sanga,ساڠا
|,sangai,ساڠاي
|,sangap,ساڠڤ
|,sangapa,سڠاڤ
|,sangar,ساڠر
|,sangat,ساڠت
|,sangat-sangat,ساڠت٢
|,sangau,ساڠاو
|,sangga,سڠݢ
|,sanggah,سڠݢه
|,sanggahan,سڠݢهن
|,sanggam,سڠݢم
|,sanggama,سڠݢام
|,sanggan,سڠݢن
|,sanggar,سڠݢر
|,sanggat,سڠݢت
|,sanggep,سڠݢڤ
|,sanggerah,سڠݢره
|,sanggeraha,سڠݢرها
|,sanggit,سڠݢيت
|,sanggul,سڠݢول
|,sanggup,سڠݢوڤ
|,sanggurdi,سڠݢوردي
|,sangih,ساڠيه
|,sangina,ساڠينا
|,sangir,ساڠير
|,sangit,ساڠيت
|,sangka,سڠک
|,sangkaan,سڠکاءن
|,sangkak,ساڠکق
|,sangkakala,سڠکاکالا
|,sangkal,ساڠکل
|,sangkalan,ساڠکلن
|,sangkala,سڠکالا
|,sangkan,سڠکن
|,sangkap,سڠکڤ
|,sangkar,ساڠکر
|,sangkaran,ساڠکرن
|,sangkat,سڠکت
|,sangkil,ساڠکيل
|,sangking (saking),سڠکيڠ
|,sangku,سڠکو
|,sangkuh,سڠکوه
|,sangkur,سڠکور
|,sangkut,سڠکوت
|,sangkutan,سڠکوتن
|,sangkut-menyangkut,سڠکوت ـ مپڠکوت
|,sangling,سڠليڠ
|,sangluat,سڠلوات
|,sanglur,سڠلور
|,sangrai,سڠراي
|,sangsai,سڠساي
|,sangsang,سڠسڠ
|,sangsi,سڠسي
|,sangulun,سڠولون
|,sangyang,سڠيڠ
|,sani (indah),ساني
|,sani (yg menjadikan),صانع
|,sanik,صانع
|,sanitasi,سانيتاسي
|,sanjai,سنجاي
|,sanjak (sajak),سنجق
|,sanjung,سانجوڠ
|,sanjungan,سانجوڠن
|,sano,سانو
|,sanserif,سنسيريف
|,santa,سنتا
|,santai,سنتاي
|,santak,سانتق
|,santam,سنتم
|,santan,سنتن
|,santap,سانتڤ
|,santapan,سانتڤن
|,santau,سنتاو
|,santer,سنتر
|,santing,سانتيڠ
|,santir,سنتير
|,santiran,سنتيرن
|,santo,سنتو
|,santri,سانتري
|,santun,سنتون
|,santunan,سنتونن
|,santung,سانتوڠ
|,sanubar,صنوبر
|,sanubari,صنوبري
|,sanuk,سانوق
|,sanya,ساڽ
|,sap,سڤ
|,sapa,ساڤ
|,sapa-menyapa,ساڤا ـ مپاڤ
|,sapaan,ساڤاءن
|,sapai,ساڤاي
|,sapan,ساڤن
|,sapar,ساڤر
|,sapat,ساڤت
|,sapau (sapar),ساڤاو
|,sape,ساڤي
|,sapenuh,سڤنوه
|,sapersi,سڤيرسي
|,sapi,ساڤي
|,sapih,ساڤيه
|,sapihan,ساڤيهن
|,sapir,ساڤير
|,saprofagus,سڤروفاݢوس
|,saprofit,سڤروفيت
|,saproplankton,سڤروڤلنکتون
|,saprozoit,سڤروزوءيت
|,sapta,سڤتا
|,saptadarma,سڤتادرما
|,saptamarga,سڤتامرݢ
|,sapu,ساڤو
|,sapuan,ساڤوان
|,sapu-sapu,ساڤو٢
|,sapung,ساڤوڠ
|,saput,ساڤوت
|,saqar,سقر
|,sar,سر
|,sara,سارا
|,saraan,ساراءن
|,sara-bara,سارا ـ بارا
|,saraf (ilmu),صرف
|,saraf (urat),سارف
|,sarah,ساره
|,sarak,سارق
|,saran,سران
|,saranan,سارنن
|,sarana,سران
|,sarang,سارڠ
|,sarangan,سارڠن
|,sarang-sarang,سارڠ٢
|,sarap,سارڤ
|,sarapan,سارڤن
|,sarat,سارت
|,sarau,ساراو
|,saraung,سراءوڠ
|,saraya,سارايا
|,sardin,سردين
|,sarean,ساريان
|,sarer,سارير
|,sarhad,سرحد
|,sari,ساري
|,sarih,صريح
|,sarik,ساريق
|,sarikan,ساريکن
|,saring,ساريڠ
|,saringan,ساريڠن
|,sarira,سريرا
|,sarirah,سريره
|,sarit,ساريت
|,sarjan,سرجن
|,sarjana,سرجان
|,sarkas,سرکس
|,sarkasme,سرکسمى
|,sakastik,سرکستيک
|,saron,سارون
|,sarsaparila,سرساڤاريلا
|,sarsi,سرسي
|,saru,سارو
|,sarudung,سرودوڠ
|,saruk,ساروق
|,sarung,ساروڠ
|,sarut,ساروت
|,sarutan,ساروتن
|,sarwa,سروا
|,sarwajagat,سرواجاݢت
|,sarwal,سروال
|,sasa,ساس
|,sasak,ساسق
|,sasakala,سساکالا
|,sasap,ساسڤ
|,sasar,ساسر
|,sasaran,ساسرن
|,sasau,ساساو
|,sasi,ساسي
|,sasian,ساسيان
|,saspens,سسڤينس
|,sastera,سسترا
|,sasterawan,سستراون
|,sasul,ساسول
|,sasyimi,ساشيمي
|,sat,ست
|,satah,سطح
|,satak,ساتق
|,satang,ساتڠ
|,satar,ساتر
|,sate,ساتي
|,satelit,ساتليت
|,sateria,ستريا
|,satih,ساتيه
|,satin,ساتين
|,satinet,ساتينيت
|,satir,ساتير
|,satira,ساتيرا
|,satirawan,ساتيراون
|,sato,ساتو
|,satron,سترون
|,satsuma,ستسوما
|,satu,ساتو
|,satuan,ساتوان
|,satu-satu,ساتو٢
|,satung,ساتوڠ
|,satwa,ستوا
|,sau,ساو
|,saudagar,ساوداݢر
|,saudara,ساودارا
|,saudara-bersaudara,ساودارا ـ برساودارا
|,saudara-mara,ساودارا ـ مارا
|,saudari,ساوداري
|,sauh,ساءوه
|,saujana,ساوجان
|,sauk,ساءوق
|,saukan,ساءوقن
|,sauk-sauk,ساءوق٢
|,sesauk,سساءوق
|,saulayak,ساولايق
|,saum,صوم
|,sauna,ساونا
|,saung,ساءوڠ
|,saur,ساءور
|,saus,ساءوس
|,saut,ساءوت
|,saute,ساءوتي
|,savana,ساۏانا
|,sawa,ساوا
|,sawab (pahala),ثواب
|,sawab (yang benar),صواب
|,sawah,ساوه
|,sawai,ساواي
|,sawak,ساوق
|,sawala,سوالا
|,sawan,ساون
|,sawang,ساوڠ
|,sawanila,ساوانيلا
|,sawar,ساور
|,sawardi,ساوردي
|,sawat,ساوت
|,sawer,ساوير
|,sawi,ساوي
|,sawi-sawi,ساوي٢
|,sawit,ساويت
|,sawitan,ساويتن
|,sawo,ساوو
|,sawoh (sawo),ساووه
|,saya,ساي
|,sayak,سايق
|,sayang,سايڠ
|,sayangkan,سايڠکن
|,sayang-menyayangi,سايڠ ـ مپايڠي
|,sayap,سايڤ
|,sayat,سايت
|,sayembara,سايمبارا
|,sayid,سيد
|,sayidina,سيدنا
|,sayu,سايو
|,sayugia (yogia),سيوݢيا
|,sayung,سايوڠ
|,sayup,سايوڤ
|,sayup-menyayup,سايوڤ ـ مپايوڤ
|,sayup-sayup,سايوڤ٢
|,sayur,سايور
|,sayuran,سايورن
|,sayur-mayur,سايور ـ مايور
|,sayur-sayuran,سايور ـ سايورن
|,schilling,شيليڠ
|,seba (peseban),سيبا
|,sebab,سبب
|,sebab-musabab,سبب ـ مسبب
|,sebahat (subahat),سباهت
|,sebai,سباي
|,sebak (penuh),سبق
|,sebak (kuak),سيبق
|,sebakang,سباکڠ
|,sebal,سبل
|,sebalai,سبالاي
|,sebam,سبم
|,seban,سبن
|,seban-seban,سبن٢
|,sebantan,سبنتن
|,sebar (tabur),سيبار
|,sebaran,سيبارن
|,sebar (kebas),سبر
|,sebarang,سبارڠ
|,sebarau,سباراو
|,sebasah,سباسه
|,sebasuh,سباسوه
|,sebat (cepat),سيبت
|,sebat (pukul),سبت
|,sebatan,سبتن
|,sebati,سباتي
|,sebatian,سباتين
|,sebekah,سبکه
|,sebelah,سبله
|,sebeng,سيبيڠ
|,sebentar,سبنتر
|,sebentar-sebentar,سبنتر٢
|,seberang,سبرڠ
|,seberang-menyeberang,سبرڠ ـ مپبرڠ
|,seberetih,سبرتيه
|,seberhana,سبرهان
|,sebiak,سبياق
|,sebih,سبيه
|,sebik,سبيق
|,sebit,سبيت
|,sebokoh,سبوکوه
|,sebokok,سبوکوق
|,sebrot,سبروت
|,sebu,سبو
|,sebuih,سبوءيه
|,sebuk,سبوق
|,sebum,سيبوم
|,sebun,سبون
|,sebura,سبورا
|,seburas,سبورس
|,seburu,سبورو
|,seburus,سبوروس
|,seburut,سبوروت
|,sebusuk,سبوسوق
|,sebut,سبوت
|,sebutan,سبوتن
|,sebut-sebutan,سبوت ـ سبوتن
|,secang,سچڠ
|,secerek,سچيريق
|,secina,سچينا
|,sedah,سده
|,sedak (terbahak),سدق
|,sedak (rotan gendang),سيدق
|,sedakang,سداکڠ
|,sedam,سدم
|,sedan (sedu),سدن
|,sedan-sedu,سدن ـ سدو
|,sedan (kereta),سيدن
|,sedang,سدڠ
|,sedangkan,سدڠکن
|,sedang-menyedang,سدڠ ـ مپدڠ
|,sedap,سدڤ
|,sedapan,سدڤن
|,sedap-sedapan,سدڤ ـ سدڤن
|,sedapat,سداڤت
|,sedar,سدر
|,sedara (saudara),سدارا
|,sedat,سدت
|,sedatif,سيداتيف
|,sedawa (sendawa),سداوا
|,sedawai,سداواي
|,sedekah,صدقه
|,sedelinggam,سدليڠݢم
|,sederam,سدرم
|,sederhana,سدرهان
|,sedia,سديا
|,sediaan,سدياءن
|,sediakala,سدياکالا
|,sedih,سديه
|,sedik,سديق
|,sedikit,سديکيت
|,sedikit-sedikit,سديکيت٢
|,sedimen,سيديمن
|,sedingin,سديڠين
|,sedot,سدوت
|,sedu,سدو
|,sedu-sedan,سدو ـ سدن
|,sedua,سدوا
|,seduayah,سدوايه
|,seduh,سدوه
|,seduhan,سدوهن
|,sedut,سدوت
|,sedutan,سدوتن
|,sesedut,سسدوت
|,sega,سݢا
|,segading,سݢاديڠ
|,segah,سݢه
|,segak (menengking),سکق
|,segak (bergaya),سيݢق
|,sesegak,سسيݢق
|,segala,سݢالا
|,segan,سݢن
|,segan-menyegan,سݢن ـ مپݢن
|,segan-menyegani,سݢن ـ مپݢني
|,segan-segan,سݢن٢
|,seganda,سݢندا
|,segani,سݢاني
|,segar,سݢر
|,segar-bugar,سݢر ـ بوݢر
|,segara,سݢرا
|,segari,سݢاري
|,segau,سݢاو
|,segeh,سيݢيه
|,segel,سيݢيل
|,segeli,سݢلي
|,segenap (genap),سݢنڤ
|,segenting,سݢنتيڠ
|,segera,سݢرا
|,segera-segera,سݢرا٢
|,segerah,سݢره
|,segerang,سݢرڠ
|,segi,سݢي
|,segmen,سيݢمن
|,segombang,سݢومبڠ
|,segondol,سݢوندول
|,segoreh,سݢوريه
|,segregasi,سيݢريݢاسي
|,seguih,سݢوءيه
|,segumbar,سݢومبر
|,segunja,سݢونجا
|,seh,سيه
|,seharah,سحاره
|,seilometer,ساءيلوميتر
|,seismograf,سيسموݢرف
|,seismogram,سيسموݢرم
|,seismologi,سيسمولوݢي
|,seismometer,سيسموميتر
|,seismonasti,سيسمونستي
|,seismos,سيسموس
|,seismoskop,سيسموسکوڤ
|,sej,سيج
|,sejadah,سجاده
|,sejahtera,سجهترا
|,sejak (semenjak),سجق
|,sejangat,سجاڠت
|,sejangkang,سجڠکڠ
|,sejarah,سجاره
|,sejarang,سجارڠ
|,sejarawan,سجاراون
|,sejarawi,سجاراوي
|,sejat,سجت
|,sejatan,سجتن
|,sejenak,سجنق
|,sejerit,سجريت
|,sejingkat,سجيڠکت
|,sejoli,سجولي
|,sejuk,سجوق
|,sejumbuk,سجومبوق
|,sejurus,سجوروس
|,seka,سيک
|,sekaca,سکاچ
|,sekah (patah),سکه
|,sekah (lukisan; segak),سيکه
|,sekakar,سکاکر
|,sekakelar,سکاکلر
|,sekaker (sekakar),سکاکر
|,sekala,سکالا
|,sekalipun,سکاليڤون
|,sekam,سکم
|,sekan,سيکن
|,sekang,سکڠ
|,sekap,سکڤ
|,sekapan,سکڤن
|,sekapar,سکاڤر
|,sekarang,سکارڠ
|,sekasap,سکاسڤ
|,sekat,سکت
|,sekatan,سکتن
|,sekaten,سکاتين
|,sekati,سکاتي
|,sekatuk,سکاتوق
|,sekaut,سکاءوت
|,sekebah,سکبه
|,sekeber,سکيبير
|,sekeduduk,سکدودوق
|,sekeduk,سکدوق
|,sekedup,سکدوڤ
|,sekeh,سيکيه
|,sekembang,سکمبڠ
|,sekencong,سکينچوڠ
|,sekendai,سکنداي
|,sekendal,سکندل
|,sekendi,سکندي
|,sekenhen,سيکينهين
|,sekentut,سکنتوت
|,sekepet,سکيڤيت
|,sekeram,سکيرم
|,sekerap,سکرڤ
|,sekeras,سکرس
|,sekeri,سکري
|,sekering,سيکريڠ
|,sekerja,سکرجا
|,sekesel,سکيسيل
|,seket,سيکيت
|,seketeng,سيکيتيڠ
|,sekijang,سکيجڠ
|,sekiki,سکيکي
|,sekilwak,سکيلوق
|,sekin,سکين
|,sekip,سکيڤ
|,sekjen,سيکجن
|,seko,سيکو
|,sekobang,سکوبڠ
|,sekoci,سکوچي
|,sekoi,سکوي
|,sekolah,سکوله
|,sekolahan,سکولهن
|,sepersekolahan,سڤرسکولهن
|,sekon,سکون
|,sekongkol,سکوڠکول
|,sekongkolan,سکوڠکولن
|,sekonyar,سکوپر
|,sekop,سکوڤ
|,sekonyong,سکويوڠ
|,sekonyong-konyong,سکويوڠ ـ کويوڠ
|,sekopong,سکوڤوڠ
|,sekosol,سکوسول
|,sekotah,سکوته
|,sekoteng,سکوتيڠ
|,sekoyah,سکويه
|,sekoyak,سکويق
|,sekretari,سيکريتاري
|,sekretariat,سيکريتاريات
|,sekretaris,سيکريتاريس
|,sekretin,سيکريتين
|,seks,سيکس
|,seksa,سيقسا
|,seksaan,سيقساءن
|,seksi,سيکسي
|,seksionalisme,سيکسيوناليسمى
|,seksisme,سيکسيسمى
|,seksologi,سيکسولوݢي
|,sekstan,سيکستن
|,sekstet,سيکستيت
|,sekstuplet,سيکستوڤليت
|,seksual,سيکسوال
|,seksualiti,سيکسواليتي
|,seksuil,سيکسوءيل
|,seksyen,سيکشن
|,sekta,سيکتا
|,sektarian,سيکتارين
|,sektarianisme,سيکتاريانيسمى
|,sektor,سيکتور
|,sekuang,سکواڠ
|,sekuas,سکواس
|,sekubin,سکوبين
|,sekuit,سکوءيت
|,sekul,سکول
|,sekulan,سکولن
|,sekular,سيکولر
|,sekularis,سيکولاريس
|,sekularisasi,سيکولاريساسي
|,sekularisme,سيکولاريسمى
|,sekularistik,سيکولاريستيک
|,sekunder,سيکوندر
|,sekunyit,سکوپيت
|,sekuriti,سيکوريتي
|,sekut,سکوت
|,sekutu,سکوتو
|,sel,سيل
|,sela (celah),سلا
|,selaan,سلاءن
|,sela-menyela,سلا ـ مپلا
|,sela-sela,سلا٢
|,sela (pelana; batu),سيلا
|,selabar,سلابر
|,selaberak,سلابرق
|,selada,سلادا
|,seladang,سلادڠ
|,seladeri,سلادري
|,selai,سلاي
|,selaju,سلاجو
|,selak (kayu palang),سلق
|,selak-selok,سلق ـ سيلوق
|,selak (menyingkap),سيلق
|,selaka,سلاک
|,selakangan,سلاکڠن
|,selakarang,سلاکارڠ
|,selalu,سلالو
|,selam,سلم
|,selaman,سلمن
|,selamat,سلامت
|,selamatan,سلامتن
|,selamba,سلمبا
|,selambut,سلامبوت
|,selampai,سلامڤاي
|,selampik,سلمڤيق
|,selampit,سلمڤيت
|,selancak,سلنچق
|,selancang,سلنچڠ
|,selancar,سلنچر
|,selang,سلڠ
|,selangan,سلڠن
|,selangkan,سلڠکن
|,selangat,سلاڠت
|,selangka,سلڠک
|,selangkang,سلڠکڠ
|,selangkangan,سلڠکڠن
|,selangkup,سلاڠکوڤ
|,selangur,سلاڠور
|,selang,سلڠ
|,selang-seli,سلڠ ـ سلي
|,selang- seling,سلڠ ـ سليڠ
|,selanting,سلانتيڠ
|,selap,سلڤ
|,selapan,سلاڤن
|,selapanan,سلاڤنن
|,selaput,سلاڤوت
|,selaputan,سلاڤوتن
|,selar,سلر
|,selaran,سلرن
|,selar-menyelar,سلر ـ مپلر
|,selara,سلارا
|,selaru (celaru),سلارو
|,selarung,سلاروڠ
|,selasar,سلاسر
|,selasih,سلاسيه
|,selat,سلت
|,selatan,سلاتن
|,selawat,صلوات
|,selawe,سلاوي
|,selayah,سلايه
|,selayak,سلايق
|,selayang,سلايڠ
|,selayun,سلايون
|,selayur,سلايور
|,selayut (selayun),سلايوت
|,sele,سلي
|,selebar,سليبر
|,selebaran,سلبارن
|,selebriti,سيليبريتي
|,seleder,سليدير
|,selebu,سلبو
|,seleguri,سلݢوري
|,selekeh,سليکيه
|,selekoh,سليکوه
|,selekor,سليکور
|,seleksi,سيليکسي
|,selektif,سيليکتيف
|,selektir,سيليکتير
|,seleler,سليلير
|,selema,سليما
|,selemah,سلمه
|,selembada,سلمبادا
|,selembana,سلمبان
|,selembat,سلمبت
|,selembu,سلمبو
|,selembubu,سلمبوبو
|,selempada,سلمڤادا
|,selempah,سلمڤه
|,selempang (jatuh terkangkang),سلمڤڠ
|,selempang (selendang),سليمڤڠ
|,selempar,سلمڤر
|,selempukau,سلمڤوکاو
|,selempuri,سلمڤوري
|,selencur,سلنچور
|,selencus,سلنچوس
|,selendang,سليندڠ
|,selendap,سلندڤ
|,selender,سليندر
|,selendro,سليندرو
|,selenggara,سلڠݢارا
|,selenggaraan,سلڠݢاراءن
|,selengut,سلڠوت
|,selenium,سيلينيوم
|,selenografi,سيلينوݢرافي
|,selenologi,سيلينولوݢي
|,selentik,سلنتيق
|,selenting,سلنتيڠ
|,selentingan,سلنتيڠن
|,seleo (keseleo),سليو
|,selenyap,سلپڤ
|,selepa,سلڤا
|,selepah,سلڤه
|,selepang,سليڤڠ
|,selepat,سلڤت
|,selepe,سيليڤي
|,selepetan,سلڤيتن
|,selepi,سلڤي
|,selepot,سليڤوت
|,selepur,سلڤور
|,selera,سليرا
|,selerak,سليرق
|,selerang,سليرڠ
|,seleret,سليريت
|,selesa,سليسا
|,selesai,سلساي
|,selesema,سلسما
|,selesma (selesema),سلسما
|,seletuk,سلتوق
|,seleweng,سليويڠ
|,seli (selang-seli),سلي
|,selia,سليا
|,seliaan,سلياءن
|,seliap,سلياڤ
|,seliat,سليات
|,selibah,سليبه
|,selibu,سليبو
|,selibut,سليبوت
|,selicin,سليچين
|,selidik,سليديق
|,seligi,سليݢي
|,seligit,سليݢيت
|,seligut,سليݢوت
|,selikur,سليکور
|,selimang,سليمڠ
|,selimbar,سليمبر
|,selimbu (selibu),سليمبو
|,selimpang,سليمڤڠ
|,selimpas,سليمڤس
|,selimpat,سليمڤت
|,selimut,سليموت
|,selinap,سلينڤ
|,selinat,سلينت
|,selindit (serindit),سلينديت
|,selindung,سليندوڠ
|,seling,سليڠ
|,selingan,سليڠن
|,selingar,سليڠر
|,selingkit,سليڠکيت
|,selingkuh,سليڠکوه
|,selingkup,سليڠکوڤ
|,selingsing,سليڠسيڠ
|,selip,سليڤ
|,selipan,سليڤن
|,selipar,سليڤر
|,selipik,سليڤيق
|,seliput,سليڤوت
|,selir,سلير
|,selirak,سليرق
|,selirat,سليرت
|,seliri,سليري
|,selisa,سليسا
|,selisih,سليسيه
|,selisihan,سليسيهن
|,selisik,سليسيق
|,selisip,سليسيڤ
|,selisir,سليسير
|,selit,سليت
|,selitan,سليتن
|,selit-menyelit,سليت ـ مپليت
|,seliuh,سليوه
|,seliwir,سليوير
|,seliwiran,سليويرن
|,selo,سيلو
|,selobok (sobok),سلوبوق
|,selodok,سلودوق
|,selofan,سيلوفن
|,seloka,سلوکا
|,selokan,سيلوکن
|,selok,سيلوق
|,selok-belok,سيلوق ـ بيلوق
|,selom,سيلوم
|,selomot,سلوموت
|,selompret,سلومڤريت
|,selongkang,سلوڠکڠ
|,selongkar,سلوڠکر
|,selongsong,سلوڠسوڠ
|,selonong,سلونوڠ
|,selop,سلوڤ
|,selopong,سلوڤوڠ
|,selorah (selurah),سلوره
|,seloro,سلورو
|,seloroh,سلوروه
|,seloyak,سلويق
|,seloyong,سلويوڠ
|,seloyongan,سلويوڠن
|,seluang,سلواڠ
|,seluar,سلوار
|,selubat,سلوبت
|,selubung,سلوبوڠ
|,seludang,سلودڠ
|,seludu,سلودو
|,seludup,سلودوڤ
|,seludupan,سلودوڤن
|,selui,سلوي
|,seluk,سلوق
|,selukat,سلوکت
|,selukung,سلوکوڠ
|,selulase,سيلولاسى
|,selulit,سلوليت
|,seluloid,سيلولوءيد
|,selulosa,سيلولوسا
|,selulup,سلولوڤ
|,selulur,سلولور
|,selumar,سلومر
|,selumbar,سلومبر
|,selumbari,سلومباري
|,selumbat,سلومبت
|,selumu,سلومو
|,selumur,سلومور
|,seluncur,سلونچور
|,selunda,سلوندا
|,selundat,سلوندت
|,selungkang (selongkang),سلوڠکڠ
|,selungkap,سلوڠکڤ
|,selungkup,سلوڠکوڤ
|,selungkur,سلوڠکور
|,selunsur (seluncur),سلونسور
|,selup,سلوڤ
|,selupan,سلوڤن
|,selupat,سلوڤت
|,selurah,سلوره
|,selurai,سلوراي
|,seluru,سلورو
|,seluruh,سلوروه
|,selurut,سلوروت
|,selusuh,سلوسوه
|,selusup,سلوسوڤ
|,selusur,سلوسور
|,selut,سلوت
|,seluwit,سلوويت
|,selva,سيلۏا
|,sema (semua),سما
|,sema-sema,سما٢
|,sema (cadik),سيما
|,sema-sema,سيما٢
|,semadi,سمادي
|,semafor,سيمافور
|,semah,سيمه
|,semahan,سيمهن
|,semah-semah,سيمه٢
|,semai (kecambah),سماي
|,semaian,سماين
|,semaja,سماج
|,semak (tumbuhan),سمق
|,semak-samun,سمق ـ سامون
|,semak-semak,سمق٢
|,semak (periksa),سيمق
|,semakan,سيمقن
|,semakin (makin),سماکين
|,semalakama (malakamo),سمالاکام
|,semalu,سمالو
|,semambu,سممبو
|,semampai,سممڤاي
|,semampang,سممڤڠ
|,semampat,سممڤت
|,seman,سيمن
|,semanda (semenda),سمندا
|,semandan,سمندن
|,semandarasa (semendarasa),سمنداراس
|,semandarasah  (semendarasah),سمنداراسه
|,semandera,سمنديرا
|,semang,سمڠ
|,semangat,سماڠت
|,semangga,سمڠݢ
|,semanggang,سمڠݢڠ
|,semanggi,سمڠݢي
|,semangka,سمڠک
|,semangkin (makin),سمڠکين
|,semangkuk,سمڠکوق
|,semangsuk,سمڠسوق
|,semanja (semaja),سمنجا
|,semantah,سمانته
|,semantan,سمنتن
|,semantik,سمنتيک
|,semantis,سمنتيس
|,semantung,سمانتوڠ
|,semaput,سماڤوت
|,semar,سمر
|,semara (asmara),سمارا
|,semarai,سمراي
|,semarak,سمارق
|,semaram,سمارم
|,semat,سمت
|,sematan,سمتن
|,semata,سماتا
|,semata-mata,سماتا ـ مات
|,semawa,سماوا
|,semawang (sembawang),سماوڠ
|,semawar,سماور
|,semayam,سمايم
|,sembabat,سمبابت
|,sembada,سمبادا
|,sembah,سمبه
|,sembahan,سمبهن
|,sembahyang,سمبهيڠ
|,sembai (sj pasir),سمباي
|,sembai (sambar),سيمباي
|,sembak,سمبق
|,sembam,سمبم
|,sembang (sj tumbuhan),سمبڠ
|,sembang (perbualan),سيمبڠ
|,sembap,سمبڤ
|,sembar (sabur),سمبر
|,sembar (sambar),سيمبر
|,sembarang,سمبارڠ
|,sembarangan,سمبارڠن
|,sembari,سمباري
|,sembat (sebat),سمبت
|,sembat (jerat),سيمبت
|,sembawang,سمباوڠ
|,sembayan,سمباين
|,sembelih,سمبليه
|,sembelihan,سمبليهن
|,sembelit,سمبليت
|,sember,سمبير
|,semberani,سمبراني
|,semberap,سمبرڤ
|,semberip,سمبريڤ
|,semberono,سمبرونو
|,sembesi,سمبسي
|,sembeta,سمبيتا
|,sembiang,سمبياڠ
|,sembih (sembir),سمبيه
|,sembilan,سمبيلن
|,sembilang,سمبيلڠ
|,sembilik,سمبيليق
|,sembilu,سمبيلو
|,sembiluan,سمبيلوان
|,sembir,سمبير
|,sembiran,سمبيرن
|,semboja (kemboja),سمبوجا
|,sembor,سمبور
|,semboyan,سمبوين
|,sembuang,سمبواڠ
|,sembuh,سمبوه
|,sembuku,سمبوکو
|,sembul,سمبول
|,sembulu,سمبولو
|,sembung,سمبوڠ
|,sembunyi,سمبوپي
|,sembunyi-sembunyi,سمبوپي٢
|,sembunyi-  sembunyian,سمبوپي ـ سمبوپين
|,sembur,سمبور
|,semburan,سمبورن
|,sembur-menyembur,سمبور ـ مپمبور
|,semburit,سمبوريت
|,semecah,سمچه
|,semedang,سمدڠ
|,semedera (samudera),سمدرا
|,semejana (semenjana),سمجان
|,semek,سمق
|,sememeh,سميميه
|,semen,سيمن
|,semena,سمنا
|,semena-mena,سمنا ـ منا
|,semenanjung,سمننجوڠ
|,semenda,سمندا
|,semenda-menyemenda,سمندا ـ مپمندا
|,semendal,سمندل
|,semendarasa,سمنداراس
|,semenggah,سمڠݢه
|,semengkih,سمڠکيه
|,semenjak,سمنجق
|,semenjana,سمنجان
|,semenjuh,سمنجوه
|,sementah,سمنته
|,sementang,سمنتڠ
|,sementang-mentang,سمنتڠ ـ منتڠ
|,sementangkan,سمنتڠکن
|,sementara,سمنتارا
|,sementaraan,سمنتاراءن
|,sementelah,سمنتله
|,sementelahan,سمنتلهن
|,sementung,سمنتوڠ
|,semerbak,سمربق
|,semerdanta,سمردنتا
|,semerit (semberip),سمريت
|,semerta,سمرتا
|,semesta,سمستا
|,semester,سيميستر
|,semetik,سمتيق
|,semi,سمي
|,semi-,سيمي ـ 
|,semiang,سمياڠ
|,semidra,سميدرا
|,semifinal,سيميفينل
|,semikonduktor,سيميکوندوکتور
|,semilang (sembilang),سميلڠ
|,semiliang,سميلياڠ
|,semilir (silir),سميلير
|,semilu (sembilu),سميلو
|,seminai,سميناي
|,seminar (sinar),سمينر
|,seminar (perjumpaan),سيمينر
|,seminari,سيمينري
|,seminaris,سيمينريس
|,seminau (sinau),سميناو
|,semiologi,سيميولوݢي
|,semiotik,سيميوتيک
|,semiparasit,سيميڤاراسيت
|,semipro,سيميڤرو
|,semi-profesional,سيميڤروفيسيونل
|,semir,سمير
|,semoga,سموݢ
|,semomah,سمومه
|,sempada,سمڤادا
|,sempadan,سمڤادن
|,sempak (sepak),سمڤق
|,sempak (sumbing),سيمڤق
|,sempal,سمڤل
|,sempalai,سمڤالاي
|,sempang,سمڤڠ
|,sempang-sempung,سمڤڠ ـ سمڤوڠ
|,sempat,سمڤت
|,sempayan,سمڤاين
|,sempelah,سمڤله
|,sempelat,سمڤلت
|,sempena,سمڤنا
|,semperah,سمڤره
|,semperit,سمڤريت
|,semperung,سمڤروڠ
|,sempil,سمڤيل
|,sempilai,سمڤيلاي
|,sempilur,سمڤيلور
|,sempit,سمڤيت
|,sempoa,سمڤوا
|,sempoh,سيمڤوه
|,semporong (semperung),سمڤوروڠ
|,sempoyongan,سمڤويوڠن
|,semprit,سمڤريت
|,semprot,سمڤروت
|,semprotan,سمڤروتن
|,sempudal,سمڤودل
|,sempuh,سمڤوه
|,sempul,سمڤول
|,sempung (sempang),سمڤوڠ
|,sempuras,سمڤورس
|,sempurna,سمڤورنا
|,semput,سمڤوت
|,semu,سمو
|,semu-semu,سمو٢
|,semua,سموا
|,semucup (kemuncup),سموچوڤ
|,semudera (samudera),سمودرا
|,semugum,سموݢوم
|,semulut,سمولوت
|,semun,سمون
|,semuncup,سمونچوڤ
|,semunding,سمونديڠ
|,semunian,سمونيان
|,semur,سمور
|,semut,سموت
|,semutan,سموتن
|,semut-semut,سموت٢
|,semut-semutan,سموت ـ سموتن
|,semutar,سموتر
|,semutega,سموتيݢ
|,sen,سين
|,sena (sj tumbuhan),سنا
|,sena (tentera),سينا
|,senagu,سناݢو
|,senaguri (seleguri),سناݢوري
|,senai,سناي
|,senak,سنق
|,senam,سنم
|,senaman,سنمن
|,senamaki,سناماکي
|,senamrobik,سنمروبيک
|,senan,سنن
|,senandika,سننديک
|,senandung,سنندوڠ
|,senang,سنڠ
|,senang-lenang,سنڠ ـ لينڠ
|,senangguri (seleguri),سنڠݢوري
|,senangin,سناڠين
|,senantan,سننتن
|,senantiasa,سننتياس
|,senapang,سناڤڠ
|,senapati,سيناڤاتي
|,senar,سنر
|,senarai,سناراي
|,senario,سيناريو
|,senarung,سناروڠ
|,senat (jong),سنت
|,senat (dewan),سينت
|,senator,سيناتور
|,senawan,سناون
|,senawar,سناور
|,senawat,سناوت
|,senawi (penumpang perahu),سناوي
|,senawi (sanawi),ثانوي
|,senda,سندا
|,sendaan,سنداءن
|,sendaguri (seleguri),سنداݢوري
|,sendak,سندق
|,sendal,سندل
|,sendalu,سندالو
|,sendam,سندم
|,sendang (mata air),سندڠ
|,sendar,سندر
|,sendarat,سندارت
|,sendat,سندت
|,sendawa,سنداوا
|,sendayan,سنداين
|,sendel,سينديل
|,sendeng,سينديڠ
|,sendeng-mendeng,سينديڠ ـ مينديڠ
|,sender,سيندير
|,senderayan,سندراين
|,senderik,سندريق
|,senderung,سندروڠ
|,sendi,سندي
|,sendiri,سنديري
|,sendirian,سنديرين
|,sendiri-sendiri,سنديري٢
|,sendocong,سندوچوڠ
|,sendok,سيندوق
|,sendong,سيندوڠ
|,sendorong,سندوروڠ
|,sendu,سندو
|,senduduk,سندودوق
|,senduk,سندوق
|,senduk-senduk,سندوق٢
|,senduri (seleguri),سندوري
|,senencing,سننچيڠ
|,senewen,سنيون
|,seng,سيڠ
|,sengah,سڠه
|,sengai,سڠاي
|,sengaja,سڠاج
|,sengal,سڠل
|,sengal-sengal,سڠل٢
|,sengam,سڠم
|,sengangar,سڠڠر
|,sengap,سڠڤ
|,sengar,سڠر
|,sengarat,سڠارت
|,sengaring,سڠاريڠ
|,sengat,سڠت
|,sengatan,سڠتن
|,sengau,سڠاو
|,sengauan,سڠاوان
|,sengau-sengauan,سڠاو ـ سڠاوان
|,sengelat (helah),سڠيلت
|,senget,سيڠيت
|,senggah (sanggah),سڠݢه
|,senggak,سڠݢق
|,senggama (sanggama),سڠݢام
|,senggang,سڠݢڠ
|,senggara,سڠݢارا
|,senggaraan,سڠݢاراءن
|,senggat,سڠݢت
|,senggatan,سڠݢتن
|,senggau,سڠݢاو
|,senggayut,سڠݢايوت
|,senggerah,سڠݢره
|,senggerahan,سڠݢرهن
|,senggeruk,سڠݢروق
|,sengget (sanggit),سيڠݢيت
|,senggiling (tenggiling),سڠݢيليڠ
|,sengging,سڠݢيڠ
|,sengging-sengging,سڠݢيڠ٢
|,senggok,سيڠݢوق
|,senggol,سيڠݢول
|,senggolan,سيڠݢولن
|,senggora,سڠݢورا
|,senggugu,سڠݢوݢو
|,senggugur,سڠݢوݢور
|,senggugut,سڠݢوݢوت
|,sengguk,سڠݢوق
|,sesenggukkan,سسڠݢوقکن
|,senggulung,سڠݢولوڠ
|,senggut,سڠݢوت
|,sengih,سڠيه
|,sengihan,سڠيهن
|,sengingih,سڠيڠيه
|,sengir,سڠير
|,sengiring,سڠيريڠ
|,sengit,سڠيت
|,sengkak,سڠکق
|,sengkal,سڠکل
|,sengkalan,سڠکالن
|,sengkang (palang),سڠکڠ
|,sengkang (terbuka),سيڠکڠ
|,sengkar,سڠکر
|,sengkarut,سڠکاروت
|,sengkawang,سڠکاوڠ
|,sengkawas,سڠکاوس
|,sengkayan,سڠکاين
|,sengkek,سيڠکيق
|,sengkela,سڠکلا
|,sengkelang,سڠکلڠ
|,sengkelat (sakhlat),سڠکلت
|,sengkelat,سڠکيلت
|,sengkeling,سڠکليڠ
|,sengkelit,سڠکليت
|,sengkenit,سڠکنيت
|,sengker,سڠکر
|,sengkeran,سڠکرن
|,sengketa,سڠکيتا
|,sengkil,سڠکيل
|,sengkilit,سڠکيليت
|,sengkit,سڠکيت
|,sengkok,سيڠکوق
|,sengkokol (kokol),سڠکوکول
|,sengkol,سيڠکول
|,sengkuang,سڠکواڠ
|,sengkurat,سڠکورت
|,sengkuap,سڠکواڤ
|,sengkul,سڠکول
|,sengokol (kokol),سڠوکول
|,sengsai,سڠساي
|,sengsam,سڠسم
|,sengsara,سڠسارا
|,sengsem,سڠسم
|,sengseng (singsing),سيڠسيڠ
|,sengsurit,سڠسوريت
|,senguk,سڠوق
|,senguk-sengak,سڠوق ـ سڠق
|,sengun,سڠون
|,sengugut,سڠوݢوت
|,sengut (senguk),سڠوت
|,seni,سني
|,seniah,سنياه
|,senigai,سنيݢاي
|,seniman,سنيمن
|,senior,سينيور
|,senioriti,سينيوريتي
|,seniwan,سنيون
|,seniwati,سنيواتي
|,senja,سنجا
|,senjakala,سنجاکالا
|,senjang,سينجڠ
|,senjarang,سنجارڠ
|,senjata,سنجات
|,senjelai (enjelai),سنجلاي
|,senjolong,سنجولوڠ
|,senjong,سينجوڠ
|,senjuang,سنجواڠ
|,senjung,سنجوڠ
|,senohong,سنوهوڠ
|,senoncong,سنونچوڠ
|,senonoh,سنونوه
|,senonya,سنوپا
|,senoyong,سنويوڠ
|,sensagun,سنساݢون
|,sensasi,سينساسي
|,sensitif,سينسيتيف
|,sensitiviti,سينسيتيۏيتي
|,sensitometer,سينسيتوميتر
|,sensor,سينسور
|,sensual,سينسوال
|,sensualisme,سينسواليسمى
|,senta (penyangga),سنتا
|,senta (menolak),سينتا
|,sentada,سنتادا
|,sentadu,سنتادو
|,sentagi,سنتاݢي
|,sentak (herdik; sj penyakit),سنتق
|,sentak (renggut),سينتق
|,sental,سنتل
|,sentalan,سنتلن
|,sentali,سنتالي
|,sentana,سنتان
|,sentang,سنتڠ
|,sentap,سنتڤ
|,sentapan,سنتڤن
|,sentausa (sentosa),سنتاوسا
|,senteng,سينتيڠ
|,senter (pemain bola sepak),سينتر
|,senter (lampu),سينتير
|,senteri,سنتري
|,senti,سنتي
|,sentiabu (setiabu),سنتيابو
|,sentiare,سينتيارى
|,sentiasa,سنتياس
|,sentigram,سينتيݢرم
|,sentigred,سينتيݢريد
|,sentil,سنتيل
|,sentilan,سنتيلن
|,sentiliter,سينتيليتر
|,sentimen,سينتيمن
|,sentimental,سينتيمينتل
|,sentimentalis,سينتيمينتاليس
|,sentimeter,سينتيميتر
|,senting,سنتيڠ
|,sentiung,سنتيوڠ
|,sentosa,سنتوسا
|,sentral,سينترل
|,sentralisasi,سينترليساسي
|,sentri,سينتري
|,sentroid,سينتروءيد
|,sentrum,سينتروم
|,sentuang,سنتواڠ
|,sentuh,سنتوه
|,sentuhan,سنتوهن
|,sesentuh,سسنتوه
|,sentuk,سنتوق
|,sentul,سنتول
|,sentulang,سنتولڠ
|,sentung,سنتوڠ
|,senu,سنو
|,senuh,سنوه
|,senuhun (sinuhun),سنوهون
|,senumpul,سنومڤول
|,senuncing,سنونچيڠ
|,senunggang,سنوڠݢڠ
|,senyak,سپق
|,senyampang,سپمڤڠ
|,senyamuk,سپاموق
|,senyap,سپڤ
|,senyap-senyap,سپڤ٢
|,sesenyap,سسپڤ
|,senyar,سپر
|,senyonyong,سپوپوڠ
|,senyum,سپوم
|,senyuman,سپومن
|,senyum-menyenyum,سپوم ـ مپپوم
|,senyur,سپور
|,senyur,سيپور
|,sep,سيڤ
|,sepada,سڤادا
|,sepadan,سڤادن
|,sepagi,سڤاݢي
|,sepah (hampas),سڤه
|,sepah (berserak),سيڤه
|,sepai,سڤاي
|,sepak (tampar),سڤق
|,sepakan,سڤقن
|,sepak (tendang),سيڤق
|,sepakan,سيڤقن
|,sepam,سڤم
|,sepan,سڤن
|,sepana,سڤان
|,sepandri,سڤندري
|,sepanduk,سڤندوق
|,sepang,سڤڠ
|,sepanggil,سڤڠݢيل
|,separa,سڤارا
|,separbang,سڤربڠ
|,separo,سڤارو
|,sepasan (sepesan),سڤاسن
|,sepasin,سڤاسين
|,sepat,سڤت
|,sepati,سڤاتي
|,sepatu,سڤاتو
|,sepatung,سڤاتوڠ
|,sepeda,سڤيدا
|,sepedas,سڤدس
|,sepedih,سڤديه
|,sepekang,سڤکڠ
|,sepekuk,سڤکوق
|,sepel,سڤيل
|,sepelan,سڤيلن
|,sepeling,سڤيليڠ
|,sepen,سڤين
|,sepenah,سڤنه
|,sepeng,سيڤيڠ
|,sepenuh,سڤنوه
|,seperadian (adi),سڤراديان
|,seperah,سڤره
|,seperai,سڤراي
|,seperantu,سڤرنتو
|,seperti,سڤرتي
|,sepertikan,سڤرتيکن
|,sepertimana,سڤرتيمان
|,sepesan,سڤسن
|,sepet (kelat),سڤت
|,sepet (kuyu),سيڤيت
|,sepetang,سڤتڠ
|,sepetir,سڤتير
|,sepi,سڤي
|,sepiding,سڤيديڠ
|,sepih,سڤيه
|,sepilai,سڤيلاي
|,sepina,سڤينا
|,sepincang,سڤينچڠ
|,sepion,سڤييون
|,sepit,سڤيت
|,sepit-sepit,سڤيت٢
|,sepoa (sempoa),سڤوا
|,sepoi,سڤوي
|,sepoi-sepoi,سڤوي٢
|,septet,سيڤتيت
|,septisemia,سيڤتيسيميا
|,septum,سيڤتوم
|,sepucat,سڤوچت
|,sepuh,سڤوه
|,sepuhan,سڤوهن
|,sepuit,سڤوءيت
|,sepuk,سڤوق
|,sepukal,سڤوکل
|,sepulih,سڤوليه
|,sepulis (sepulih),سڤوليس
|,sepuluh (puluh),سڤولوه
|,sepulut,سڤولوت
|,sepur,سڤور
|,seput,سڤوت
|,seputih,سڤوتيه
|,sera,سرا
|,serabai,سراباي
|,serabi,سرابي
|,serabut,سرابوت
|,seradung (sandung),سرادوڠ
|,seraga,سراݢ
|,serah,سره
|,serahan,سرهن
|,serahi,سراهي
|,serah (sirah),سيره
|,serai (sj tumbuhan; burung),سراي
|,serai-serai,سراي٢
|,serai (sebar),سيراي
|,serak (parau; sj burung),سرق
|,serak-serik,سرق ـ سريق
|,serak-seruk,سرق ـ سروق
|,serak (tabur),سيرق
|,serakah,سراکه
|,seram,سرم
|,serama,سراما
|,seraman,سرامن
|,seramba,سرمبا
|,serambab (serembab),سرمبب
|,serambi,سرمبي
|,seramik,سيراميک
|,serampang,سرمڤڠ
|,serampangan,سرمڤڠن
|,serampat,سرمڤت
|,serampin,سرمڤين
|,serampu,سرمڤو
|,seran,سيرن
|,serana,سران
|,seranah,سرانه
|,seranam,سرانم
|,serandang,سرندڠ
|,serandau,سرنداو
|,seranduk,سرندوق
|,serandung,سرندوڠ
|,serang (langgar),سرڠ
|,serangan,سرڠن
|,serang-menyerang,سرڠ ـ مپرڠ
|,serang (jarang),سيرڠ
|,serangga,سرڠݢ
|,seranggah (ceranggah),سرڠݢه
|,serangguh,سرڠݢوه
|,seranggung,سرڠݢوڠ
|,serangkak,سرڠکق
|,serangsang,سرڠسڠ
|,seranjung,سرنجوڠ
|,seranta,سرنتا
|,serantaan,سرنتاءن
|,serantan,سرنتن
|,serap (resap),سرڤ
|,serapan,سرڤن
|,serap (cadangan),سيرڤ
|,serapah,سراڤه
|,serapat,سراڤت
|,serapuh,سراڤوه
|,serasa,سراس
|,serasah,سراسه
|,serat,سرت
|,seratah,سراته
|,serati,سراتي
|,seratung,سراتوڠ
|,serau,سراو
|,seraunometer,سيراونوميتر
|,seraung,سراءوڠ
|,seraut,سراءوت
|,serawa,سراوا
|,serawak,سراوق
|,serawal,سراول
|,serawan,سراون
|,serawas,سراوس
|,serawung,سراووڠ
|,seraya,سرايا
|,seraya-menyeraya,سرايا ـ مپرايا
|,serayu,سرايو
|,serba,سربا
|,serba-serbi,سربا ـ سربي
|,serbah,سربه
|,serbah-serbih,سربه ـ سربيه
|,serbak (semerbak),سربق
|,semerbak,سمربق
|,serban,سربن
|,serban-serba,سربن ـ سربا
|,serbaneka,سربانيک
|,serbang,سربڠ
|,serbarasa,سرباراس
|,serbat,سربت
|,serbet,سربيت
|,serbi,سربي
|,serbih (serbah),سربيه
|,serbu,سربو
|,serbuan,سربوان
|,serbuk,سربوق
|,serdadu,سردادو
|,serdak,سردق
|,serdam,سردم
|,serdang,سردڠ
|,serdi,سردي
|,serdih,سرديه
|,sere,سيري
|,serebeh,سريبيه
|,serebelum,سيريبيلوم
|,serebrum,سيريبروم
|,seregang,سرݢڠ
|,serek,سيريق
|,sereke,سريکي
|,serem (seram),سرم
|,serembab,سرمبب
|,serembah,سرمبه
|,serembah-serembih,سرمبه ـ سرمبيه
|,seremban,سريمبن
|,serempak,سرمڤق
|,serempet,سريمڤيت
|,serempu,سرمڤو
|,serendah,سرنده
|,serendeng,سرينديڠ
|,sereng,سريڠ
|,serengam,سرڠم
|,serengan,سرڠن
|,serengeh,سريڠيه
|,serengit,سرڠيت
|,serengkung,سرڠکوڠ
|,serenjak,سرنجق
|,serenjang,سرنجڠ
|,serenta,سرنتا
|,serentak,سرنتق
|,serentang,سرنتڠ
|,serenti,سرنتي
|,serep,سرڤ
|,seresah,سرسه
|,seresari,سرساري
|,seret,سيريت
|,seretan,سيريتن
|,serga,سرݢ
|,sergah,سرݢه
|,sergahan,سرݢهن
|,sergam,سرݢم
|,sergap,سرݢڤ
|,sergut,سرݢوت
|,seri (bercahaya),سري
|,seri (tumbuhan),سيري
|,seriap,سرياڤ
|,seriat,سريات
|,seriau,سرياو
|,seriawan,سرياون
|,seribulan,سريبولن
|,seribumi,سريبومي
|,seridanta,سريدنتا
|,seriding,سريديڠ
|,serif,سيريڤ
|,serigading,سريݢاديڠ
|,serigala,سريݢالا
|,serigrafi,سيريݢرافي
|,serigunting,سريݢونتيڠ
|,serik,سريق
|,serika (seterika),سريک
|,serikandi (srikandi),سريکندي
|,serikaya (sj tumbuhan),سريکاي
|,serikaya (makanan),سريکايا
|,serikultur,سيريکولتور
|,serimala,سريمالا
|,serimbung,سريمبوڠ
|,sermet,سرميت
|,serimpet,سريمڤت
|,serimpi,سريمڤي
|,serindai,سرينداي
|,serindit,سرينديت
|,sering,سريڠ
|,sering-sering,سريڠ٢
|,seringai,سريڠاي
|,seringan,سريڠن
|,seriosa,سيريوسا
|,seripit,سريڤيت
|,serit,سريت
|,serium,سيريوم
|,serius,سيريوس
|,serkah (sekah),سرکه
|,serkai,سرکاي
|,serkap,سرکڤ
|,serkat,سرکت
|,serkup,سرکوڤ
|,serlah,سرله
|,serling,سرليڠ
|,sermangin,سرماڠين
|,sermet,سرميت
|,sernak (senak),سرنق
|,sero,سيرو
|,serobeh,سروبيه
|,serobok,سروبوق
|,serobot,سروبوت
|,seroda,سرودا
|,serodi,سرودي
|,serodok,سرودوق
|,serografi,سيروݢرافي
|,seroja,سروجا
|,serok,سيروق
|,seroka (teroka),سروک
|,serokan,سيروقن
|,serologi,سيرولوݢي
|,serombong,سرومبوڠ
|,serompok,سرومڤوق
|,serondeng,سرونديڠ
|,serondok,سروندوق
|,serondol,سروندول
|,serondong,سروندوڠ
|,serong,سيروڠ
|,serong-menyerong,سيروڠ ـ مپيروڠ
|,serongkong,سروڠکوڠ
|,seronok,سرونوق
|,seronot,سرونوت
|,seronyeh,سروپيه
|,seropot,سروڤوت
|,serosoh,سروسوه
|,serot,سروت
|,seroyong,سرويوڠ
|,seroyongan,سرويوڠن
|,serpa,سرڤا
|,serpai,سرڤاي
|,serpih,سرڤيه
|,serpihan,سرڤيهن
|,serpuk,سرڤوق
|,sersan,سرسن
|,sersi,سيرسي
|,serta,سرتا
|,serta-menyertai,سرتا ـ مرتاءي
|,serta-merta,سرتا ـ مرتا
|,serta-serta,سرتا٢
|,sertipikat,سيرتيڤيکت
|,sertu,سرتو
|,seru,سرو
|,seruan,سروان
|,seruak,سرواق
|,serual,سروال
|,seruas,سرواس
|,serugat,سروݢت
|,seruh,سروه
|,seruh-serah,سروه ـ سره
|,seruit,سروءيت
|,seruk,سروق
|,serul,سرول
|,seruling,سروليڠ
|,serum,سيروم
|,serumat,سرومت
|,serumpu,سرومڤو
|,serunai,سروناي
|,serunci,سرونچي
|,serunda,سروندا
|,serundang,سروندڠ
|,serungkup,سروڠکوڤ
|,seruni (serunai),سروني
|,serunjang,سرونجڠ
|,seruntun,سرونتون
|,serupih,سروڤيه
|,seruput,سروڤوت
|,seruras,سرورس
|,seruru,سرورو
|,serusah,سروسه
|,serut,سروت
|,serutan,سروتن
|,serutu,سروتو
|,seruyan,سروين
|,server,سرۏر
|,serviks,سرۏيکس
|,servis,سرۏيس
|,servo,سرۏو
|,serwa (serba),سروا
|,ses,سيس
|,sesagun,سساݢون
|,sesah,سسه
|,sesai,سساي
|,sesajen,سساجين
|,sesak,سسق
|,sesal,سسل
|,sesalan,سسلن
|,sesal-menyesali,سسل ـ مپسلي
|,sesalang,سسالڠ
|,sesap,سسڤ
|,sesapan,سسڤن
|,sesar,سسر
|,sesari,سساري
|,sesat,سست
|,sesawat,سساوت
|,sesema,سسما
|,sesawi,سساوي
|,sesekat,سسکت
|,sesenap,سسنڤ
|,sesenduk,سسندوق
|,sesentuh,سسنتوه
|,seser,سيسير
|,sesi,سيسي
|,sesia,سسيا
|,sesiak,سسياق
|,sesibar,سسيبر
|,sesibur,سسيبور
|,sesiku,سسيکو
|,sesira,سسيرا
|,sesium,سيسيوم
|,sesoca,سسوچا
|,sesondol,سسوندول
|,sesorok,سسوروق
|,sesuai,سسواي
|,sesuat,سسوات
|,sesumbar,سسومبر
|,sesungut,سسوڠوت
|,sesup,سسوڤ
|,set,سيت
|,seta,ستا
|,setada,ستادا
|,setagen,ستاݢين
|,setagi,ستاݢي
|,setai,ستاي
|,setak,ستق
|,setaka (astaka),ستاک
|,setaking,ستاکيڠ
|,setakona (astakona),ستاکونا
|,setal,ستل
|,setambuk,ستمبوق
|,setambul,ستمبول
|,setambun,ستمبون
|,setampin,ستمڤين
|,setan,سيتن
|,setana,ستان
|,setandang,ستندڠ
|,setang,ستڠ
|,setangan,ستاڠن
|,setanggi,ستڠݢي
|,setanjak (tanjak),ستنجق
|,setapak,ستاڤق
|,setapuh,ستاڤوه
|,setar,ستر
|,setat,ستت
|,setatar,ستاتر
|,setatuten,ستاتوتن
|,setawar,ستاور
|,setebal,ستبل
|,seteger,ستيݢير
|,seteheng,ستيهيڠ
|,setek,ستيک
|,seteker,ستيکير
|,setel,ستيل
|,setelan,ستيلن
|,setela,ستيلا
|,seteleng,سيتيلڠ
|,seteling,ستيليڠ
|,setem,ستيم
|,seteman,ستيمن
|,setemi,ستمي
|,setenggar (istinggar),ستيڠݢر
|,setepek,ستيڤيق
|,seter (bintang),ستير
|,seter (tukang),سيتير
|,seterika,ستريک
|,seterikaan,ستريکاءن
|,seteru,سترو
|,setewel (setiwal),ستيول
|,seti (sutera),ستي
|,seti (kerusi),سيتي
|,setia,ستيا
|,setiabu,ستيابو
|,setiar,ستيار
|,setiausaha,ستياءوسها
|,setiawan,ستياون
|,setiga,ستيݢ
|,setik,ستيق
|,setikan,ستيکن
|,setina,ستينا
|,seting,سيتيڠ
|,setinggan,ستيڠݢن
|,setinggar (istinggar),ستيڠݢر
|,setinggi,ستيڠݢي
|,setinja (istinjak),ستينجا
|,setip,ستيڤ
|,setir,ستير
|,setirman,ستيرمن
|,setoi,ستوي
|,setoka,ستوکا
|,seton,ستون
|,setonggang,ستوڠݢڠ
|,setop,ستوڤ
|,setopan,ستوڤن
|,setori,ستوري
|,setoter,ستوتر
|,setrap,سترڤ
|,setrapan,سترڤن
|,setrat,سترت
|,setrik,ستريک
|,setrimin,ستريمين
|,setrip,ستريڤ
|,setrum,ستروم
|,setrup,ستروڤ
|,setu (sj tumbuhan; ular),ستو
|,setu (restu),ستو
|,setui,ستوءي
|,setuju,ستوجو
|,setul (sentul),ستول
|,setulang,ستولڠ
|,setum,ستوم
|,setumpuk,ستومڤوق
|,setumpul,ستومڤول
|,setunduk,ستوندوق
|,setung,ستوڠ
|,setup,ستوڤ
|,seturi (kesturi),ستوري
|,sewa,سيوا
|,sewaan,سيواءن
|,sewah,سيواه
|,sewaka,سيواک
|,sewal,سيوال
|,sewang,سيواڠ
|,sewar,سيوار
|,sewat,سيوات
|,sewel,سيويل
|,sewu,سيوو
|,seyogia (yogia),سيوݢيا
|,sfera,سفيرا
|,sferometer,سفيروميتر
|,si,سي
|,sia,سيا
|,sia-sia,سيا٢
|,siaga,سياݢ
|,siah,سياه
|,siak,سياق
|,siak-siak,سياق٢
|,siakap,سياکڤ
|,sial,سيال
|,sialan,سيالن
|,sialang,سيالڠ
|,sialit,سياليت
|,siam,سيام
|,siamang,سيامڠ
|,siamit,سياميت
|,sianang,سيانڠ
|,siang,سياڠ
|,siang-siang,سياڠ٢
|,sianggit,سياڠݢيت
|,sianida,سيانيدا
|,sianogen,سيانوݢن
|,sianometri,سيانوميتري
|,siantan,سيانتن
|,siap,سياڤ
|,siapa,سياڤا
|,sesiapa,سسياڤا
|,siapa-siapa,سياڤا٢
|,siapuh,سياڤوه
|,siar,سيار
|,siaran,سيارن
|,siarah,سيارة
|,siarat,سيارة
|,siarawan,سياراون
|,siasah,سياسه
|,siasat,سياست
|,siasatan,سياستن
|,siat,سيات
|,siau,سياو
|,sibar,سيبار
|,sibar-sibar,سيبار٢
|,siber,سيبر
|,siberfobia,سيبرفوبيا
|,sibernetik,سيبرنيتيک
|,sibir,سيبير
|,sesibir,سسيبير
|,sibiran,سيبيرن
|,sibu,سيبو
|,sibuk,سيبوق
|,sibur,سيبور
|,sibur-sibur,سيبور٢
|,sibusuk (sebusuk),سيبوسوق
|,sida,سيدا
|,sida-sida,سيدا٢
|,sidaguri (seleguri),سيداݢوري
|,sidai,سيداي
|,sidaian,سيداين
|,sidang,سيدڠ
|,siddi,سيدي
|,siddiq,صديق
|,sidi,سيدي
|,sidik (fajar sidik),صديق
|,sidik (selidik),سيديق
|,sidik-midik,سيديق ـ ميديق
|,siding,سيديڠ
|,sidingin (sedingin),سيديڠين
|,siduga,سيدوݢ
|,siena,سيينا
|,siera,سييرا
|,sifar,صفر
|,sifat,صيفت
|,sifatekun,سيفاتکون
|,sifatullah,صفة الله
|,sifilis,سيفيليس
|,sifir,سيفير
|,sifon,سيفون
|,sigai,سيݢاي
|,sigak,سيݢق
|,sigando,سيݢندو
|,siganjur (ganjur),سيݢنجور
|,sigap,سيݢڤ
|,sigar,سيݢر
|,sigasir,سيݢاسير
|,sigenting,سيݢنتيڠ
|,sigi,سيݢي
|,sigma,سيݢما
|,signal,سيݢنل
|,signifikan,سيݢنيفيکن
|,siguh,سيݢوه
|,sigun,سيݢون
|,sigung,سيݢوڠ
|,sigup,سيݢوڤ
|,sigupan,سيݢوڤن
|,sih,سيه
|,sihat,صيحت
|,sihir,سيحير
|,sijil,سيجيل
|,sijundai,سيجونداي
|,sika,سيکا
|,sikah,سيکه
|,sikai,سيکاي
|,sikak,سيکق
|,sikang,سيکڠ
|,sikap,سيکڤ
|,sikari,سيکاري
|,sikat,سيکت
|,sikedempung,سيکدمڤوڠ
|,sikelambai,سيکلمباي
|,sikedidi (kedidi),سيکديدي
|,sikeduduk (senduduk),سيکدودوق
|,sikeras,سيکرس
|,siketumbak (sikudomba),سيکتومبق
|,sikik,سيکيق
|,sikikih,سيکيکيه
|,sikin,سيکين
|,sikit (dikit),سيکيت
|,sikjut,سيکجوت
|,siklik,سيکليک
|,siklomorfosis,سيکلومورفوسيس
|,siklon,سيکلون
|,siklostil,سيکلوستيل
|,siklotron,سيکلوترون
|,sikoi,سيکوي
|,siku,سيکو
|,sesiku,سسيکو
|,sikuan,سيکوان
|,siku-siku,سيکو٢
|,sikudidi,سيکوديدي
|,sikudomba,سيکودومبا
|,sikut,سيکوت
|,sil,سيل
|,sila,سيلا
|,silakan,سيلاکن
|,silakanlah,سيلاکنله
|,silalah,سيلاله
|,silabik,سيلابيک
|,silabus,سيلابوس
|,silah,سيله
|,silah-silah,سيله٢
|,silaj,سيلج
|,silalatu,سيلالاتو
|,silam,سيلم
|,silambam,سيلمبم
|,silampukau (selempukau),سلمڤوکاو
|,silang,سيلڠ
|,silangan,سيلڠن
|,silang-menyilang,سيلڠ ـ مپيلڠ
|,silang-pukang,سيلڠ ـ ڤوکڠ
|,silang-siur,سيلڠ ـ سيور
|,silap,سيلڤ
|,silara,سيلارا
|,silat,سيلت
|,silatulrahim,صلة الرحيم
|,silaturahmi,صلة الرحمي
|,silau,سيلاو
|,silengah,سيليڠه
|,silet,سيليت
|,silia,سيليا
|,silih,سيليه
|,silihan,سيليهن
|,silik,سيليق
|,silika,سيليکا
|,silikat,سيليکت
|,silikon,سيليکون
|,silikone,سيليکوني
|,silikosis,سيليکوسيس
|,silinder,سيليندر
|,siling,سيليڠ
|,silir,سيلير
|,siliran,سيليرن
|,silo,سيلو
|,silogisme,سيلوݢيسمى
|,silok,سيلوق
|,silsilah,سلسلة
|,silsilat,سلسلة
|,silu,سيلو
|,siluet,سيلوءيت
|,siluk,سيلوق
|,siluman,سيلومن
|,silungkang,سيلوڠکڠ
|,silvik,سيلۏيک
|,silvikultur,سيلۏيکولتور
|,simbah,سيمبه
|,simbahan,سيمبهن
|,simbai,سيمباي
|,simbal,سيمبل
|,simbang,سيمبڠ
|,simbar,سيمبر
|,simbat,سيمبت
|,simbion,سيمبيون
|,simbiosis,سيمبيوسيس
|,simbiotik,سيمبيوتيک
|,simbol,سيمبول
|,simbolik,سيمبوليک
|,simbolis,سيمبوليس
|,simbolisme,سيمبوليسمى
|,simbukan,سيمبوکن
|,simbur,سيمبور
|,simen,سيمين
|,simetri,سيميتري
|,simfoni,سيمفوني
|,simile,سيميلي
|,simis,سيميس
|,simpai,سيمڤاي
|,simpan,سيمڤن
|,simpanan,سيمڤنن
|,simpang,سيمڤڠ
|,simpangan,سيمڤڠن
|,simpang-perenang,سيمڤڠ ـ ڤرينڠ
|,simpang-siur,سيمڤڠ ـ سيور
|,simpasi (simpati),سيمڤاسي
|,simpatetik,سيمڤاتيتيک
|,simpati,سيمڤاتي
|,simpatisan,سيمڤاتيسن
|,simpir,سيمڤير
|,simpodium,سيمڤوديوم
|,simposium,سيمڤوسيوم
|,simptom,سيمڤتوم
|,simptomatologi,سيمڤتوماتولوݢي
|,simpuh,سيمڤوه
|,simpuk (sampuk),سيمڤوق
|,simpul,سيمڤول
|,simpulan,سيمڤولن
|,simulasi,سيمولاسي
|,simulator,سيمولاتور
|,simuntu,سيمونتو
|,simuntus,سيمونتوس
|,sin,سين
|,sinaga,سيناݢ
|,sinagog,سيناݢوݢ
|,sinai,سيناي
|,sinalinkawang,سينالينکاوڠ
|,sinambalas,سينمبالس
|,sinambung,سينمبوڠ
|,sinampipin,سينمڤيڤين
|,sinar,سينر
|,sinaran,سينرن
|,sinar-seminar,سينر ـ سمينر
|,sinar-x,سينر ـ ايکس
|,sinau,سيناو
|,sinau-seminau,سيناو ـ سميناو
|,sinawar,سيناور
|,sinda (senda),سيندا
|,sindaktili,سيندقتيلي
|,sindap,سيندڤ
|,sindau,سينداو
|,sindiket,سينديکيت
|,sindir,سيندير
|,sindiran,سينديرن
|,sindir-sindiran,سيندير ـ سينديرن
|,sindir-menyindir,سيندير ـ مپيندير
|,sindrom,سيندروم
|,sinekologi,سينيکولوݢي
|,sinematograf,سينيماتوݢرف
|,sinematografi,سينيماتوݢرافي
|,sinergi,سينرݢي
|,sinergisme,سينرݢيسمى
|,sineresis,سينريسيس
|,sing,سيڠ
|,singa,سيڠا
|,singahak,سيڠاهق
|,singas,سيڠس
|,singga,سيڠݢ
|,singgah,سيڠݢه
|,singgah-menyinggah,سيڠݢه ـ مپيڠݢه
|,singahsana,سيڠݢهسان
|,singgan,سيڠݢن
|,singgang,سيڠݢڠ
|,singgir,سيڠݢير
|,singgit,سيڠݢيت
|,singguh,سيڠݢوه
|,singgul,سيڠݢول
|,singgung,سيڠݢوڠ
|,singit,سيڠيت
|,singkak,سيڠکق
|,singkal (sungkal),سيڠکل
|,singkap,سيڠکڤ
|,singkar,سيڠکر
|,singkat,سيڠکت
|,singkatan,سيڠکتن
|,singkawang (tengkawang),سيڠکاوڠ
|,singki,سيڠکي
|,sinkil,سيڠکيل
|,singkir,سيڠکير
|,singkong,سيڠکوڠ
|,singkur,سيڠکور
|,singlet,سيڠليت
|,singsat,سيڠست
|,singse,سيڠسي
|,singsing,سيڠسيڠ
|,sini,سيني
|,sinis,سينيس
|,sinisme (sinisisme),سينيسمى
|,sinisisme,سينيسيسمى
|,sink (singki),سينک
|,sinkope,سينکوڤي
|,sinkronik,سينکرونيک
|,sinkronisasi,سينکرونيساسي
|,sinkroskop,سينکروسکوڤ
|,sinod,سينود
|,sinologi,سينولوݢي
|,sinoman,سينومن
|,sinonim,سينونيم
|,sinonimi,سينونيمي
|,sinopsis,سينوڤسيس
|,sintaksis,سينتکسيس
|,sintal,سينتل
|,sintar,سينتر
|,sintesis,سينتيسيس
|,sintetik,سينتيتيک
|,sintetis,سينتيتيس
|,sintigrafi,سينتيݢرافي
|,sinting (senteng),سينتيڠ
|,sintir,سينتير
|,sintua,سينتوا
|,sintuk,سينتوق
|,sintulang,سينتولڠ
|,sintung,سينتوڠ
|,sinuhun,سينوهون
|,sinus,سينوس
|,sinusitis,سينوسيتيس
|,sinyal,سيپل
|,sinyalir,سيپالير
|,sinyo,سيپو
|,sioca,سيوچا
|,siociah,سيوچياه
|,siongka,سيوڠک
|,sipahi,سيڤاهي
|,sipai,سيڤاي
|,sipak,سيڤق
|,sipat,سيڤت
|,sipedas,سيڤدس
|,sipesan (sepesan),سيڤسن
|,sipi,سيڤي
|,sipil,سيڤيل
|,sipir (sapir),سيڤير
|,sipoa (sempoa),سيڤوا
|,sipon,سيڤون
|,sipongang,سيڤوڠڠ
|,sipu,سيڤو
|,sipulut,سيڤولوت
|,siput,سيڤوت
|,sir,سر
|,sira,سيرا
|,sirah,سيره
|,siram,سيرم
|,sirampang (serampang),سيرمڤڠ
|,sirap,سيرڤ
|,sirat,سيرت
|,siratan,سيرتن
|,siratulmustakim,صراط المستقيم
|,siraung,سيراءوڠ
|,siraut,سيراءوت
|,siren,سيرن
|,sirene,سيريني
|,sirep (sirap),سيرڤ
|,siri,سيري
|,sirih,سيريه
|,sirik,سيريق
|,siring,سيريڠ
|,sirip,سيريڤ
|,sirkam,سيرکم
|,sirkol,سيرکول
|,sirkuit,سيرکوءيت
|,sirkulasi,سيرکولاسي
|,sirkuler,سيرکولير
|,sirkumfleks,سيرکومفليکس
|,sirna,سيرنا
|,siroko,سيروکو
|,sirosis,سيروسيس
|,sirsak,سيرسق
|,siru,سيرو
|,sirung,سيروڠ
|,sisa,سيسا
|,sisal,سيسل
|,sisalak,سيسالق
|,sisi,سيسي
|,sisih,سيسيه
|,sisihan,سيسيهن
|,sisik,سيسيق
|,sisip,سيسيڤ
|,sisipan,سيسيڤن
|,sisir,سيسير
|,sista,سيستا
|,sistem,سيستم
|,sistematik,سيستماتيک
|,sistematis,سيستماتيس
|,sistina,سيستينا
|,sistisis,سيستيسيس
|,sistole,سيستولي
|,sistrum,سيستروم
|,sisurut (surut),سيسوروت
|,siswa,سيسوا
|,siswazah,سيسوازه
|,siswi,سيسوي
|,sit,سيت
|,sita,سيتا
|,sitaan,سيتاءن
|,sitak,سيتق
|,sitar,سيتر
|,sitat,سيتت
|,sitegang (tegang),سيتݢڠ
|,sitekan (tekan),سيتکن
|,siti,سيتي
|,siting,سيتيڠ
|,sitir,سيتير
|,sitokar (stoker),سيتوکر
|,sitokinin,سيتوکينين
|,sitolisis,سيتوليسيس
|,sitologi,سيتولوݢي
|,sitoplasma,سيتوڤلسما
|,sitrat,سيترت
|,sitrik,سيتريک
|,sitrus,سيتروس
|,situ,سيتو
|,situasi,سيتواسي
|,sitih,سيتيه
|,siuh,سيوه
|,siuk,سيوق
|,siul,سيول
|,siulan,سيولن
|,siuman,سيومن
|,siung,سيوڠ
|,siur,سيور
|,siut,سيوت
|,siutan,سيوتن
|,sivik,سيۏيک
|,sivil,سيۏيل
|,siwalan,سيوالن
|,siya,سييا
|,skabies,سکابييس
|,skala,سکالا
|,skala richter,سکالاريکتر
|,skalogram,سکالوݢرم
|,skalop,سکالوڤ
|,skalpel,سکلڤل
|,skandal,سکندل
|,skandium,سکنديوم
|,skapula,سکاڤولا
|,skarf,سکرف
|,skarlatina,سکرلاتينا
|,skema,سکيما
|,skeptikal,سکيڤتيکل
|,skeptis,سکيڤتيس
|,skeptisisme,سکيڤتيسيسمى
|,sketsa,سکيتسا
|,ski,سکي
|,skil,سکيل
|,skim,سکيم
|,skion,سکيون
|,skirt,سکرت
|,skirting,سکيرتيڠ
|,skizofrenia,سکيزوفرينيا
|,skizoid,سکيزوءيد
|,sklerenkima,سکلرينکيما
|,sklerosis,سکليروسيس
|,skolastik,سکولستيک
|,skolastisisme,سکولستيسيسمى
|,skon,سکون
|,skop,سکوڤ
|,skor,سکور
|,skors,سکورس
|,skrabel,سکرابل
|,skrin,سکرين
|,skrip,سکريڤ
|,skriptorium,سکريڤتوريوم
|,skrol,سکرول
|,skrotum,سکروتوم
|,skru,سکرو
|,skrum,سکروم
|,skuad,سکواد
|,skuadron,سکوادرون
|,skuasy,سکواش
|,skuba,سکوبا
|,skuner,سکونر
|,skup,سکوڤ
|,skurvi,سکورۏي
|,skuter,سکوتر
|,slaid,سلاءيد
|,slalom,سلالوم
|,slander,سلندر
|,slang,سلڠ
|,slanga,سلاڠا
|,slek,سليک
|,slendro,سليندرو
|,slip,سليڤ
|,slogan,سلوݢن
|,slot,سلوت
|,smalt,سملت
|,smokel,سموکل
|,smoking,سموکيڠ
|,snek,سنيک
|,snekbar,سنيکبر
|,snorkel,سنورکل
|,snuker,سنوکر
|,soak,سواق
|,soal,سوءال
|,soalan,سوءالن
|,soang,سواڠ
|,sobat,سوبت
|,sobek,سوبيق
|,sobekan,سوبيقن
|,sobok,سوبوق
|,soda,سودا
|,sodek,سوديق
|,sodit,سوديت
|,sodok,سودوق
|,sodomi,سودومي
|,sodor,سودور
|,soek,سوءيق
|,sofa,سوفا
|,sofbol,سوفبول
|,sofis,سوفيس
|,sofisme,سوفيسمى
|,sofistikasi,سوفيستيکاسي
|,sofistikated,سوفيستيکاتد
|,soga,سوݢ
|,sogang,سوݢڠ
|,sogok,سوݢوق
|,sogokan,سوݢوقن
|,sogosyosya,سوݢوشوشا
|,sohor,سوهور
|,soja,سوجا
|,sojah,سوجه
|,sojar,سوجر
|,sok,سوک
|,soka,سوکا
|,sokah,سوکه
|,sokak,سوکق
|,soket,سوکيت
|,sokoguru,سوکوݢورو
|,sokom,سوکوم
|,sokong,سوکوڠ
|,sokongan,سوکوڠن
|,soksek,سوقسيق
|,soksek-soksek,سوقسيق٢
|,sol,سول
|,solak,سولق
|,solang,سولڠ
|,solar,سولر
|,solarimeter,سولاريميتر
|,solarium,سولاريوم
|,solat,صلاة
|,soldadu (serdadu),سولدادو
|,solder,سولدير
|,soleh,صالح
|,solehah,صالحة
|,solek,سوليق
|,solekan,سوليقن
|,solenoid,سولنوءيد
|,solider,سوليدير
|,solihin,صالحين
|,solilokui,سوليلوکوءي
|,soljar,سولجر
|,solipsisme,سوليڤسيسمى
|,solo,سولو
|,solok,سولوق
|,solokan,سولوقن
|,solstis,سولستيس
|,som,سوم
|,sombok,سومبوق
|,sombol,سومبول
|,sombong,سومبوڠ
|,sombrero,سومبريرو
|,someng,سوميڠ
|,somet,سومت
|,somnambulis,سومنمبوليس
|,somnambulisme,سومنمبوليسمى
|,sompek,سومڤيق
|,sompeng,سومڤيڠ
|,somplak,سومڤلق
|,somplok,سومڤلوق
|,sompoh,سومڤوه
|,sompok,سومڤوق
|,sompong,سومڤوڠ
|,sompoton,سومڤوتون
|,sonar,سونر
|,sonata,سوناتا
|,sonatina,سوناتينا
|,sondai,سونداي
|,sondang,سوندڠ
|,sondek,سونديق
|,sonder,سوندر
|,sondok,سوندوق
|,sondol,سوندول
|,sondolan,سوندولن
|,sondong,سوندوڠ
|,sondor (sodor),سوندور
|,sonet,سونيت
|,soneta,سونيتا
|,songeh,سوڠيه
|,songel,سوڠيل
|,songgak,سوڠݢق
|,songgeng (sungging),سوڠݢيڠ
|,songket,سوڠکيت
|,songkok,سوڠکوق
|,songkong,سوڠکوڠ
|,songlap (sulap),سوڠلڤ
|,songong,سوڠوڠ
|,songsang,سوڠسڠ
|,songsangan,سوڠسڠن
|,songsong,سوڠسوڠ
|,sono,سونو
|,sonometer,سونوميتر
|,sonor,سونور
|,sontak,سونتق
|,sontek,سونتيق
|,sontok,سونتوق
|,sontoloyo,سونتولويو
|,sopak,سوڤق
|,sopan,سوڤن
|,sopi,سوڤي
|,soprano,سوڤرانو
|,sora,سورا
|,sorai (sorak),سوراي
|,sorak,سورق
|,sorakan,سورقن
|,sorak-sorai,سورق ـ سوراي
|,sorang,سورڠ
|,sordel (solder),سورديل
|,sore,سوري
|,sorek,سوريق
|,soren,سورين
|,sorga (syurga),سورݢ
|,sorjan,سورجن
|,sorogan,سوروݢن
|,sorok,سوروق
|,sorokan,سوروقن
|,sorok-menyorok,سوروق ـ مپوروق
|,sorok-sorokan,سوروق ـ سوروقن
|,sorong,سوروڠ
|,sorongan,سوروڠن
|,sorot,سوروت
|,sorotan,سوروتن
|,sorti,سورتي
|,sortir,سورتير
|,soru,سورو
|,sos,سوس
|,soseh,سوسيه
|,soseh-soseh,سوسيه٢
|,sosej,سوسيج
|,sosial,سوسيال
|,sosialis,سوسياليس
|,sosialisasi,سوسياليساسي
|,sosialisme,سوسياليسمى
|,sosialit,سوسياليت
|,sosiawan,سوسياون
|,sosio-,سوسيو ـ 
|,sosiobiologi,سوسيوبيولوݢي
|,sosiobudaya,سوسيوبودايا
|,sosiodrama,سوسيودراما
|,sosioekonomi,سوسيوايکونومي
|,sosiolek,سوسيوليک
|,sosiolinguistik,سوسيوليڠݢوءيستيک
|,sosiologi,سوسيولوݢي
|,sosiologis,سوسيولوݢيس
|,sosiometri,سوسيوميتري
|,sosiopolitik,سوسيوڤوليتيک
|,sositet,سوسيتيت
|,sosoh,سوسوه
|,sosok,سوسوق
|,soto,سوتو
|,sotong,سوتوڠ
|,sotor,سوتور
|,sowan (soang),سوون
|,sowang (soang),سووڠ
|,sowek (sobek),سوويق
|,soya,سويا
|,soyak,سويق
|,soyok,سويق
|,spa,سڤا
|,spageti,سڤاݢيتي
|,span,سڤن
|,spasi,سڤاسي
|,spasma,سڤسما
|,spasmodik,سڤسموديک
|,spastik,سڤستيک
|,spatbor,سڤتبور
|,speaker,سڤيکر
|,sped,سڤيد
|,spektrofotometer,سڤيکتروفوتوميتر
|,spektrograf,سڤيکتروݢرف
|,spektrografi,سڤيکتروݢرافي
|,spektrometer,سڤيکتروميتر
|,spektroskop,سڤيکتروسکوڤ
|,spektroskopi,سڤيکتروسکوڤي
|,spektrum,سڤيکتروم
|,spekulan,سڤيکولن
|,spekulasi,سڤيکولاسي
|,spekulatif,سڤيکولاتيف
|,spekulator,سڤيکولاتور
|,spekulum,سڤيکولوم
|,speleologi,سڤيليولوݢي
|,sperma,سڤرما
|,spermatozoon,سڤرماتوزون
|,spesialis,سڤيسياليس
|,spesialisasi,سڤيسياليساسي
|,spesies,سڤيسيس
|,spesifik,سڤيسيفيک
|,spesimen,سڤيسيمن
|,spidometer,سڤيدوميتر
|,spinet,سڤينيت
|,spion,سڤييون
|,spirilum,سڤيريلوم
|,spesifikasi,سڤيسيفيکاسي
|,spirit,سڤيريت
|,spiritisme,سڤيريتيسمى
|,spiritual,سڤيريتوال
|,spiritualisme,سڤيريتواليسمى
|,spirituil,سڤيريتوءيل
|,spirogira,سڤيروݢيرا
|,spirograf,سڤيروݢرف
|,spiroket,سڤيروکيت
|,spirometer,سڤيروميتر
|,spirulina,سڤيرولينا
|,splenektomi,سڤلينيکتومي
|,splenitis,سڤلينيتيس
|,spoiler,سڤويلر
|,spondilitis,سڤونديليتيس
|,spondilosis,سڤونديلوسيس
|,spontan,سڤونتن
|,spora,سڤورا
|,sporangium,سڤوراڠيوم
|,sporozoa,سڤوروزوا
|,sport,سڤورت
|,sportif,سڤورتيف
|,sporting,سڤورتيڠ
|,spring,سڤريڠ
|,springbok,سڤريڠبوک
|,sputnik,سڤوتنيک
|,sputum,سڤوتوم
|,srikandi,سريکندي
|,stabil,ستابيل
|,stabilisasi,ستابيليساسي
|,stabiliti,ستابيليتي
|,stadion,ستاديون
|,stadium,ستاديوم
|,staf,ستف
|,stafaj,ستافج
|,stag,ستݢ
|,stagflasi,ستݢفلاسي
|,stagnasi,ستݢناسي
|,stail,ستاءيل
|,stalagmit,ستلݢميت
|,stalaktit,ستالکتيت
|,stamen,ستامين
|,stamina,ستامينا
|,standard,ستندرد
|,standardisasi,ستندرديساسي
|,stanum,ستانوم
|,stanza,ستنزا
|,stapler,ستاڤلر
|,stasion (stesen),ستاسيون
|,stasiun (stesen),ستاسيون
|,statik,ستاتيک
|,statis,ستاتيس
|,statistik,ستاتيستيک
|,stator,ستاتور
|,status,ستاتوس
|,status quo,ستاتوسکو
|,statut,ستاتوت
|,statutori,ستاتوتوري
|,stearin,ستيارين
|,stelsel,ستيلسيل
|,stempel,ستيمڤيل
|,sten (stengan),ستين
|,stengan,ستينݢن
|,steno,ستينو
|,stenografi,ستينوݢرافي
|,stenogram,ستينوݢرم
|,stenosis,ستينوسيس
|,stensil,ستينسيل
|,stensilan,ستينسيلن
|,steppe,ستيڤ
|,stereng,ستيريڠ
|,stereo,ستيريو
|,stereofonik,ستيريوفونيک
|,stereometri,ستيريوميتري
|,stereoskop,ستيريوسکوڤ
|,stereoskopi,ستيريوسکوڤي
|,stereotaip,ستيريوتاءيڤ
|,steril,ستيريل
|,sterilisasi,ستيريليساسي
|,sterling,سترليڠ
|,sternum,سترنوم
|,steroid,ستيروءيد
|,sterol,ستيرول
|,stesen,ستيسين
|,stet,ستيت
|,stetoskop,ستيتوسکوڤ
|,stew (stu),ستيو
|,stigma,ستيݢما
|,stik,ستيک
|,stiker,ستيکر
|,stil,ستيل
|,stilistik,ستيليستيک
|,stilistika (stilistik),ستيليستيکا
|,stim,ستيم
|,stirena,ستيرينا
|,stok,ستوک
|,stoker,ستوکر
|,stoking,ستوکيڠ
|,stokis,ستوکيس
|,stoma,ستوما
|,stomata (stoma),ستوماتا
|,stomatitis,ستوماتيتيس
|,ston,ستون
|,stopkeran,ستوڤکرن
|,stopkontak,ستوڤکونتق
|,stoples,ستوڤليس
|,stor,ستور
|,storan,ستورن
|,stout,ستاءوت
|,strata,ستراتا
|,strategi,ستراتيݢي
|,strategik,ستراتيݢيک
|,starategis,ستراتيݢيس
|,stratifikasi,ستراتيفيکاسي
|,stratigrafi,ستراتيݢرافي
|,stratokrasi,ستراتوکراسي
|,stratopaus,ستراتوڤاءوس
|,stratosfera,ستراتوسفيرا
|,straw,سترو
|,strawberi,ستروبيري
|,strecer,ستريچر
|,streptokokus,ستريڤتوکوکوس
|,streptomisin,ستريڤتوميسين
|,stres,ستريس
|,striknina,ستريکنينا
|,stroboskop,ستربوسکوڤ
|,strok,ستروک
|,strontium,سترونتيوم
|,strudel,سترودل
|,struktur,ستروکتور
|,struktural,ستروکتورل
|,strukturalisme,ستروکتورليسمى
|,stu,ستو
|,studen,ستودن
|,studi,ستودي
|,studio,ستوديو
|,stuko,ستوکو
|,stupa,ستوڤا
|,stupor,ستوڤور
|,sturgeon,ستورݢييون
|,sua,سوا
|,suah,سواه
|,suai,سواي
|,suak,سواق
|,suaka,سواک
|,sualak (solak),سوالق
|,suam,سوام
|,suami,سوامي
|,suang,سواڠ
|,suangi,سواڠي
|,suap,سواڤ
|,suapan,سواڤن
|,suar,سوار
|,suara,سوارا
|,suarang,سوارڠ
|,suargaloka,سوارݢالوک
|,suari,سواري
|,suasa,سواس
|,suasana,سواسان
|,suatu,سواتو
|,sesuatu,سسواتو
|,sub-,سوب ـ 
|,subahat (syubhat),سوباهت
|,subak,سوبق
|,subakua,سوباکوا
|,subal,سوبل
|,subam,سوبم
|,suban,سوبن
|,subang,سوبڠ
|,subantartik,سوبانترتيک
|,subartik,سوبارتيک
|,subbahagian,سوببهاݢين
|,subbidang,سوببيدڠ
|,subbudaya,سوببودايا
|,subeditor,سوبئيديتور
|,subentri,سوبئينتري
|,subfamili,سوبفاميلي
|,subgenus,سوبݢينوس
|,subgolongan,سوبݢولوڠن
|,subhana,سبحان
|,subinspektor,سوباينسڤيکتور
|,subjek,سوبجيک
|,subjektif,سوبحيکتيف
|,subjektiviti,سوبجيکتيۏيتي
|,subjektivitisme,سوبجيکتيۏيتيسمى
|,sub judice,سوبجوديس
|,subjudul,سوبجودول
|,subkelas,سوبکلس
|,subkontrak,سوبکونترک
|,subkontraktor,سوبکونترکتور
|,subkultur,سوبکولتور
|,subkumpulan,سوبکومڤولن
|,sublema,سوبليما
|,sublimat,سوبليمت
|,submesin-gan,سوبميسينݢن
|,subnormal,سوبنورمل
|,suborder,سوباوردر
|,subordinat,سوبئوردينت
|,subplot,سوبڤلوت
|,subrutin,سوبروتين
|,subseksyen,سوبسيکشن
|,subsektor,سوبسيکتور
|,subsidi,سوبسيدي
|,subsidairi,سوبسيدياري
|,subsistem,سوبسيستم
|,subskrip,سوبسکريڤ
|,subsonik,سوبسونيک
|,subspesies,سوبسڤيسيس
|,substandard,سوبستندرد
|,substantif,سوبستنتيف
|,substantiva,سوبستنتيۏا
|,substesen,سوبستيسين
|,substruktur,سوبستروکتور
|,subtajuk,سوبتاجوق
|,subtanah,سوبتانه
|,subtropika,سوبتروڤيکا
|,subuh,صبح
|,subuk,سوبوق
|,subur,سوبور
|,subversi,سوبۏرسي
|,subversif,سوبۏرسيف
|,subversifisme,سوبۏرسيفيسمى
|,subyek,سوبجيک
|,subyektif,سوبحيکتيف
|,suci,سوچي
|,suda,سودا
|,sudagar,سوداݢر
|,sudah,سوده
|,sesudah,سسوده
|,sesudahnya,سسودهڽ
|,sesudah-sudah,سسوده ـ سوده
|,sesudah-sudahnya,سسوده ـ سودهڽ
|,sudahlah,سودهله
|,sudah-sudah,سوده٢
|,sudang,سودڠ
|,sudara,سودارا
|,sudera,سودرا
|,sudi,سودي
|,sudip,سوديڤ
|,sudu,سودو
|,sudu-sudu,سودو٢
|,suduayah,سودوايه
|,suduk,سودوق
|,sudung,سودوڠ
|,sudung-sudung,سودوڠ٢
|,sudur,سودور
|,sudut,سودوت
|,sudutan,سودوتن
|,suf,صوف
|,sufal,سوفل
|,sufi,صوفي
|,sufisme,سوفيسمى
|,sufistik,سوفيستيک
|,sufle,سوفلي
|,sugar,سوݢر
|,sugesti,سوݢيستي
|,sugestif,سوݢيستيف
|,sugi,سوݢي
|,sugih,سوݢيه
|,suguh,سوݢوه
|,suguhan,سوݢوهن
|,sugul,سوݢول
|,sugun,سوݢون
|,suh (suhu),سوه
|,suhad,سهاد
|,suhian,سوهيان
|,suhu,سوهو
|,suhuf (sahifah),صحف
|,suhun,سوهون
|,sui generis,سويݢينيريس
|,suir,سوءير
|,suis,سوءيس
|,suit,سوءيت
|,suitan,سوءيتن
|,sujana,سوجان
|,sujen,سوجين
|,suji,سوجي
|,sujian,سوجين
|,sujud,سوجود
|,suka,سوک
|,sesuka,سسوک
|,sesuka-suka,سسوکا ـ سوک
|,sukaan,سوکاءن
|,suka-suka,سوک٢
|,sukacita,سوکاچيتا
|,sukai,سوکاي
|,sukamandi,سوکامندي
|,sukan,سوکن
|,sukaneka,سوکانيک
|,sukar,سوکر
|,sukarela,سوکاريلا
|,sukarelawan,سوکاريلاون
|,sukarelawati,سوکاريلاواتي
|,sukaria,سوکاريا
|,sukat,سوکت
|,sukatan,سوکتن
|,sukduf (syakduf),شقدوف
|,suki,سوکي
|,sukiyaki,سوکيياکي
|,sukma,سوقما
|,sukrase,سوکراسى
|,sukrosa,سوکروسا
|,sukses,سوکسيس
|,suku,سوکو
|,sepersukuan,سڤرسوکوان
|,sukuan,سوکوان
|,suku-sakat,سوکو ـ ساکت
|,sukubanyak,سوکوباپق
|,sukudua,سوکودوا
|,sukulen,سوکولن
|,sukulometer,سوکولوميتر
|,sukun,سوکون
|,sukutiga,سوکوتيݢ
|,sula,سولا
|,sulaan,سولاءن
|,sulah,سوله
|,sulalah,سلالة
|,sulalat,سلالة
|,sulam,سولم
|,sulaman,سولمن
|,sulam-menyulam,سولم ـ مپولم
|,sulang,سولڠ
|,sulang-menyulang,سولڠ ـ مپولڠ
|,sulap,سولڤ
|,sulapan,سولڤن
|,sulat,سولت
|,sulat-salit,سولت ـ ساليت
|,sulfat,سولفت
|,sulfida,سولفيدا
|,sulfit,سولفيت
|,sulfur,سولفور
|,sulfurik,سولفوريک
|,suli,سولي
|,sulih,سوليه
|,suling,سوليڠ
|,sulingan,سوليڠن
|,sulip,سوليڤ
|,sulit,سوليت
|,suloi,سولوي
|,sultan,سلطان
|,sultana,سولتانا
|,sultanah,سلطانه
|,sultanat,سلطانة
|,sultani,سلطاني
|,sulu (suluh),سولو
|,sulub (salbi),صلب
|,suluh,سولوه
|,suluk,سلوق
|,sulung,سولوڠ
|,sulup,سولوڤ
|,sulur,سولور
|,sulur-suluran,سولور ـ سولورن
|,sulut,سولوت
|,sum,سوم
|,sumazau,سومازاو
|,sumbang,سومبڠ
|,sumbangan,سومبڠن
|,sumbangsih,سومبڠسيه
|,sumbar,سومبار
|,sumbat,سومبت
|,sumbatan,سومبتن
|,sumbel,سومبل
|,sumber,سومبر
|,sumbi,سومبي
|,sumbing,سومبيڠ
|,sumbu,سومبو
|,sumbuk,سومبوق
|,sumbul,سومبول
|,sumbur,سومبور
|,sumbut,سومبوت
|,sumengit,سومڠيت
|,sumin,سومين
|,sumir,سومير
|,sumo,سومو
|,sumpah,سومڤه
|,sumpahan,سومڤهن
|,sumpah-sumpah,سومڤه٢
|,sumpal,سومڤل
|,sumpel,سومڤل
|,sumping (sunting),سومڤيڠ
|,sumpit,سومڤيت
|,sumpitan,سومڤيتن
|,sumpit-sumpit,سومڤيت٢
|,sumpu,سومڤو
|,sumpuh,سومڤوه
|,sumsum,سومسوم
|,sumur,سومور
|,sumurung,سوموروڠ
|,sun,سون
|,sunah,سنة
|,sunai,سوناي
|,sunam,سونم
|,sunan,سونن
|,sunat,سونت
|,sunatan,سونتن
|,sundae,سوندي
|,sundai,سونداي
|,sundak,سوندق
|,sundal,سوندل
|,sundang,سوندڠ
|,sundari,سونداري
|,sundatang,سونداتڠ
|,sundusi,سوندوسي
|,sundusin,سوندوسين
|,sundut,سوندوت
|,sungai,سوڠاي
|,sungga,سوڠݢ
|,sunggi,سوڠݢي
|,sungging,سوڠݢيڠ
|,sunggit (sungkit),سوڠݢيت
|,sungguh,سوڠݢوه
|,sesungguhnya,سسوڠݢوهڽ
|,sungguhpun,سوڠݢوهڤون
|,sungguh-sungguh,سوڠݢوه٢
|,sungkah,سوڠکه
|,sungkai,سوڠکاي
|,sungkal,سوڠکل
|,sungkan,سوڠکن
|,sungkap,سوڠکڤ
|,sungkawa,سوڠکاوا
|,sungkit,سوڠکيت
|,sungkitan,سوڠکيتن
|,sungkuk,سوڠکوق
|,sungkum,سوڠکوم
|,sungkup,سوڠکوڤ
|,sungkupan,سوڠکوڤن
|,sungkur,سوڠکور
|,sungkuran,سوڠکورن
|,sunglap,سوڠلڤ
|,sungu,سوڠو
|,sungul,سوڠول
|,sungut,سوڠوت
|,sesungut,سسوڠوت
|,sungutan,سوڠوتن
|,sungut-sungut,سوڠوت٢
|,suni,سوني
|,sunjam,سونجم
|,sunnah (sunah),سنة
|,sunni,سني
|,suntang,سونتڠ
|,sunti,سونتي
|,suntih,سونتيه
|,suntik,سونتيق
|,suntikan,سونتيقن
|,sunting,سونتيڠ
|,suntingan,سونتيڠن
|,suntuk,سونتوق
|,sunu,سونو
|,sunyata,سوپات
|,sunyi,سوپي
|,sup,سوڤ
|,supai (sipahi),سوڤاي
|,supaya,سوڤايا
|,super-,سوڤر ـ 
|,superego,سوڤرئيݢو
|,superfisial,سوڤرفيسيال
|,superfosfat,سوڤرفوسفت
|,superintenden,سوڤراينتيندن
|,superior,سوڤيريور
|,superioritas,سوڤيريوريتس
|,superioriti,سوڤيريوريتي
|,superjaring,سوڤرجاريڠ
|,superkomputer,سوڤرکومڤوتر
|,superlatif,سوڤرلاتيف
|,supernova,سوڤرنوۏا
|,superordinat,سوڤراوردينت
|,superskrip,سوڤرسکريڤ
|,supersonik,سوڤرسونيک
|,superstruktur,سوڤرستروکتور
|,supir,سوڤير
|,supit (sumpit),سوڤيت
|,suplemen,سوڤليمين
|,suplementari,سوڤليمينتاري
|,supletoar,سوڤليتووار
|,supositori,سوڤوسيتوري
|,supra-,سوڤرا ـ 
|,supranasional,سوڤراناسيونل
|,supranasionalisme,سوڤراناسيوناليسمى
|,supremasi,سوڤريماسي
|,supt,سوڤت
|,suraga,سوراݢ
|,surah,سورة
|,surahi,سورهي
|,surai,سوراي
|,suralaya,سورالاي
|,suraloka,سورالوک
|,suram,سورم
|,suram-suram,سورم٢
|,surat,سورت
|,suratan,سورتن
|,surat-menyurat,سورت ـ مپورت
|,surati,سوراتي
|,surau,سوراو
|,suraya,سورايا
|,surcaj,سرچج
|,surd,سورد
|,surealis,سورياليس
|,surealistik,سورياليستيک
|,surealisme,سورياليسمى
|,suren,سورين
|,surgeri,سورݢري
|,suri,سوري
|,suria,سوريا
|,surian,سوريان
|,surih,سوريه
|,surih-surih,سوريه٢
|,surin,سورين
|,suris (surih),سوريس
|,sursak (sirsak),سورسق
|,surud,سورود
|,suruh,سوروه
|,suruhan,سوروهن
|,suruh-suruhan,سوروه ـ سوروهن
|,suruhanjaya,سوروهنجاي
|,suruk,سوروق
|,suruk-suruk,سوروق٢
|,surup,سوروڤ
|,surut,سوروت
|,suryakanta,سورياکنتا
|,susah,سوسه
|,susastera,سوسسترا
|,susila,سوسيلا
|,susilat,سوسيلت
|,suspek,سوسڤيک
|,suspens (saspens),سوسڤينس
|,suspensi,سوسڤينسي
|,suster,سوستر
|,susu,سوسو
|,susuan,سوسوان
|,susuh,سوسوه
|,susuk,سوسوق
|,susukan,سوسوقن
|,susul,سوسول
|,susulan,سوسولن
|,susun,سوسون
|,susunan,سوسونن
|,susung (songsong),سوسوڠ
|,susup,سوسوڤ
|,susup-sasap,سوسوڤ ـ ساسڤ
|,susuput,سوسوڤوت
|,susur,سوسور
|,susuran,سوسورن
|,susur-galur,سوسور ـ ݢالور
|,susut,سوسوت
|,susutan,سوسوتن
|,susyi,سوشي
|,sut,سوت
|,sutan,سوتن
|,suten,سوتن
|,sutera,سوترا
|,sutil,سوتيل
|,sutradara,سوترادارا
|,sutuh,سطوح
|,sutur,سوتور
|,suun,سوءون
|,suwer,سووير
|,suwir,سووير
|,swa-,سوا ـ 
|,swadaya,سواداي
|,swadesi,سواديسي
|,swakarya,سواکريا
|,swalayan,سوالاين
|,swapraja,سواڤراج
|,swasambada,سواسمبادا
|,swasenyawa,سواسپاوا
|,swasraya,سواسراي
|,swasta,سواستا
|,swastika,سواستيکا
|,swatantra,سواتنترا
|,sweater,سويتر
|,swiper,سويڤر
|,syabah,شابه
|,syabas,شباس
|,syabi,شابي
|,syabu,شابو
|,syaddah,شده
|,syafaat,شفاعة
|,syafak,شفق
|,syafakah,شفقة
|,syafakat,شفقة
|,syagar (sakar),شاݢر
|,syah,شاه
|,syahadah,شهادة
|,syahadan,شهدان
|,syahadat,شهادة
|,syahbandar,شهبندر
|,syahda (syahdu),شهدا
|,syahdu,شهدو
|,syahid,شهيد
|,syahmat,شهمت
|,syahmura,شهمورا
|,syahwat,شهوة
|,syair,شعير
|,syairi,شعيري
|,syaitan,شيطان
|,syajar,شجر
|,syajarat,شجرة
|,syak,شک
|,syakar (sakar),شاکر
|,syakduf (sekedup),شقدوف
|,syakhsi,شخصي
|,syal,شل
|,syala,شالا
|,syamali,شمالي
|,syampu,شمڤو
|,syamsi (samsu),شمسي
|,syamsiah,شمسية
|,syamsiat,شمسية
|,syamsir,شمسير
|,syamsu,شمسو
|,syandi,شندي
|,syantung,شنتوڠ
|,syar,شر
|,syarab,شراب
|,syarah,شرح
|,syarahan,شرحن
|,syarak,شرع
|,syarat,شرط
|,syarbat (serbat),شربت
|,syariah,شرعية
|,syariah (syariat),شريعة
|,syariat,شريعة
|,syarie (syarii),شرعي
|,syarif,شريف
|,syarifah,شريفة
|,syarii,شرعي
|,syarik,شريک
|,syarikat,شريکت
|,syarpit,شرڤيت
|,syatar,شطر
|,syaulam,شاولم
|,syed (sayid),سيد
|,syeikh,شيخ
|,syelek,شيليک
|,syer,شير
|,syeri,شيري
|,syerif,شيريف
|,syiar,شعار
|,syif,شيف
|,syifa,شيفاء
|,syil,شيل
|,syiling,شيليڠ
|,syim,شيم
|,syin,شين
|,syirik,شيريک
|,syiuh (siuh),شيوه
|,syogun,شوݢون
|,syok,شوق
|,syor,شور
|,syot,شوت
|,syubhah,شبهة
|,syubhat,شبهة
|,syuhada,شهداء
|,syukur,شکور
|,syumul,شمول
|,syura,شورى
|,syurah (syarah),شراح
|,syurga,شرݢ
|,syurgaloka,شرݢالوک
|,syuruk,شروق
|,setahap,ستاهڤ
|,setahu,ستاهو
|,setahun,ستاهون
|,setahun-tahunan,ستاهون ـ تاهونن
|,setakar,ستاکر
|,setakat,ستاکت
|,setala,ستالا
|,setali,ستالي
|,sepenambat,سڤنمبت
|,setambatan,ستمبتن
|,setampan,ستمڤن
|,sepenampang,سڤنمڤڠ
|,setampang,ستمڤڠ
|,setampik,ستامڤيق
|,sepenanak,سڤنانق
|,setanding,ستنديڠ
|,setangga,ستڠݢ
|,sepenangkap,سڤنڠکڤ
|,setangkas,ستڠکس
|,setangkup,ستڠکوڤ
|,sepertapaan,سڤرتاڤاءن
|,setapak,ستاڤق
|,setara,ستارا
|,setaraf,سطرف
|,sepertarungan,سڤرتاروڠن
|,sepertegak,سڤرتݢق
|,setegak,ستݢق
|,setegang,ستݢڠ
|,seteguh,ستݢوه
|,seteguk,ستݢوق
|,setelah,ستله
|,setelempap,ستلمڤڤ
|,setempap,ستمڤڤ
|,setempat,ستمڤت
|,setempat-setempat,ستمڤت٢
|,setempat-tempat,ستمڤت ـ تمڤت
|,setempuh,ستمڤوه
|,sesetengah,سستڠه
|,setengah,ستڠه
|,setengah-setengah,ستڠه٢
|,setentang,ستنتڠ
|,setiap,ستياڤ
|,setiba,ستيبا
|,seketiduran,سکتيدورن
|,setiduran,ستيدورن
|,sepertiga,سڤرتيݢ
|,sepertigaan,سڤرتيݢاءن
|,setiga,ستيݢ
|,setimbal,ستيمبل
|,setimbang,ستيمبڠ
|,setimbangan,ستيمبڠن
|,setimpal,ستيمڤل
|,sepeninggal,سڤنيڠݢل
|,sepeninggalan,سڤنيڠݢلن
|,setinggi,ستيڠݢي
|,setinggi-tinggi,ستيڠݢي ـ تيڠݢي
|,setingkat,ستيڠکت
|,setolok,ستولوق
|,setotet,ستوتيت
|,seukur,سأوکور
|,seukuran,سأوکورن
|,seulang,سأولڠ
|,seumpama,سأومڤام
|,seumur,سعمور
|,sepengunjuk,سڤڠاونجوق
|,seuntil,سأونتيل
|,seperuntungan,سڤراونتوڠن
|,seupaya-upaya,سأوڤايا ـ اوڤايا
|,seutuh,سأوتوه
|,sewajar,سواجر
|,sewajarnya,سواجرڽ
|,sewajibnya,سواجبڽ
|,sewaktu,سوقتو
|,sewaktu-waktu,سوقتو ـ وقتو
|,sewenang-wenang,سونڠ ـ ونڠ
|,sewenang-wenangnya,سونڠ ـ ونڠڽ
|,seyogia,سيوݢيا
|,seyojana,سيوجان
|,sezaman,سزمان
|,sezarah,سذره
|,
