"https://res.cloudinary.com/basaaceh/image/upload/v1599688514/A/24_hgsn7e.jpg","a","'a-'a","'ab","'ab-'ab"
"https://res.cloudinary.com/basaaceh/image/upload/v1600114045/A/24s25_qipjed.jpg","abaih"
"https://res.cloudinary.com/basaaceh/image/upload/v1599688514/A/25_fjha7q.jpg","ab'aj","abang","abat","abdo","abdoraoh","abee","abeh","abeudi","abeujad","abeuek","abeueng-abeueng"
"https://res.cloudinary.com/basaaceh/image/upload/v1600114045/A/25s26_ns11ii.jpg","abeusi"
"https://res.cloudinary.com/basaaceh/image/upload/v1599688514/A/26_k9uc4p.jpg","abi","abib","abiek","aneuk abiek","abin","ablak","abo","abok","abu","abu nawah","abuen","abuih","acak","acan"
"https://res.cloudinary.com/basaaceh/image/upload/v1599688514/A/27_gczfa1.jpg","aceh","acehkarom","cekarom","achek","'achek","achia","achiheum","acok","acu"
"https://res.cloudinary.com/basaaceh/image/upload/v1600114045/A/27s28_dzbary.jpg","acuan"
"https://res.cloudinary.com/basaaceh/image/upload/v1599688514/A/28_wkbesb.jpg","acuara","asuran","adab","adap","adai","adak","adali","adam","adan","'adan","ada","adara"
"https://res.cloudinary.com/basaaceh/image/upload/v1600114045/A/28s29_kinjul.jpg","adat"
"https://res.cloudinary.com/basaaceh/image/upload/v1599688515/A/30_wiaxye.jpg","ade","ade-ade","adee","adek","aden","adeueb","adeuep"
"https://res.cloudinary.com/basaaceh/image/upload/v1600114048/A/30s31_d0ljd5.jpg","adeunen"
"https://res.cloudinary.com/basaaceh/image/upload/v1599688515/A/31_wrk69c.jpg","adeurang","'adeurang","adi","adie-adie","adoe","adoh","adu","'aduan","'aduat","aduat","aduen","adun","adueen"
"https://res.cloudinary.com/basaaceh/image/upload/v1600114045/A/31s32_iyf2gu.jpg","a-e"
"https://res.cloudinary.com/basaaceh/image/upload/v1599688515/A/32_jjgieo.jpg","agak","agai","agaih","agah","agam"
"https://res.cloudinary.com/basaaceh/image/upload/v1600114046/A/32s33_ffrzq5.jpg","agama"
"https://res.cloudinary.com/basaaceh/image/upload/v1599688515/A/33_jzwx9v.jpg","agie","agok","agu","aguk","hagu","agung","ah","ahad","ahali","ahaloi","ahalon","ahli","ahloi","a-i","'a-'i"
"https://res.cloudinary.com/basaaceh/image/upload/v1600114047/A/33s34_h09k1g.jpg","ai"
"https://res.cloudinary.com/basaaceh/image/upload/v1599688515/A/34_kj3l4c.jpg","aja","'ajab","'ajap","ajai","ajam","'ajam","ajapan","ajat","'ajayeb","ajayeb","ajayep","'ajeb","ajep"
"https://res.cloudinary.com/basaaceh/image/upload/v1600114047/A/34s35_vkbmgr.jpg","ajeumat","ajimat"
"https://res.cloudinary.com/basaaceh/image/upload/v1599688515/A/35_qrdif5.jpg","aji","'ajib","'ajip","ajidan","ajimat","ak","ak-ak","akat","akad","akai","akan","ake","akek","akei","akeuba"
"35s36","akbaro karim"
"https://res.cloudinary.com/basaaceh/image/upload/v1599688515/A/36_r4x135.jpg","akeubat","akeulem","aklem","akeumak","akeurab","akeurap"
"https://res.cloudinary.com/basaaceh/image/upload/v1600114047/A/36s37_d82m2m.jpg","akhe"
"https://res.cloudinary.com/basaaceh/image/upload/v1599688515/A/37_rqkeqa.jpg","akhi","akhirat","aki","akibat","akikah","akirat","akit","'akla","aklaih","akeulaih","aklam","a'lam","aklem","ako","akob","akop"
"https://res.cloudinary.com/basaaceh/image/upload/v1600116926/A/37s38_lm38tl.jpg","akok"
"https://res.cloudinary.com/basaaceh/image/upload/v1599688516/A/38_na5v3z.jpg","aku","ak-uek","'ala","'akla","a'ala","alak","alaedin","alaih","alam","a'lam","alamat","'alamat"
"https://res.cloudinary.com/basaaceh/image/upload/v1600114049/A/38s39_yb6vvt.jpg","alang"
"https://res.cloudinary.com/basaaceh/image/upload/v1599688516/A/39_yryxcl.jpg","alangan","alat","ale"
"https://res.cloudinary.com/basaaceh/image/upload/v1600114047/A/39s40_sklqd0.jpg","alee"
"https://res.cloudinary.com/basaaceh/image/upload/v1599688516/A/40_w9vbqg.jpg","aleh","alem","alen","alepeulam"
"https://res.cloudinary.com/basaaceh/image/upload/v1600114048/A/40s41_iaympj.jpg","alet"
"https://res.cloudinary.com/basaaceh/image/upload/v1599688516/A/41_qkpcl8.jpg","aleu","aleue","aleuham","aleuhamdu","aleuhat","aleukisah","aleupiah","alpiah","ali","aliah","aliyah","Allah","Allahu"
"https://res.cloudinary.com/basaaceh/image/upload/v1600114050/A/41s42_jujyc7.jpg","aloh-alah"
"https://res.cloudinary.com/basaaceh/image/upload/v1599688517/A/42_qqekoq.jpg","aloih","alon","halon","apiah","alpiyah","alu-alu","aluan","alue","alumat","'alumat","am","'am"
"https://res.cloudinary.com/basaaceh/image/upload/v1600114048/A/42s43_nz3fpk.jpg","ama"
"https://res.cloudinary.com/basaaceh/image/upload/v1599688516/A/43_quzy8u.jpg","'amai","amai","amak","aman"
"https://res.cloudinary.com/basaaceh/image/upload/v1600114049/A/43s44_qfcpvt.jpg","amanah"
"https://res.cloudinary.com/basaaceh/image/upload/v1598268181/a/44_sdmyha.png","amanat","umanat","amarah","marah","amat","amba","ambang"
"https://res.cloudinary.com/basaaceh/image/upload/v1600114050/A/44s45_lni2g6.jpg","ambat"
"https://res.cloudinary.com/basaaceh/image/upload/v1599688517/A/45_lh6jcn.jpg","ambat-ambat","ambia","ambiya","ambong","ambu-ambu","ame","ameng"
"https://res.cloudinary.com/basaaceh/image/upload/v1600114051/A/45s46_ng40pm.jpg","ameum","peuameum"
"https://res.cloudinary.com/basaaceh/image/upload/v1599688517/A/46_rp7kp3.jpg","amiek","amik","amilan","amin","ampeh","ampeudu","ampeueng","ampeung"
"https://res.cloudinary.com/basaaceh/image/upload/v1599688517/A/47_vol5kt.jpg","ampeuet","eumpeuet","amplah","amplaih","ampon","ampong","ampu"
"https://res.cloudinary.com/basaaceh/image/upload/v1599688517/A/48_or8j58.jpg","'am-'um","am-um","an","'an","ok anak","anakan","analan","ancak","ancak-ancak","anco"
"https://res.cloudinary.com/basaaceh/image/upload/v1599688517/A/49_tfwldw.jpg","andah","andam","andara","ajine","amjinet","anjong","anen"
"https://res.cloudinary.com/basaaceh/image/upload/v1600116813/A/49s50_spjjto.jpg","aneuk"
"https://res.cloudinary.com/basaaceh/image/upload/v1599688518/A/50_ouxdwj.jpg","aneuih","aneuh","ang-ang","ang-ong"
"https://res.cloudinary.com/basaaceh/image/upload/v1600114050/A/50s51_gw3efx.jpg","angan","angan-angan"
"https://res.cloudinary.com/basaaceh/image/upload/v1599688518/A/51_gcgmb4.jpg","angeeta","anggeeta","anggeta","angen","siangen"
"https://res.cloudinary.com/basaaceh/image/upload/v1600114052/A/51s52_adii3k.jpg","angget"
"https://res.cloudinary.com/basaaceh/image/upload/v1599688518/A/52_usr9dd.jpg","anggo","anggoi","anggok","angka","angkara","angkasa","angkat","angkatan"
"https://res.cloudinary.com/basaaceh/image/upload/v1600513224/A/52s53_wt0ulx.jpg","angkee"
"https://res.cloudinary.com/basaaceh/image/upload/v1599688518/A/53_sdik9k.jpg","angkob","angkop","angkot","angoih","angoh","hangoh","hangoih","ansa","angsa","anianya","anika","ano","anoe","anogreuha","nogreuha","nograh","antakeusuma"
"https://res.cloudinary.com/basaaceh/image/upload/v1600114052/A/53s54_vmdgaa.png","antara"
"https://res.cloudinary.com/basaaceh/image/upload/v1599688518/A/54_izmjmd.jpg","anteng-anteng","anteng","antok","hantok","antosan","a-o","ak-ok","apa","apai","aphai","afai","apak","apam"
"https://res.cloudinary.com/basaaceh/image/upload/v1600114052/A/54s55_teo0z4.png","apeng"
"https://res.cloudinary.com/basaaceh/image/upload/v1599688520/A/55_fgrseb.jpg","apet","apet-apet","apeulai","teuapeulai","apeuret","apiun","apit","hapit","apo","apoh-apah"
"https://res.cloudinary.com/basaaceh/image/upload/v1600114052/A/55s56_nr5e3x.png","apoih","hapoih"
"https://res.cloudinary.com/basaaceh/image/upload/v1599688520/A/56_oxio10.jpg","apon","apong","apuah","apui","arab","arap","'arab","arabi","arah","araih"
"https://res.cloudinary.com/basaaceh/image/upload/v1600114054/A/56s57_ehscug.png","arak"
"https://res.cloudinary.com/basaaceh/image/upload/v1599688520/A/57_u20oh1.jpg","aram","aram-aram","arang","arat","are","areh"
"https://res.cloudinary.com/basaaceh/image/upload/v1600114052/A/57s58_b6ugqf.png","arakate"
"https://res.cloudinary.com/basaaceh/image/upload/v1599688520/A/58_wl6azj.jpg","areng","areue","areuga","areupah","arafah","ariet","arit","aripin","aroh","aroih"
"https://res.cloudinary.com/basaaceh/image/upload/v1600114053/A/58s59_h3h8hu.png","aron","hareuta"
"https://res.cloudinary.com/basaaceh/image/upload/v1599688520/A/59_mpe3td.jpg","arong","arongan","asa","asah","asahan","asai","asam"
"https://res.cloudinary.com/basaaceh/image/upload/v1600114054/A/59s60_ouao9f.png","asan"
"https://res.cloudinary.com/basaaceh/image/upload/v1599688519/A/60_ksix9p.jpg","asap","asee","aseh-aseh","asek","asen","aseng","aseuka"
"https://res.cloudinary.com/basaaceh/image/upload/v1600114055/A/60s61_k4knja.png","aseuli","asli","aseuliah"
"https://res.cloudinary.com/basaaceh/image/upload/v1599688513/A/61_k91yqo.jpg","aseutana","aseutagpirollah","asi","asob","asop","asoe"
"https://res.cloudinary.com/basaaceh/image/upload/v1600117897/A/61s62_mdv0kk.jpg","at","saat"
"https://res.cloudinary.com/basaaceh/image/upload/v1599688513/A/62_ymwu7d.jpg","'at-'eut","'at-'iet","'at-'uet","atawa","ate"
"https://res.cloudinary.com/basaaceh/image/upload/v1600117524/A/62s63_acoq7r.jpg","ateueh","ateuh"
"https://res.cloudinary.com/basaaceh/image/upload/v1599688513/A/63_ueofmc.jpg","ateueng","ateung","ato","atoran","atot","atra","areuta","ata"
"https://res.cloudinary.com/basaaceh/image/upload/v1600117464/A/63s64_ozkopd.jpg","awai"
"https://res.cloudinary.com/basaaceh/image/upload/v1600118026/A/64s65_jsl1wu.png","awak","'awam","awam","awan"
"https://res.cloudinary.com/basaaceh/image/upload/v1600118026/A/64s65_jsl1wu.png","awe"
"https://res.cloudinary.com/basaaceh/image/upload/v1599688513/A/65_g4ykxj.jpg","awek","aweuek","aweuk","aweueh","aweuh","aweuet","awib","awip","awo"
"https://res.cloudinary.com/basaaceh/image/upload/v1600117312/A/65s66_gfreed.jpg","awoih","awoh","bawoih"
"https://res.cloudinary.com/basaaceh/image/upload/v1599688513/A/66_mg4a9z.jpg","ayah","ayaheunda","ayak","hayak","ayapan","ajapan","ayat","aye","'ayeb","ayeb","ayep"
"https://res.cloudinary.com/basaaceh/image/upload/v1600117064/A/66s67_ljgpcs.jpg","ayeue","hayeue","ayeu","hayeu"
"https://res.cloudinary.com/basaaceh/image/upload/v1599688514/A/67_utqdkm.jpg","ayeuem","ayon","ayu-ayu"
