"https://res.cloudinary.com/basaaceh/image/upload/v1599689304/D/175_brlcwa.jpg","da","cut da","dab","dap","dabee","meudabee","dabeueh","dabeuh","daboih","daboh"
"https://res.cloudinary.com/basaaceh/image/upload/v1599689305/D/176_a6vm1q.jpg","dada","dadang","dadang-dadang","dadeh","dadeueng","dajeu","dajeue","dadu","boh dadu","daem","dagang","aneuk dagang","dageng","meudageng","dageundong","sigeundong","dagoh","boh dagoh"
"https://res.cloudinary.com/basaaceh/image/upload/v1600694686/D/176s177_zbw1jz.jpg","dagu"
"https://res.cloudinary.com/basaaceh/image/upload/v1599689304/D/177_cqks2m.jpg","dah-dah","meudah-dah","dahet","dahga","dahoh","daida","daidi","daih","dah","bak daih","bak dah","daihpeudaih","dahpeudah","daimen","deemen","daierah","dairah","dak","dak an"
"https://res.cloudinary.com/basaaceh/image/upload/v1600694699/D/177s178_znlzkn.jpg","dak-dak"
"https://res.cloudinary.com/basaaceh/image/upload/v1599689305/D/178_f8gtoo.jpg","dak-dok","daka","dakhat","dukhat","daki","dakwa","dakweuet","dalae"
"https://res.cloudinary.com/basaaceh/image/upload/v1600694690/D/178s179_lkgdrs.jpg","dalai"
"https://res.cloudinary.com/basaaceh/image/upload/v1599689304/D/179_ueco3c.jpg","dalam","lam","dalang","daleh","dalem","lem","dali"
"https://res.cloudinary.com/basaaceh/image/upload/v1600694694/D/179s180_lgcy2t.jpg","dalupa","si dalupa","po dalupa"
"https://res.cloudinary.com/basaaceh/image/upload/v1599689292/D/180_lcnwny.jpg","dalong","dam","dama","damai","damak","damdam","dame","dameurut","dami","lameurut","damideuen"
"https://res.cloudinary.com/basaaceh/image/upload/v1599689292/D/181_jt33s3.jpg","damoh","dampeng","dana","dandan","ikan dandan","dandi","dangdi","dane","daneui","daneun","awe daneun","uret daneun"
"https://res.cloudinary.com/basaaceh/image/upload/v1600694695/D/181s182_uvfnwo.jpg","dang","dang-dang","dangdang","kanet dangdang"
"https://res.cloudinary.com/basaaceh/image/upload/v1599689292/D/182_vtnrmc.jpg","dangdhot","dangdi*a","dangki","daniet","danit","danjabila","danoh","nanoh","da'om","ta'om","dapa","dapha","dapat","peundapat","dapeuta","dapu"
"https://res.cloudinary.com/basaaceh/image/upload/v1600694706/D/182s183_uzkmxk.jpg","dara"
"https://res.cloudinary.com/basaaceh/image/upload/v1599689292/D/183_gp0qnq.jpg","darah","dar-ih","pinto ret","pinto pageue","darat","dare","dareh","dareubak","dareupah","daroh"
"https://res.cloudinary.com/basaaceh/image/upload/v1599689292/D/184_ra4xft.jpg","daroi","daroih","daruih","darok","darosalam","darueh","daruet","darut","darui","dasah","dahcah","dasat","daseuto"
"https://res.cloudinary.com/basaaceh/image/upload/v1600694701/D/184s185_hjdfa3.jpg","dat"
"https://res.cloudinary.com/basaaceh/image/upload/v1599689292/D/185_v7rjvy.jpg","data","datee","meudatee","datok","datoek","datu","dawai","dawe","daweuet","daweut","dakweuet","dawo","dawok","dawon","dawot","daot","dawod","daod"
"https://res.cloudinary.com/basaaceh/image/upload/v1600694695/D/185s186_jr47f1.jpg","daya"
"https://res.cloudinary.com/basaaceh/image/upload/v1599689293/D/186_kdxx8m.jpg","dayang","dendayang","dayong","dayu","meudayu-dayu","dayuih","dayuh","de","deah","deeh","doyah","debdeb","depdep"
"https://res.cloudinary.com/basaaceh/image/upload/v1600694699/D/186s187_tith6k.jpg","dede","meudede"
"https://res.cloudinary.com/basaaceh/image/upload/v1599689300/D/187_c4w2m1.jpg","dee","dee-dee","deelat","dolat","deesa","deh","deh-doh","dek","demi","kaphe demi"
"https://res.cloudinary.com/basaaceh/image/upload/v1600694702/D/187s188_gkn8ol.jpg","dendang","dondang"
"https://res.cloudinary.com/basaaceh/image/upload/v1599689299/D/188_qu9zdu.jpg","denden","den den","den-den","deng","boh deng","dengdeng","det","deuba","deubu","deuda","deudaih","deudah"
"https://res.cloudinary.com/basaaceh/image/upload/v1600694720/D/188s189_fn9tl7.jpg","deudak"
"https://res.cloudinary.com/basaaceh/image/upload/v1599689299/D/189_bbwwyb.jpg","deue","deu","deuek","deuh","deuih","deuka","deuku","deumah"
"https://res.cloudinary.com/basaaceh/image/upload/v1600694706/D/189s190_tmqper.jpg","deumam"
"https://res.cloudinary.com/basaaceh/image/upload/v1599689299/D/190_c6pr2y.jpg","deumba","deumpek","deunak","deunda","deundam","deundang"
"https://res.cloudinary.com/basaaceh/image/upload/v1600694710/D/190s191_gj6w31.jpg","deune"
"https://res.cloudinary.com/basaaceh/image/upload/v1599689299/D/191_ndkgjy.jpg","deuneun","meudeuneun droe","peudeuneun droe","deungek","deungeun","deungkang","deungkeng","deungki","deungoi","deungon","ngon"
"191s192.jpg","deungong"
"https://res.cloudinary.com/basaaceh/image/upload/v1599689299/D/192_gskomo.jpg","deupa","deureuham","deureuhem","deurenyan","deuria","deureuya","deuru","dru","meudeuru","deut","dhat-dhub","dhak","dak","taloe dhak","dham","taloe dham","dheuen","dhiet"
"https://res.cloudinary.com/basaaceh/image/upload/v1600694708/D/192s193_ytaxeh.jpg","dhoe"
"https://res.cloudinary.com/basaaceh/image/upload/v1599689305/D/193_yl8eyn.jpg","dhoi","dhok","dhok-dhok","dok-dok","dhot","dhet","dhet-dhet","dhot-dhot"
"https://res.cloudinary.com/basaaceh/image/upload/v1600694717/D/193s194_lseqzk.jpg","di"
"https://res.cloudinary.com/basaaceh/image/upload/v1599689301/D/194_fwboln.jpg","diarah","dibak","dien","diet","dieueng","dihen","diieng","dilee"
"https://res.cloudinary.com/basaaceh/image/upload/v1599689300/D/195_h2dais.jpg","dian","diyan","dinab","dinap","dindeng","dinu","diu","direh","diri","dirui","deurui","disa"
"https://res.cloudinary.com/basaaceh/image/upload/v1600694712/D/195s196.jpg","dit"
"https://res.cloudinary.com/basaaceh/image/upload/v1599689301/D/196_e5nttz.jpg","ditdeh","ditnan","ditnoe","diwa","diwai"
"https://res.cloudinary.com/basaaceh/image/upload/v1600694709/D/196s197_b2xzde.jpg","diwana","meudiwana"
"https://res.cloudinary.com/basaaceh/image/upload/v1599689300/D/197_i4jj5o.jpg","diwangga","diwata","burong diwata","do","doda","dodeng","dodi","daida","daidi","dodo"
"https://res.cloudinary.com/basaaceh/image/upload/v1600694715/D/197s198_vtj3fo.jpg","doe","roe"
"https://res.cloudinary.com/basaaceh/image/upload/v1599689301/D/198_uzsnle.jpg","doh-doh","dohai","dahai","bintang dohai","doheura","bintang doheura","doi-doi","doikaidah","doikareunoini","eseukanda dokareunoini","doipaka","peudeueng doipaka","doiton","doitun","dojah","deejah","dok","dok-dok","dokma","boh dokma","doksa","mangkong doksa"
"https://res.cloudinary.com/basaaceh/image/upload/v1600694714/D/198s199_jki9au.jpg","dom"
"https://res.cloudinary.com/basaaceh/image/upload/v1599689301/D/199_cvmuyw.jpg","don","dondang","dong","dong-dong"
"https://res.cloudinary.com/basaaceh/image/upload/v1600694715/D/199s200_wj4unx.jpg","donya"
"https://res.cloudinary.com/basaaceh/image/upload/v1599689301/D/200_byz9ph.jpg","doseuta","doyah","drah","drab-drab","meudrab-drab","drap-drap","meudrap-drap","draih"
"https://res.cloudinary.com/basaaceh/image/upload/v1600694718/D/200s201_piszvb.jpg","dr'am-dr'am","dr'um-dr'um"
"https://res.cloudinary.com/basaaceh/image/upload/v1600694718/D/200s201_piszvb.jpg","drang","dreh","drih","dreh-dreh","treh-treh","meudreh-dreh","dreueh","drien","drin","deureuyan","dring","dring-dring","dro-dro","meudro-dro","drob-drob","meudrop-drop","drop-drop","meudrob-drob"
"https://res.cloudinary.com/basaaceh/image/upload/v1600694719/D/201s202_xyjq0o.jpg","drop","drob"
"https://res.cloudinary.com/basaaceh/image/upload/v1599689302/D/202_vlfrsv.jpg","droe","droeneu","droeneuh","dro","droneuh"
"https://res.cloudinary.com/basaaceh/image/upload/v1600694679/D/202s203_pxm3uz.jpg","droih","droh"
"https://res.cloudinary.com/basaaceh/image/upload/v1599689302/D/203_kserph.jpg","dru","drung","du"
"https://res.cloudinary.com/basaaceh/image/upload/v1600694678/D/203s204_hysu34.jpg","dua","duwa"
"https://res.cloudinary.com/basaaceh/image/upload/v1599689302/D/204_oabprt.jpg","du'a","dubi"
"https://res.cloudinary.com/basaaceh/image/upload/v1600694681/D/204s205_g8rgzw.jpg","duboe"
"https://res.cloudinary.com/basaaceh/image/upload/v1599689303/D/205_xg2qjq.jpg","dudok","dudom","due"
"https://res.cloudinary.com/basaaceh/image/upload/v1600694701/D/205s206_o5jerg.jpg","duek","duk"
"https://res.cloudinary.com/basaaceh/image/upload/v1599689303/D/206_pmeo0q.jpg","duen","dun","duet","dugai","tukai"
"https://res.cloudinary.com/basaaceh/image/upload/v1600694689/D/206s207_tuingi.jpg","dugok","dugoek"
"https://res.cloudinary.com/basaaceh/image/upload/v1599689303/D/207_dzt6vv.jpg","dugom","duha","duka","dukhoe","dukhon","dukong","dulang","duli"
"https://res.cloudinary.com/basaaceh/image/upload/v1600694695/D/207s208_n7nrwx.jpg","dum","dub","dup"
"https://res.cloudinary.com/basaaceh/image/upload/v1599689303/D/209_nnwtwf.jpg","dumba","dumdeh","dumnan","dumnoe","dumpet","dungee","dungok","dungon","duroe","dusen","lusen","dusi","duson","dusoen"
"https://res.cloudinary.com/basaaceh/image/upload/v1599689303/D/210_te9ngr.jpg","dut-dut apui","duya","duyon"
