"https://res.cloudinary.com/basaaceh/image/upload/v1599689742/E/212_kjw7sl.jpg","e","'e-'e","'e-'o","'eb","'ep","'edat","'edrai","'ee-'ee","eelia","olia"
"https://res.cloudinary.com/basaaceh/image/upload/v1599689742/E/213_g5upse.jpg","'eerat","'eewalat","eh","eheuram","ehem","ehram"
"https://res.cloudinary.com/basaaceh/image/upload/v1599689743/E/214_ij4npd.jpg","ehtilam","ehwai","ejeuba","ejeumak","ejeutihat"
"https://res.cloudinary.com/basaaceh/image/upload/v1600707747/E/214s215s216.jpg","ek"
"https://res.cloudinary.com/basaaceh/image/upload/v1599689743/E/216_uahnsf.jpg","ekeulaih","ekeulah","ekeutieue","ekheutieue","ekeutilaih","ekheutileueh"
"https://res.cloudinary.com/basaaceh/image/upload/v1600702486/E/216s217_h2v3dz.jpg","ekreue"
"https://res.cloudinary.com/basaaceh/image/upload/v1599689743/E/217_z1agbs.jpg","ekhuan","'ektidai","'ektikaih","'ektikeuet","eleuham","eleumee","ella","emma","en","enca","endatu","endatau","eng-eng","enji"
"https://res.cloudinary.com/basaaceh/image/upload/v1600702483/E/217s218_tadzka.jpg","enjin"
"https://res.cloudinary.com/basaaceh/image/upload/v1599689741/E/218_znonnz.jpg","engko","ensan","entaha","entahi","entu","eseubat","eseulam","eseuteumi","seuteumi","eseuti 'andak","eseutinggeue","seutinggeue","eseutinja","eseuthahat","eseutiri","esrapi","eseurapi"
"https://res.cloudinary.com/basaaceh/image/upload/v1600702487/E/218s219_hc7avg.jpg","et"
"https://res.cloudinary.com/basaaceh/image/upload/v1599689741/E/219_qbljgq.jpg","eu"
"https://res.cloudinary.com/basaaceh/image/upload/v1600702486/E/219s220_fychpj.jpg","'eu"
"https://res.cloudinary.com/basaaceh/image/upload/v1599689741/E/220_yc1ucg.jpg","eue","'euh'euh","'eui","'cuk'euk","eum","eumbah","mbah"
"https://res.cloudinary.com/basaaceh/image/upload/v1599689741/E/221_ps8f5j.jpg","eumpada","eumpaih","heumpaih","umpaih","eumpah","heumpah","umpah","eumpak","teueumpak","eumpang","eumpee","mpee","eumpet","eumpeuen","eumpeun"
"https://res.cloudinary.com/basaaceh/image/upload/v1600702490/E/221s222_nju9zw.jpg","eumpeuek","eumpeuk"
"https://res.cloudinary.com/basaaceh/image/upload/v1599689741/E/222_aghpvg.jpg","meueumpeuek","meueumpeuk","eumpie","mpie","empi","eumpieng","emping","eumping","eumpoe","umpoe","eumpu","umpu","eumpung","eumpoih","lampoih","eumpoh","lampoh","lampoeh","'eun","meu'eun"
"https://res.cloudinary.com/basaaceh/image/upload/v1600702489/E/222s223_xslppw.jpg","eunchok"
"https://res.cloudinary.com/basaaceh/image/upload/v1599689742/E/223_aigbyo.jpg","eunci","euncien","euncin","euncit","eunciet","ncit","eundap","ndap","eundru","eunggang","nggang","eungkak-eungkak","ungkak-ungkak"
"https://res.cloudinary.com/basaaceh/image/upload/v1600702489/E/223s224_l3fgbe.jpg","eungkek","meueungkek"
"https://res.cloudinary.com/basaaceh/image/upload/v1599689742/E/224_aizzje.jpg","eungkhe","ingkhe","eungkhoe","ingkhoe","eungkhui","eungkui","eungkong","ngkong","eungkot","eungkoet","eungku","engku","euntah","euntam","heuntam","euntang"
"https://res.cloudinary.com/basaaceh/image/upload/v1600702486/E/224s225_bchjbk.jpg","euntat","antat"
"https://res.cloudinary.com/basaaceh/image/upload/v1599689742/E/225_tvppqq.jpg","euntee","ntee","euntho","eunti","euntok","euntong","beuleuntong"
"https://res.cloudinary.com/basaaceh/image/upload/v1600702490/E/225s226_pugpso.jpg","euntreuk","eunteuk","treuk","teuk"
"https://res.cloudinary.com/basaaceh/image/upload/v1599689742/E/226_yqqcvi.jpg","euntreut","euntuek","ntuek","euntung","'eut'eut"
