"https://res.cloudinary.com/basaaceh/image/upload/v1599690385/G/227_i8dy3h.jpg","gab","gap","gabai","gaboih","gaboh","kayee gaboh"
"227s228.jpg","gabra","gubra"
"https://res.cloudinary.com/basaaceh/image/upload/v1599690383/G/228_gs6uks.jpg","gabuek","gabuk","gaca"
"https://res.cloudinary.com/basaaceh/image/upload/v1601087877/G/228s229_dyh59z.jpg","gacue"
"https://res.cloudinary.com/basaaceh/image/upload/v1599690385/G/229_xn5bfo.jpg","gada","rada","gada-gada","gade","pajak gade","gade-gade","gadeh-gadoh"
"https://res.cloudinary.com/basaaceh/image/upload/v1601087878/G/229s230_hxqdlm.jpg","gadeng"
"https://res.cloudinary.com/basaaceh/image/upload/v1599690385/G/230_okcdx0.jpg","gadoh","gadoeh","gadong","gadoeng","gagah","gagap"
"https://res.cloudinary.com/basaaceh/image/upload/v1601087882/G/230s231_pw4n4y.jpg","gageueng","meugageueng","teugagaeueng"
"https://res.cloudinary.com/basaaceh/image/upload/v1599690385/G/231_qyupib.jpg","gah","gahra","gahru","garu","kayee gahru","gaibugai","gajah"
"https://res.cloudinary.com/basaaceh/image/upload/v1601087881/G/231s232_wdwhoi.jpg","gaji"
"https://res.cloudinary.com/basaaceh/image/upload/v1599690386/G/232_n1gzki.jpg","gak-gok","gaki","gala","gala-gala","geugala","galagaro"
"https://res.cloudinary.com/basaaceh/image/upload/v1601087882/G/232s233_mm1bkj.jpg","galah"
"https://res.cloudinary.com/basaaceh/image/upload/v1599690387/G/233_g7ymwx.jpg","galak","galang","galaran","galat","ralat","galawala"
"https://res.cloudinary.com/basaaceh/image/upload/v1601087882/G/233s234_wsrqqq.jpg","galeb","raleb","galep","ralep"
"https://res.cloudinary.com/basaaceh/image/upload/v1599690387/G/234_jd8mwx.jpg","galeng","itam galeng","galeue","galeu","galeuen","galeun","galoh","dagaloh","geugaloh","galoh-galoh","galong","boh galong","galue"
"https://res.cloudinary.com/basaaceh/image/upload/v1601087882/G/234s235_pefvyg.jpg","gam"
"https://res.cloudinary.com/basaaceh/image/upload/v1599690387/G/235_ulcxmn.jpg","g'am","meug'am-g'am","gh'am","gh'am-g'am","g'am-g'um","gamak","gamat","gamba","gambang","gambaran","gambe"
"https://res.cloudinary.com/basaaceh/image/upload/v1601087888/G/235s236_s9vvpa.jpg","gameh-gamoh"
"https://res.cloudinary.com/basaaceh/image/upload/v1599690387/G/236_bgfrvf.jpg","gamet","gameum","gampet","gampoh","gampoi"
"https://res.cloudinary.com/basaaceh/image/upload/v1601087883/G/236s237_lakqj5.jpg","gampong"
"https://res.cloudinary.com/basaaceh/image/upload/v1599690387/G/237_a2xigb.jpg","ganai","ganaih","ganah","ganceng","gancheb","ganchep"
"https://res.cloudinary.com/basaaceh/image/upload/v1601087887/G/237s238_tsaxkt.jpg","ganda"
"https://res.cloudinary.com/basaaceh/image/upload/v1599690387/G/238_bobigo.jpg","gandai","handai","gandarusa","gandawahet","kandawahet","sidangawahet","gandawatra","kandawatra","gandeng","gando","gandom","gandra","geudra","gane","ganggang","gani","rani"
"https://res.cloudinary.com/basaaceh/image/upload/v1601087887/G/238s239_lw3yli.jpg","ganja"
"https://res.cloudinary.com/basaaceh/image/upload/v1599690388/G/239_hl1kqj.jpg","ganje","ganong","gantang","gante","ganti"
"https://res.cloudinary.com/basaaceh/image/upload/v1601087887/G/239s240_n18yvt.jpg","gantoe"
"https://res.cloudinary.com/basaaceh/image/upload/v1599690388/G/240_zkshrt.jpg","gantoih","geulantoh","meugantoh","meugantoih","teugantoih","gantueb","gantuep","gantup","gantub","gantuen","gantung","ganu-gana","gunu-gana","gapah","ikan gapah","gapeueh","gapeuh","gapi"
"https://res.cloudinary.com/basaaceh/image/upload/v1601087887/G/239s240_n18yvt.jpg","gapiet","gapit"
"https://res.cloudinary.com/basaaceh/image/upload/v1599690388/G/241_z4mdns.jpg","gapu","gapulaga","gapunaga","kapulaga","garam","gareh","gareng","gari"
"https://res.cloudinary.com/basaaceh/image/upload/v1601087893/G/241s242_z2oxcp.jpg","garo"
"https://res.cloudinary.com/basaaceh/image/upload/v1599690388/G/242_gdavv5.jpg","garot","gasa","gasai","gasang"
"https://res.cloudinary.com/basaaceh/image/upload/v1601087889/G/242s243_zkogox.jpg","gaseh"
"https://res.cloudinary.com/basaaceh/image/upload/v1599690388/G/243_umpwh3.jpg","gaseng","gaseue","gaseu","gasie","gasi","gasien","gasin","gasui","meugasui"
"https://res.cloudinary.com/basaaceh/image/upload/v1601087892/G/243s244_jsigi4.jpg","meugeugasui"
"https://res.cloudinary.com/basaaceh/image/upload/v1599690389/G/244_yjoeex.jpg","gata","gatai","gateh","gatheuek","katheuek","gathob","gatob","kathob","meugathob","kathop","meugathop","gati","kati"
"https://res.cloudinary.com/basaaceh/image/upload/v1601087892/G/244s245_yrxzoj.jpg","gatib","katip","gatip","katib"
"https://res.cloudinary.com/basaaceh/image/upload/v1599690389/G/245_emgoy3.jpg","gatok","katok","boh katok","boh panta","gatu","gawang","gawe"
"https://res.cloudinary.com/basaaceh/image/upload/v1601087892/G/245s246_egd28z.jpg","gawo"
"https://res.cloudinary.com/basaaceh/image/upload/v1599690389/G/246_xbn1ef.jpg","gawoi","gaya","gayam","gayeb","rayeb","ge","kek","meuge-ge","gege","geh-geh"
"https://res.cloudinary.com/basaaceh/image/upload/v1601087893/G/246s247_btsh6z.jpg","geng"
"https://res.cloudinary.com/basaaceh/image/upload/v1599690368/G/247_qqkekv.jpg","get","got","geu"
"https://res.cloudinary.com/basaaceh/image/upload/v1601087894/G/247s248_xmpenw.jpg","geucai"
"https://res.cloudinary.com/basaaceh/image/upload/v1599690368/G/248_kxgnll.jpg","geucang","geud'am","geudeb","geudep","geudeu","geudong","geudubang"
"https://res.cloudinary.com/basaaceh/image/upload/v1601087903/G/248s249_lbdzhx.jpg","geudueb","geuduep"
"https://res.cloudinary.com/basaaceh/image/upload/v1599690368/G/249_ogny1p.jpg","geuduk","geud'um","geudumbak","gedumbak","geue","gie","geu","geueh","geuet","gheuet","gheueb","geugat","geuh","geuh'euk"
"https://res.cloudinary.com/basaaceh/image/upload/v1599690368/G/250_r8sslp.jpg","geulawa","glawa","geulidan","teugeulidan","geulince","meugince","meugeuce","teugeulince","geulugia","gulugia","keulukia","kulukia"
"https://res.cloudinary.com/basaaceh/image/upload/v1601087902/G/250s251_oe11vd.jpg","geulupak","glupak"
"https://res.cloudinary.com/basaaceh/image/upload/v1599690368/G/251_rmmdmq.jpg","geuma","geumando","geumbo","geumbot","meugeumbot-geumbot","geumeuciek"
"https://res.cloudinary.com/basaaceh/image/upload/v1601087901/G/251s252_vuzywz.jpg","geumeureb","geumeurep"
"https://res.cloudinary.com/basaaceh/image/upload/v1599690368/G/252_rfyhs7.jpg","geumeuto","keumeuto","kumoto","geumpa","geumpheue","meugeumpheue","geunang","geunab"
"https://res.cloudinary.com/basaaceh/image/upload/v1601087901/G/252s253_ndznsn.jpg","geunap"
"https://res.cloudinary.com/basaaceh/image/upload/v1599690369/G/253_gysktx.jpg","geunchot","geundet","taloe geundet","geundrang","geunggam","geunireng"
"https://res.cloudinary.com/basaaceh/image/upload/v1601087902/G/253s254_llfgxc.jpg","geunjo"
"https://res.cloudinary.com/basaaceh/image/upload/v1599690369/G/254_atz8kl.jpg","geunta","geunten","geunton","geunteng","geunteut","geuntot"
"https://res.cloudinary.com/basaaceh/image/upload/v1601087902/G/254s255_qu6tac.jpg","geuneu","keunue","geunueng","naleueng geunue"
"https://res.cloudinary.com/basaaceh/image/upload/v1599690369/G/255_nrri8u.jpg","gunuku","geudungku","geulungku","geunuku","gunukue","geunyie","geupai","geupet","geupuih","geupueh","meugeupueh","geupuh"
"https://res.cloudinary.com/basaaceh/image/upload/v1601087906/G/255s256_ax4mwr.jpg","geurayong"
"https://res.cloudinary.com/basaaceh/image/upload/v1599690369/G/256_a6wco4.jpg","geuratan","gratan","geureuba","geureubak-geureubuk","geureubang","geureubuk","geureuchok","geureuda","geureudak","geureud'am-geureud'um","geureudam-geureudum"
"https://res.cloudinary.com/basaaceh/image/upload/v1601087906/G/256s257_sbll06.jpg","geureuduk","geureuduek","gereduk"
"https://res.cloudinary.com/basaaceh/image/upload/v1599690369/G/257_wimcbm.jpg","geureud'am","geureudam","geureugab-geureugub","geureugak","geureuh'a","geureuh'em","greuh'em","geureuheng","geuheng","geureu'o","geureulan"
"https://res.cloudinary.com/basaaceh/image/upload/v1601087907/G/257s258_yjb01k.jpg","geureum'euih"
"https://res.cloudinary.com/basaaceh/image/upload/v1599690369/G/258_lu6lxo.jpg","geureuob","geuob","geureuop","geuop","geureupoh","keureupoh","geupoh","geureuntang","geureuto","bak geureuto","geureutok","geuriba","griba","geurimpang","geurimpheueng","meugeurimpheueng","teugeurimpheueng","geurudu","pati geurudu","geurudoe"
"https://res.cloudinary.com/basaaceh/image/upload/v1601087907/G/258s259_m45zjv.jpg","geureugoh"
"https://res.cloudinary.com/basaaceh/image/upload/v1599690376/G/259_o4igcv.jpg","geuruncang","geurupoh","geuruten","geupen","geurupen","geuruton","geuten","geuso","geureuso","meugeuso","teugeuso","geusok","geusong"
"https://res.cloudinary.com/basaaceh/image/upload/v1601087908/G/259s260_o90nbg.jpg","geusuen","geuseuen"
"https://res.cloudinary.com/basaaceh/image/upload/v1599690376/G/260_ltm0wj.jpg","geutah","geutang"
"https://res.cloudinary.com/basaaceh/image/upload/v1601087908/G/260s261_jatkbr.jpg","geutanyoe","geutanyo"
"https://res.cloudinary.com/basaaceh/image/upload/v1599690377/G/261_si7zyl.jpg","geutee","geuteuem","bieng geuteuem","geuti","geutoe","guti","keuti","geutib","geutip","geuntit","geutit","meugeutib","meugeutip","teugeutib","teugeuntip","geutie"
"https://res.cloudinary.com/basaaceh/image/upload/v1601087911/G/261s262_pmkwdr.jpg","geutieb","geutiep","gitieb","gitiep"
"https://res.cloudinary.com/basaaceh/image/upload/v1599690376/G/262_a6g9wv.jpg","geutiek","gitiek","geutik","geutom","geuteu","geutueh","meugeutueh","geutuh","meugeutuh","geutuet","geutut","geutu","gidut","kidut","kitut","ghak","gh'ak"
"https://res.cloudinary.com/basaaceh/image/upload/v1601087912/G/262s263_h6dzut.jpg","gheuem","gigoe gheuem"
"https://res.cloudinary.com/basaaceh/image/upload/v1599690377/G/263_ntwb1r.jpg","ghon","geuhon","ragu*gon","ghuen","ghun","gichek","giche","gichok","gidong"
"https://res.cloudinary.com/basaaceh/image/upload/v1601087912/G/263s264_hhjqxc.jpg","giduek","giduk"
"https://res.cloudinary.com/basaaceh/image/upload/v1599690377/G/264_nkq6dd.jpg","gie","gigeh","gigeng","gigoe","gila"
"https://res.cloudinary.com/basaaceh/image/upload/v1601087918/G/264s265_ye07uq.jpg","gilab","kilab","gilap","kilap","gileng","gilho","gilo","girang","giri","boh giri","girek","geugirek"
"https://res.cloudinary.com/basaaceh/image/upload/v1601087913/G/265s266_ddlvg8.jpg","gisa"
"https://res.cloudinary.com/basaaceh/image/upload/v1599690377/G/266_dubbjf.jpg","kisa","gisa baluem","giseng","gia","jila"
"https://res.cloudinary.com/basaaceh/image/upload/v1601087913/G/267s268_dakbg7.jpg","gla"
"https://res.cloudinary.com/basaaceh/image/upload/v1599690378/G/267_wxfcxv.jpg","glabaih","geulabaih","glabah","geulabah","glak","jlak","glap","glaga","geulaga","beulaga"
"https://res.cloudinary.com/basaaceh/image/upload/v1601087913/G/267s268_dakbg7.jpg","glaih","glah"
"https://res.cloudinary.com/basaaceh/image/upload/v1599690378/G/268_hpt7jq.jpg","glang","glanggang","geulanggang","glanteue","geulanteue","glaanteu","geulanteu","geulaseue","glaseue","glaseu","glayang","geulayang"
"https://res.cloudinary.com/basaaceh/image/upload/v1601087917/G/268s269_bcybgp.jpg","gle","glee"
"https://res.cloudinary.com/basaaceh/image/upload/v1599690378/G/269_ioy2r0.jpg","gleh","jleh","glek","glik","glem","jlem","boh glem","gleng-gleng","glet","gleuem","gleum","gleuen","gleun","gleueng","gleung"
"https://res.cloudinary.com/basaaceh/image/upload/v1601087917/G/269s270_ob7shw.jpg","gli","glie"
"https://res.cloudinary.com/basaaceh/image/upload/v1599690378/G/270_lk9sts.jpg","glib","glip","gliba","glih","jlih","klih","glike","jlike","geulingke","klike","glima","glinggang","glinya","glinye","gliwang","kliwang"
"https://res.cloudinary.com/basaaceh/image/upload/v1599690379/G/271_zoxtsp.jpg","glok","glong","glue","jlue","glum","gluem","jlum"
"https://res.cloudinary.com/basaaceh/image/upload/v1601087917/G/271s272_lhknex.jpg","glumbang","geulumbang"
"https://res.cloudinary.com/basaaceh/image/upload/v1599690378/G/272_adiuwm.jpg","glumeut","geulumeut","glumpang","glundong","grundong","klundong","krundong","keudundong","glunyueng","geulunyueng","gulunyueng","punyueng","glunyung","geulunyung","gulunyung","punyung","glura","geulura","glutoh","jlutoh"
"https://res.cloudinary.com/basaaceh/image/upload/v1601087923/G/272s273_ypdii4.jpg","go"
"https://res.cloudinary.com/basaaceh/image/upload/v1599690379/G/273_lnupwy.jpg","go-go","gob","gop","gob-gob","gop-gop","meugop-gop","meugob-gob","gobeno","gono","gobnyan","gopnyan"
"https://res.cloudinary.com/basaaceh/image/upload/v1601087918/G/273s274_agkkvm.jpg","goe","peugoe"
"https://res.cloudinary.com/basaaceh/image/upload/v1599690379/G/274_yfx0va.jpg","goga","gogajoe","grogajoe","geugajoe","gajoe"
"https://res.cloudinary.com/basaaceh/image/upload/v1601087922/G/274s275_zeb0t1.jpg","gogasi"
"https://res.cloudinary.com/basaaceh/image/upload/v1599690379/G/275_yywmuv.jpg","goh","goeh","goi","goirat","roirat","gok","gok-gok"
"https://res.cloudinary.com/basaaceh/image/upload/v1601087919/G/275s276_cnofqc.jpg","gom","goem"
"https://res.cloudinary.com/basaaceh/image/upload/v1599690379/G/276_ijujhn.jpg","gong","goseuti","got","goet","got-got","grab-grub","grap-grup"
"https://res.cloudinary.com/basaaceh/image/upload/v1599690380/G/277_holnai.jpg","grah","grak","gr'ak","grak-gruk"
"https://res.cloudinary.com/basaaceh/image/upload/v1601087923/G/277s278_hmscmb.jpg","gr'am","gram"
"https://res.cloudinary.com/basaaceh/image/upload/v1599690379/G/278_nff0j6.jpg","gr'am-gr'um","gr'ang","gr'ang-gr'ing","kr'ang-kr'ing","grang-gring","krang-kring","grape","krapee","keurapai","keurape","greh","grek"
"https://res.cloudinary.com/basaaceh/image/upload/v1601087923/G/278s279_l204kf.jpg","grek-grek"
"https://res.cloudinary.com/basaaceh/image/upload/v1599690380/G/279_kti46f.jpg","gr'ing","gring","gr'ing-gr'ak","grita","geurita","gritan","geuritan","griwat","geuriwat","griwai","gro","gr'o-gr'o","grob","grop"
"https://res.cloudinary.com/basaaceh/image/upload/v1601087923/G/279s280_pnue3k.jpg","groh","groih"
"https://res.cloudinary.com/basaaceh/image/upload/v1599690380/G/280_uips0z.jpg","gr'oih","gr'oh","grok-grok","gr'ok","grong-grong","grub","grup","grubak","geurubak","grubat","meugrubet"
"https://res.cloudinary.com/basaaceh/image/upload/v1601087924/G/280s281_cnq6bb.jpg","grue"
"https://res.cloudinary.com/basaaceh/image/upload/v1599690380/G/281_o1yimw.jpg","grueb","gruep","grub","grup","gruih","gruh","gruk","gr'um","grum"
"https://res.cloudinary.com/basaaceh/image/upload/v1601087928/G/281s282_vqjw82.jpg","gr'um-gr'ak"
"https://res.cloudinary.com/basaaceh/image/upload/v1599690380/G/282_sbee5f.jpg","grunggong","geurunggong","grupai","gruph'eueng","grutuet","grutut","meugrutuet","guba-gage","gubeue","guci","guchik","gucoh","meungucoh"
"https://res.cloudinary.com/basaaceh/image/upload/v1601087928/G/282s283_gkonix.jpg","guda"
"https://res.cloudinary.com/basaaceh/image/upload/v1599690380/G/283_ezscd8.jpg","gudang","gue","gueb","gugob","gugop","guha","guk"
"https://res.cloudinary.com/basaaceh/image/upload/v1601087928/G/283s284_sueyxb.jpg","gukee","ukee","gukai","ukai"
"https://res.cloudinary.com/basaaceh/image/upload/v1599690381/G/284_ipgnfk.jpg","gula","gulam","gulama","gule"
"https://res.cloudinary.com/basaaceh/image/upload/v1601087928/G/284s285_wkzp8s.jpg","guliga","geuliga"
"https://res.cloudinary.com/basaaceh/image/upload/v1599690380/G/285_m2soac.jpg","gulita","glap-gulita","gulok","gulong","gum","gh'um","gumba","gumbak"
"https://res.cloudinary.com/basaaceh/image/upload/v1601087929/G/285s286_zjrxh8.jpg","gumilang","lang-gumulang"
"https://res.cloudinary.com/basaaceh/image/upload/v1599690380/G/286_qthfdb.jpg","guminya","gemira","geumira","gumoe","gumpai","gumpie","gumpita","gumtia","guntia"
"https://res.cloudinary.com/basaaceh/image/upload/v1601087929/G/286s287_lev1nm.jpg","guna"
"https://res.cloudinary.com/basaaceh/image/upload/v1599690381/G/287_fwrefg.jpg","gunantan","gulatan","manok gunantan","gunca","guncang","gundah","gundek","guni"
"https://res.cloudinary.com/basaaceh/image/upload/v1601087933/G/287s288_hsgwee.jpg","gunjak"
"https://res.cloudinary.com/basaaceh/image/upload/v1599690383/G/288_atravu.jpg","gunje","gunye","gunong","guntala","gunteng","guntia"
"https://res.cloudinary.com/basaaceh/image/upload/v1601087876/G/288s289_ggmvyz.jpg","gunto"
"https://res.cloudinary.com/basaaceh/image/upload/v1599690381/G/289_wfxpg3.jpg","guntoe","gupang","gura","gurab","gurap","gurahna","gurana","geurahna","gurak","gurancang","guranda","gurangan","gurangsang","guransang","guranta","gurantam"
"https://res.cloudinary.com/basaaceh/image/upload/v1601087876/G/289s290_flmlzm.jpg","guree","gure","gurai"
"https://res.cloudinary.com/basaaceh/image/upload/v1599690385/G/290_cvt4wb.jpg","gureh","gureng","guriek","gurik","guroe","guroh","guroih","guru"
"https://res.cloudinary.com/basaaceh/image/upload/v1601087876/G/290s291_ntzexk.jpg","guruek","guruk"
"https://res.cloudinary.com/basaaceh/image/upload/v1599690385/G/291_qjjbwk.jpg","gusa","gusi","gusuek","gusuk","gutee","gute","gutai"
"https://res.cloudinary.com/basaaceh/image/upload/v1601087876/G/291s292_rhqwp8.jpg","gutie"
"https://res.cloudinary.com/basaaceh/image/upload/v1599690383/G/292_unwk4g.jpg","gutok"
