"https://res.cloudinary.com/basaaceh/image/upload/v1599690604/H/293_ragl98.jpg","ha","h'a-h'a","meuh'a-h'a","h'a-h'i","h'ab","meuh'ab","h'ap","meuh'ap","hab-heub","hap-heup"
"https://res.cloudinary.com/basaaceh/image/upload/v1601345563/H/293s294_uyjnfo.jpg","haba"
"https://res.cloudinary.com/basaaceh/image/upload/v1599690605/H/294_sinwlv.jpg","habeh","abeh","habeulo","habeusah","abeusah","peudeueng abeusah","habib","abib"
"https://res.cloudinary.com/basaaceh/image/upload/v1601345560/H/294s295_t5mdmw.jpg","had","hat"
"https://res.cloudinary.com/basaaceh/image/upload/v1599690605/H/295_hkpuut.jpg","hadaih","hadah"
"https://res.cloudinary.com/basaaceh/image/upload/v1601345559/H/295s296_junn1g.jpg","hadap","hadab"
"https://res.cloudinary.com/basaaceh/image/upload/v1599690605/H/296_mpy1tv.jpg","hadat","hadi","hadiah","hadiyah"
"https://res.cloudinary.com/basaaceh/image/upload/v1601345560/H/296s297_kiderb.jpg","hah"
"https://res.cloudinary.com/basaaceh/image/upload/v1599690605/H/297_inxkrs.jpg","hah-hoh","hai","haih","hah","hajarat","hejeurat","hajaraton nabi","hajat"
"https://res.cloudinary.com/basaaceh/image/upload/v1601345561/H/297s298_bqd1ze.jpg","haji","aji"
"https://res.cloudinary.com/basaaceh/image/upload/v1599690605/H/298_gy3ajw.jpg","hak","malehan","hakikah","akikah"
"https://res.cloudinary.com/basaaceh/image/upload/v1601345561/H/298s299_apvcdg.jpg","hakikat"
"https://res.cloudinary.com/basaaceh/image/upload/v1599690606/H/299_gyt4n5.jpg","hakiki","hakim","hakkot","hala","hala-hala","hele-hele","halala","hehele","halak","alak","halaman","halarat","hale","haleuba","jeura haleuba","haleue","haleu"
"https://res.cloudinary.com/basaaceh/image/upload/v1601345561/H/299s300_aodamt.jpg","haleukah"
"https://res.cloudinary.com/basaaceh/image/upload/v1599690606/H/300_khtdhh.jpg","haleukom","haleumab","haleumap","halia","haliya","halin","haling","haloih","haloh","aloih","aloh"
"https://res.cloudinary.com/basaaceh/image/upload/v1601345562/H/300s301_zlhwbq.jpg","halua","haluwa"
"https://res.cloudinary.com/basaaceh/image/upload/v1599690605/H/301_ij8lty.jpg","haluan","haluwan","aluan","aluwan","h'am-h'um","hama","hamam","hamamah","hamba","hambi","hambo","hame","hamee","hameh"
"https://res.cloudinary.com/basaaceh/image/upload/v1601345562/H/301s302_x9cq3o.jpg","hampa"
"https://res.cloudinary.com/basaaceh/image/upload/v1599690606/H/302_o6w4gs.jpg","h'an","han","hana","hanco","anco","handi","hande"
"https://res.cloudinary.com/basaaceh/image/upload/v1601345562/H/302s303_kdcs9d.jpg","haneng"
"https://res.cloudinary.com/basaaceh/image/upload/v1599690606/H/303_wfusag.jpg","h'ang","meuh'ang-h'ang","hangek","hanget","hangeub","hangeup","hanggo","anggo","hanggoi","anggoi"
"https://res.cloudinary.com/basaaceh/image/upload/v1601345533/H/303s304_gldogn.jpg","hanta"
"https://res.cloudinary.com/basaaceh/image/upload/v1599690607/H/304_znzemk.jpg","hantu","euntu","hanyang","hanyi","anyi","hanyot","anyot","haraih","harah","huruf","haram"
"https://res.cloudinary.com/basaaceh/image/upload/v1601345531/H/304s305_sxl86x.jpg","harap","harab"
"https://res.cloudinary.com/basaaceh/image/upload/v1599690606/H/305_hrudqo.jpg","hareubab","hareubap","hareubi","kaphe hareubi","hareudamama","hardamama","hareudam","hareudek","hareuem","hareum"
"https://res.cloudinary.com/basaaceh/image/upload/v1601345533/H/305s306_byufnu.jpg","hareuga","harega","areuga"
"https://res.cloudinary.com/basaaceh/image/upload/v1599690607/H/306_aeclhr.jpg","hareukat","hareutoe","hareuto","haria","hariya","haria peukan","harisa"
"https://res.cloudinary.com/basaaceh/image/upload/v1599690606/H/307_ytwbts.jpg","haroih","haroh","harok","arok","harok-harok"
"https://res.cloudinary.com/basaaceh/image/upload/v1601345533/H/307s308_a9jzry.jpg","haru-hara","haro-hara","harok-hara"
"https://res.cloudinary.com/basaaceh/image/upload/v1599690607/H/308_rau3ha.jpg","harut-harut","hasad","hasat","hase","ase","hasut","hat-hit","h'at-h'uet","hata","hatam","hatib","atib"
"https://res.cloudinary.com/basaaceh/image/upload/v1601345533/H/308s309_nunvea.jpg","hawa"
"https://res.cloudinary.com/basaaceh/image/upload/v1599690607/H/309_llxy9g.jpg","hayak","ayak","meuhayak","hayake","hajeuek","ayeuek","hayeuek","hayeuk","ayeuk","hayut","he"
"https://res.cloudinary.com/basaaceh/image/upload/v1601345534/H/309s310_ev2iqa.jpg","he-he","meuhe-he"
"https://res.cloudinary.com/basaaceh/image/upload/v1599690608/H/310_uleqzi.jpg","h'e","h'e-h'e","hee","h'eh","hek-hek","hok-hok","hek"
"https://res.cloudinary.com/basaaceh/image/upload/v1601345535/H/310s311_vagcdk.jpg","h'ek-h'ek"
"https://res.cloudinary.com/basaaceh/image/upload/v1599690608/H/311_acsjvn.jpg","hekeumat","hendi","heng","h'eng-h'eng","heue-heue","meuheue-heue","meuheu-heu","h'eueb-h'eueb","h'euep-h'euep","meuh'euep-h'euep","h'euh-h'euh","heuek-heuek","yeuek-yeuek","meuheuek-heuek"
"https://res.cloudinary.com/basaaceh/image/upload/v1599690607/H/312_war2jo.jpg","heut","h'euet","h'ut","hi","hi-hi","hih-hih","hihih","hib-hib","hibah","hibat","hidayat"
"https://res.cloudinary.com/basaaceh/image/upload/v1599690607/H/313_lgnl5a.jpg","hieh","h'ieh","hr'ieh","h'iem","hija","ija","hikayat","hila","hilam","hima"
"https://res.cloudinary.com/basaaceh/image/upload/v1601345536/H/313s314_uq5p9a.jpg","himat"
"https://res.cloudinary.com/basaaceh/image/upload/v1599690608/H/314_ekifxr.jpg","himbee","himbe","himpon","hina","hindu","hinduseutan"
"https://res.cloudinary.com/basaaceh/image/upload/v1601345536/H/314s315_gra3g1.jpg","hingga"
"https://res.cloudinary.com/basaaceh/image/upload/v1599690608/H/315_lsgciz.jpg","hinggu","hipaih","hipah","meuhipaih-hipaih","hiram","iram","hireuen","hireun","hireuet","hireut","meuhireut","hiro","hirom","irom","harom"
"https://res.cloudinary.com/basaaceh/image/upload/v1599690603/H/316_nsilmu.jpg","hirop","irob","hirup","hiru-biru","hisab","hisap","hit"
"https://res.cloudinary.com/basaaceh/image/upload/v1601345537/H/316s317_u6y8yo.jpg","ho"
"https://res.cloudinary.com/basaaceh/image/upload/v1601345537/H/317s318_lmk7w5.jpg","ho-ho"
"https://res.cloudinary.com/basaaceh/image/upload/v1599690603/H/318_fhrmvf.jpg","hob","hob-hob","hop","hop-hop","h'ob","hoh","h'op","hoi","hojah","hujah"
"https://res.cloudinary.com/basaaceh/image/upload/v1601345536/H/318s319_yhj4kw.jpg","hok-hak"
"https://res.cloudinary.com/basaaceh/image/upload/v1599690603/H/319_gvwxbm.jpg","hok-hok","meuhok-hok","h'ok-h'ok","hom","h'ong","meuh'ong"
"https://res.cloudinary.com/basaaceh/image/upload/v1601345537/H/319s320_ew6mwf.jpg","horeumat","hormat","horemat"
"https://res.cloudinary.com/basaaceh/image/upload/v1599690604/H/320_gkys78.jpg","hu","hubatan","hobo","hubo-hubo","hudom","hue"
"https://res.cloudinary.com/basaaceh/image/upload/v1601345530/H/320s321_txhhbd.jpg","h'ueh","h'uih"
"https://res.cloudinary.com/basaaceh/image/upload/v1599690604/H/321_jfqazh.jpg","huek","huk","h'ueng","hung","h'ung","h'uet","hugob","hugop","ugob","ugop"
"https://res.cloudinary.com/basaaceh/image/upload/v1601345530/H/321s322_nqv2t1.jpg","hukom","hukoem"
"https://res.cloudinary.com/basaaceh/image/upload/v1599690604/H/323_dswnlh.jpg","h'um","hum","humeui","h'ung","hunjo","hunoh","hunoih","hunyat","unyat"
"https://res.cloudinary.com/basaaceh/image/upload/v1601345530/H/323s324_v15vam.jpg","hurub","hurup"
"https://res.cloudinary.com/basaaceh/image/upload/v1599690604/H/324_yqhsrf.jpg","huyon","meuhuyon-huyon","uyon"
